time_s,fly,left_x_m,left_y_m,left_z_m,right_x_m,right_y_m,right_z_m,left_c_arbitrary_per_m3,right_c_arbitrary_per_m3,left_generic_rate_Hz,right_generic_rate_Hz,tarsal_food_contact
0.0,fly_1,0.0010557869014951177,-0.0028921520449137037,0.0011892794928333897,0.0010557875782076372,-0.0031078637411376254,0.001189288354044139,14480064.917294923,13586028.329212047,17.016119733482086,16.362952911200694,0
0.0,fly_2,0.0010557811454646466,0.0031078433814804313,0.0011892763948184882,0.0010557819189807602,0.002892131685313041,0.0011892865323654797,13586094.347184915,14480105.956961147,16.363001522329874,17.016149482150812,0
0.001,fly_1,0.0010562902148257176,-0.0028924267270080814,0.0011889218213413065,0.0010562455209900687,-0.0031081383716881467,0.001189064364887367,14496131.787139954,13600716.755350094,17.0176477434353,16.3647199304567,0
0.001,fly_2,0.001057955006255217,0.003107436143586914,0.001185332960804823,0.0010578991600432124,0.002891724487171776,0.0011854518499076442,13619515.420535985,14514979.403238848,16.378545078967235,17.03129233913889,0
0.002,fly_1,0.0010573730367357652,-0.002893261010925101,0.0011889939466274858,0.0010572165116507482,-0.0031089724268349365,0.0011893046118046432,14512782.629635151,13615335.677014172,17.019616106146735,16.366451744326316,0
0.002,fly_2,0.001062756910677642,0.003105474812110268,0.0011751769642573432,0.0010624908848642252,0.0028897632945689413,0.0011752569459115357,13684644.42954171,14582610.347570721,16.417336560017322,17.070076381791168,0
0.003,fly_1,0.0010593319726146411,-0.0028942628131105198,0.00118988643894976,0.001059047595853525,-0.003109973984431459,0.0011902680984667638,14532830.217938853,13633123.607337724,17.024054892544,16.370525507925162,0
0.003,fly_2,0.0010696148733750814,0.0031018289409388503,0.0011614017604023696,0.0010689956785744955,0.002886118182848442,0.0011612554434826485,13774741.970041871,14675842.344561988,16.474288233553047,17.127181948822077,0
0.004,fly_1,0.0010622526934898967,-0.0028950774906577356,0.001191855161448134,0.0010618648358229354,-0.0031107884953628503,0.0011922398461513338,14557846.699379835,13655839.990967518,17.032087499798223,16.37822146412034,0
0.004,fly_2,0.00107781847756184,0.0030965306762266824,0.0011459721520557591,0.0010767370843478815,0.002880822375521405,0.0011454284956023493,13882622.954480283,14787131.592081714,16.544009381970962,17.197036930876656,0
0.005,fly_1,0.0010660776623246878,-0.0028954052537561383,0.0011950676558714916,0.0010656431448978878,-0.003111116211870402,0.0011954278097450137,14588433.591685385,13684260.853456259,17.044130603058612,16.390092004720294,0
0.005,fly_2,0.0010866576412321702,0.0030897364617472763,0.0011302498342363287,0.0010850390578785716,0.0028740330415658703,0.0011292748076972814,14001512.583088323,14909218.268357564,16.62145307596878,17.27432177025743,0
0.006,fly_1,0.0010707055657308941,-0.0028953615018388655,0.001199165071971167,0.0010702766014242693,-0.0031110725905739807,0.0011994446307581922,14624092.99394998,13717910.254770342,17.059806199023342,16.405769723518247,0
0.006,fly_2,0.0010953358009777876,0.003081799481040502,0.001115067499212964,0.0010931695540566675,0.0028661031493399346,0.001113676157423124,14124015.904318998,15034603.126727771,16.70117636867378,17.353605583792394,0
0.007,fly_1,0.0010760817578157752,-0.0028951674017300972,0.0012032639046984613,0.0010757072768486618,-0.003110878757049402,0.0012033470737698817,14665093.067241658,13757057.422144627,17.0792880262475,16.42543241714347,0
0.007,fly_2,0.0011031489327969844,0.0030734022062931378,0.0011008118619222358,0.0011005029299984406,0.0028577139610273168,0.0010990467868185398,14242408.515468078,15155698.900778085,16.777563920679604,17.429462827366944,0
0.008,fly_1,0.0010820151817558196,-0.002895308123949649,0.0012073881395445693,0.0010816593888103214,-0.003111019526231762,0.0012073707141378883,14708178.831000347,13797684.730194062,17.100220814097693,16.44613059563402,0
0.008,fly_2,0.0011089175885011721,0.0030646847466949,0.0010880492677628512,0.0011058939388169584,0.0028490040454582878,0.00108599290606052,14347954.503338436,15263374.600675993,16.844338585728085,17.495439523726375,0
0.009000000000000001,fly_1,0.0010883936086139576,-0.0028960138804394898,0.0012115088653004654,0.0010879845382487476,-0.003111725179255391,0.001211444124478302,14751726.737694982,13838060.760553736,17.12143384140674,16.4665984282977,0
0.009000000000000001,fly_2,0.0011113593961519716,0.00305554120025452,0.0010778310740050523,0.001108084077752465,0.002839867515230658,0.001075449930500318,14431440.139795713,15348103.731487017,16.894946693420025,17.544872839776623,0
0.01,fly_1,0.001095178831403218,-0.002897277595474618,0.0012154532745840283,0.0010946435968611724,-0.003112988585689047,0.0012153183988039315,14795820.644094221,13878382.214508742,17.142985392124864,16.486980007829423,0
0.01,fly_2,0.001110734562391053,0.0030470059099706086,0.0010701431596176548,0.0011073828063507705,0.0028313385502170994,0.0010673339541824466,14489714.973125026,15407340.90507897,16.92724523864126,17.576090871077298,0
0.011000000000000001,fly_1,0.0011023505379413414,-0.0028990437440018376,0.0012189720412982181,0.0011016234647466944,-0.003114754062641805,0.001218715597163612,14841003.687431373,13919261.600523185,17.165261139655815,16.50772022202913,0
0.011000000000000001,fly_2,0.0011080694847992322,0.0030398922328557718,0.001064878560257655,0.001104809520299488,0.002824232236414684,0.0010614617586434468,14525541.565448726,15444429.350433875,16.943332598864338,17.59157278278023,0
0.012,fly_1,0.001109858046182647,-0.0029012754997195323,0.0012218439163941503,0.0011088810843717016,-0.0031169845615958204,0.0012214171414509228,14887507.757824033,13960967.04948156,17.188422112935406,16.529011386513062,0
0.012,fly_2,0.0011046199037411844,0.003034779997330397,0.0010618921733279332,0.0011015700113869964,0.0028191282296875157,0.00105782409811856,14544314.588375844,15464819.029853746,16.94716069089425,17.59524714168831,0
0.013000000000000001,fly_1,0.0011175931789313065,-0.0029039563323163416,0.0012239546141140725,0.001116316570837035,-0.0031196633225051337,0.001223321666844089,14934927.217678428,14003152.557073072,17.212174524455815,16.550600127584865,0
0.013000000000000001,fly_2,0.0011013150066891738,0.003031797294197973,0.0010610132370149946,0.0010985078053989275,0.002816154017742543,0.0010563621180890224,14551498.984369941,15473670.766204944,16.942697015066546,17.590803658063134,0
0.014,fly_1,0.001125386485373469,-0.0029070645882592087,0.0012253403866180448,0.0011237719161196994,-0.003122768525615119,0.0012244798390813442,14982214.622091476,14044890.988629539,17.235770856393735,16.571814953763663,0
0.014,fly_2,0.001099145795083022,0.003030195470937514,0.0010615681629676855,0.0010964819113310094,0.002814559214267545,0.001056523908860321,14557526.173065823,15480827.236231888,16.937439166949247,17.58520333892182,0
0.015000000000000001,fly_1,0.0011330141974940653,-0.0029106249908120246,0.0012261965327657043,0.0011310281746247813,-0.003126324890861198,0.001225126580093893,15027478.766720902,14084372.541045692,17.25787078061814,16.591352204300456,0
0.015000000000000001,fly_2,0.0010986821554474589,0.003028911726278756,0.0010629646454405645,0.0010959517664064205,0.0028132809218729352,0.0010577265986897195,14571447.173952537,15494857.052300218,16.937862488000935,17.5844764491942,0
0.016,fly_1,0.0011402572760374934,-0.002914552047503481,0.001226830362542301,0.0011378879458141566,-0.0031302470182493153,0.0012255647259327691,15069115.03235199,14120263.394643158,17.277346530840852,16.60825967557968,0
0.016,fly_2,0.0011000294108404116,0.003027222150321067,0.001064876894636797,0.0010969816142112091,0.002811598113924582,0.0010595363112815177,14597567.512923658,15519998.918994669,16.947019465443724,17.591579816716767,0
0.017,fly_1,0.00114695378179537,-0.002918626702639813,0.0012275932812920965,0.001144225036941368,-0.0031343161908073004,0.0012261322500296595,15106376.136866823,14152169.991052592,17.29368404442984,16.622267347498806,0
0.017,fly_2,0.0011030026945253806,0.0030244320952649744,0.0010668989573226232,0.0010993823349356403,0.0028088199197056655,0.0010614383059142742,14638423.651946027,15558838.641966313,16.96667882501323,17.608289991010736,0
0.018000000000000002,fly_1,0.0011530276113260627,-0.002922590171930608,0.0012287849844423908,0.001149996210467036,-0.003138274279412235,0.0012271380614124032,15139336.445890158,14180421.155314445,17.30695221005699,16.63362535638258,0
0.018000000000000002,fly_2,0.00110725478607197,0.0030199303840396357,0.001068544900715611,0.0011028386728242484,0.0028043374998251666,0.0010629108802461323,14695354.085381258,15612823.70475465,16.997737125601468,17.635568330746988,0
0.019,fly_1,0.0011585007092989373,-0.0029261811999640006,0.0012305691484620766,0.0011552469103789697,-0.0031418608198375843,0.001228766281147088,15168967.49200454,14206106.738115465,17.317851397433067,16.64312799321292,0
0.019,fly_2,0.0011118962433825429,0.0030139756282092514,0.0010706796594275975,0.0011065245911552088,0.0027984084561200025,0.0010648938460385245,14760458.601260483,15673876.775571413,17.03451132035213,17.667706201059694,0
0.02,fly_1,0.0011634942433847474,-0.0029291230130714927,0.0012328953206495097,0.001160114485749686,-0.0031447997669343283,0.0012309845489994703,15197348.966304237,14231313.092813432,17.327857516201718,16.65227898264154,0
0.02,fly_2,0.0011162929618081915,0.003007300289946483,0.0010736503875119565,0.0011099273541478574,0.0027917638764939296,0.0010677284383476164,14826060.565332863,15734856.964301515,17.0715202765424,17.69969196067394,0
0.021,fly_1,0.001168203222605736,-0.002931147109479511,0.001235512180532023,0.0011648002140421368,-0.0031468230257710806,0.0012335488590381244,15227382.871103514,14258849.543198384,17.339015635811663,16.663091048992396,0
0.021,fly_2,0.0011205327036778892,0.003001125098984133,0.0010763930984584304,0.0011133210925323889,0.0027856210921571806,0.0010702651564714575,14888997.03869171,15794207.41215864,17.106523535064948,17.73044261237645,0
0.022000000000000002,fly_1,0.0011728555300944917,-0.0029320640373392557,0.0012380876570457018,0.0011695193107770733,-0.0031477409709635704,0.0012361214653307216,15262003.161680814,14291442.848380601,17.35338055531337,16.67750609139005,0
0.022000000000000002,fly_2,0.0011248698100499084,0.0029964570378874364,0.0010780569058550151,0.0011170843670456434,0.002780982135875431,0.0010716156756212188,14947765.393456671,15851609.159679051,17.138472216721173,17.759744222241807,0
0.023,fly_1,0.0011776957005603596,-0.0029318640035653357,0.0012399838237674308,0.001174526952300891,-0.0031475451889868555,0.0012382171159770082,15304050.396262206,14331535.339087483,17.372927708670314,16.697250322168692,0
0.023,fly_2,0.0011294420593663576,0.0029942132590699043,0.001078467084454441,0.0011214171694072456,0.002778759563973373,0.0010716229353345172,14999447.857137296,15904710.895250319,17.16532744283775,17.785974906646977,0
0.024,fly_1,0.001182471556047943,-0.002929368082349115,0.0012395166181186446,0.001179853716159584,-0.0031450604931024754,0.0012383054928141043,15360351.017631609,14387269.908963261,17.402406977886017,16.728099363030033,0
0.024,fly_2,0.0011342178236069492,0.0029952218491598624,0.0010774576373424223,0.0011263049549669207,0.002779776663823213,0.0010702261373650341,15040383.453259561,15949883.766508803,17.18454110952072,17.806640448153555,0
0.025,fly_1,0.0011873267267604342,-0.002925509046884157,0.0012373102004149179,0.0011855300570281914,-0.0031412117761180575,0.001236509859424793,15426637.431389846,14454639.91718334,17.438775601902595,16.767136575630886,0
0.025,fly_2,0.0011383287434800274,0.00300479966128091,0.0010709265721851825,0.0011313196221985934,0.0027893212156911945,0.0010637538689372468,15047805.717971,15967040.275414001,17.180139615624945,17.807880403587113,0
0.026000000000000002,fly_1,0.0011926995680466806,-0.002922063645068562,0.00123459228582908,0.001191704204206373,-0.003137771532856509,0.0012337845954993466,15495591.770079732,14525040.815009218,17.47688557860221,16.80819988393955,0
0.026000000000000002,fly_2,0.0011414801900747106,0.0030212248840799684,0.0010600875338649977,0.0011359147318117002,0.0028056789068818797,0.001053724094950047,15025101.653727923,15956923.224073539,17.154590127658953,17.790291109091473,0
0.027,fly_1,0.0011988816827585666,-0.0029199998665574343,0.001232076301119362,0.0011984695989222464,-0.003135708106863215,0.0012309268586997773,15563446.814329803,14593302.53415868,17.514103450626482,16.847612398132846,0
0.027,fly_2,0.0011444558493699127,0.003039900022646778,0.0010482167822142767,0.0011403951301665288,0.002824286165499146,0.0010431461676309556,14992243.806328535,15936323.10187238,17.12198097135057,17.765528700320488,0
0.028,fly_1,0.0012058631955421827,-0.002919629575961327,0.001229904910210829,0.0012057178582409124,-0.0031353349089901375,0.0012282544112622391,15628441.544676173,14656750.72411967,17.549211924736163,16.88349353429922,0
0.028,fly_2,0.001148024299588656,0.0030573129533239085,0.0010376185722407278,0.0011452258237271147,0.0028416476681148474,0.0010341272608356258,14966188.45814135,15920380.12907472,17.094242431526148,17.74406568017215,0
0.029,fly_1,0.0012123110667752923,-0.00292147607498631,0.001227243704843956,0.0012120425440785404,-0.003137174689092111,0.0012248832525189525,15681026.494663602,14705945.012707561,17.575604965589314,16.90920121814658,0
0.029,fly_2,0.0011527974584959817,0.0030702768564593043,0.001027931868812801,0.0011508399579073048,0.0028545802780163237,0.0010262916840009888,14965806.533948455,15927017.495467337,17.08462158585356,17.738260598706766,0
0.030000000000000002,fly_1,0.0012175489364675293,-0.0029249766454369493,0.0012239939291111513,0.001216821073958963,-0.0031406627388613204,0.001220751200895159,15719379.287757587,14739624.263112387,17.592073175282835,16.92390384643079,0
0.030000000000000002,fly_2,0.0011584790773746122,0.0030777874651517862,0.0010200602080316235,0.0011569285369989022,0.0028620814604896874,0.0010202868002611065,14992694.442991352,15957951.229671713,17.094181158567935,17.749238080162094,0
0.031,fly_1,0.0012219660500936824,-0.0029277122156521258,0.0012203611337733822,0.0012207302356202585,-0.0031433885998426547,0.0012166589679387181,15756558.275824461,14771395.000577753,17.607696220068796,16.93723672716853,0
0.031,fly_2,0.0011648172049122992,0.003081262435240399,0.0010146093522175673,0.001163418505434315,0.0028655607240653325,0.0010161427806310173,15038272.513120499,16006638.98831974,17.11682500282085,17.77241566362654,0
0.032,fly_1,0.0012260514064971,-0.0029281063666965284,0.0012163515762440224,0.0012244637029556827,-0.0031437814229974322,0.0012127066820278168,15802968.182472296,14812520.895199277,17.629659741004257,16.957126460585485,0
0.032,fly_2,0.0011717915480304766,0.0030810568000605235,0.0010123255978302349,0.0011703003870304034,0.002865362810030961,0.0010146526282940388,15099947.722178448,16070437.013871577,17.15066802724924,17.805907133169626,0
0.033,fly_1,0.001230056839684974,-0.0029257691884626937,0.0012114668778596459,0.001228332966154706,-0.0031414506134257803,0.0012082908500378436,15863078.950208098,14867853.20322558,17.661006968594116,16.986943704618533,0
0.033,fly_2,0.00117904076371165,0.003077300147135924,0.0010140079076642172,0.001177221860378596,0.002861612189401007,0.0010166408614401513,15173849.931028958,16145249.0687336,17.192938757077457,17.846837858351243,0
0.034,fly_1,0.0012339545412456254,-0.0029210407234612885,0.0012052225346522174,0.0012322819620827806,-0.0031367325915180226,0.001202823263946095,15936169.29525658,14936654.517251588,17.701181947990015,17.026112294858574,0
0.034,fly_2,0.0011864788973846023,0.00307052499295375,0.0010188266044966416,0.0011840967132509936,0.002854845159204935,0.0010216674634544315,15258331.284891322,16228814.144938387,17.242430679868917,17.893608478002378,0
0.035,fly_1,0.0012366476697585108,-0.00291395036971407,0.0011964341056657606,0.001235208299229775,-0.003129653546477776,0.001195167727638845,16017149.14679047,15014108.254842259,17.746630642250395,17.07120248288431,0
0.035,fly_2,0.0011938806939919067,0.003062157397821161,0.00102540931943237,0.001190857337866443,0.002846485677829566,0.001028256156341397,15347496.485633861,16316551.105831476,17.294994400878366,17.943049658928377,0
0.036000000000000004,fly_1,0.0012363981139847792,-0.0029038994319361094,0.0011839409736502297,0.0012354322133068696,-0.003119608504962338,0.0011843868624551392,16099312.179752309,15094228.497789457,17.792723342136785,17.11799621762442,0
0.036000000000000004,fly_2,0.0012010838920726225,0.003053619509103674,0.0010322143282754347,0.0011974985574531515,0.0028379532733602757,0.0010348135786904214,15436090.747376418,16404521.675232172,17.34696408528046,17.992460120367483,0
0.037000000000000005,fly_1,0.0012324246161185216,-0.002891018286805039,0.0011675516212523583,0.0012321960339627244,-0.003106714034468308,0.001170164695488196,16176818.287906967,15172049.300933339,17.835466065744637,17.16302390285371,0
0.037000000000000005,fly_2,0.001207996089493458,0.003045970818842883,0.0010381408744868622,0.0012040268634064507,0.002830306442690829,0.001040299130726585,15520308.158612967,16489648.713364013,17.39571214572271,18.039750356019717,0
0.038,fly_1,0.0012241407153432656,-0.0028736451463150436,0.0011491289819672863,0.0012252542654542016,-0.003089308078054988,0.0011535782342935695,16249336.360954735,15251404.180848628,17.874656871421063,17.20896026389483,0
0.038,fly_2,0.0012145392290472126,0.003039960246921959,0.0010425773999462068,0.0012104104052359493,0.002824294637391251,0.0010442607437804888,15597109.456282448,16569034.330783872,17.43916519079294,18.082972982145662,0
0.039,fly_1,0.0012119880511857913,-0.0028491885120415805,0.001131495994748003,0.0012155713926911289,-0.0030648142332534217,0.0011364198126071598,16325864.552153982,15346639.514047435,17.91644054100628,17.265739968687253,0
0.039,fly_2,0.0012209857366358233,0.003035957487981161,0.0010451948833955908,0.0012169145342378657,0.002820288181303821,0.0010465031016995974,15667025.023211064,16643129.623948384,17.477725625425713,18.12246240215537,0
0.04,fly_1,0.0011964477193566584,-0.0028210359843303455,0.0011162716313286116,0.0012032403606050933,-0.003036602357963975,0.001120337901129947,16390421.8317785,15439361.303172491,17.949950834033352,17.32056130763447,0
0.04,fly_2,0.0012277149521576888,0.00303412013085361,0.00104580166477425,0.001223885623725503,0.00281844545438684,0.0010469445302488528,15732051.313731646,16713726.294615302,17.512798302659803,18.15945343226355,0
0.041,fly_1,0.001178725525674573,-0.002790264953054115,0.0011015458759130303,0.001189267045104728,-0.003005706736712236,0.0011038372050232747,16449167.05369493,15533238.550055612,17.97941558854383,17.37596901060739,0
0.041,fly_2,0.0012350355753738597,0.003034455149786175,0.0010443241591133264,0.0012315876666889396,0.0028187747110982216,0.0010455875908895183,15794235.89568342,16782582.826447576,17.545810287186814,18.195146932656613,0
0.042,fly_1,0.0011615139746210857,-0.0027573506676181873,0.0010842366975247842,0.0011760724317958946,-0.0029725693464845164,0.0010849491289261941,16523490.699278742,15644786.774016252,18.019326935068513,17.443317689393634,0
0.042,fly_2,0.0012430739676503057,0.0030361770332020207,0.001041500746441012,0.0012401098663056638,0.002820489811735577,0.001042832123954894,15856858.01576268,16853257.231385153,17.579019838955336,18.2319420728804,0
0.043000000000000003,fly_1,0.001146288282461548,-0.00272448954457076,0.0010645836013417592,0.0011647758604598085,-0.0029394074959347774,0.0010644435726569414,16613169.69950779,15769858.705347622,18.069459546723074,17.519655291996813,0
0.043000000000000003,fly_2,0.0012518270471202659,0.0030386308133219654,0.0010383520067331299,0.0012494042303826005,0.0028229360617468783,0.0010395520353984964,15921312.464076864,16926949.477166697,17.61337859823493,18.27063530788715,0
0.044000000000000004,fly_1,0.001133911287873894,-0.0026936416434607067,0.0010437431791482082,0.0011560476895437267,-0.0029082140853111133,0.0010433155271329549,16713768.026349612,15902482.112725876,18.12674681229597,17.60081028437543,0
0.044000000000000004,fly_2,0.001261083225510354,0.0030414794127765865,0.0010359305534178795,0.0012592094797759807,0.0028257786503052035,0.0010370287851636352,15986096.003604563,17001176.868653692,17.647853321000007,18.309551456251196,0
0.045000000000000005,fly_1,0.0011248512039248586,-0.002665813497059295,0.001022934113204257,0.0011503326061244282,-0.0028800137925055263,0.0010222503446238596,16822641.930123188,16040395.555231385,18.18935270426534,17.685190526363634,0
0.045000000000000005,fly_2,0.0012709037895322149,0.0030450626399624757,0.0010341384149659021,0.0012696962283818298,0.0028293556074537804,0.0010348826522541292,16050120.236585971,17076175.191743053,17.6817018492646,18.348845836303386,0
0.046,fly_1,0.0011192093294666616,-0.002640621209283122,0.0010020931272747818,0.0011478150129222533,-0.002854424608932483,0.001000928164101684,16943024.357014336,16187704.17125655,18.25939195739653,17.775548328425373,0
0.046,fly_2,0.001281398227445846,0.0030494996349661446,0.0010323481910062932,0.0012810760537228909,0.0028337882030713803,0.0010322465997496958,16114513.25721067,17154337.88090521,17.715694526708837,18.390109902851684,0
0.047,fly_1,0.0011170337168102439,-0.0026170233736414004,0.000980594505174244,0.0011486605419617514,-0.002830393391653048,0.0009784695789812994,17081535.5614933,16352299.1601099,18.341208612033945,17.877156907442192,0
0.047,fly_2,0.0012922939931379,0.0030537532340371236,0.0010307796621866372,0.0012929655247019343,0.002838045426081674,0.0010296721427991084,16182124.524758663,17236946.900841743,17.751762774787366,18.434180820004634,0
0.048,fly_1,0.0011181967641443358,-0.0025941784391557594,0.000957528672196243,0.0011527928193497163,-0.002807067660607282,0.0009539470076710236,17243029.40393757,16539560.794266038,18.43790379289826,17.993507404414355,0
0.048,fly_2,0.0013032617313922293,0.0030563860274251003,0.0010300507857780516,0.001304853593430151,0.0028406898025667114,0.0010280159580526877,16256830.183267877,17325913.148351,17.792516028848024,18.482304019122317,0
0.049,fly_1,0.0011224881168155143,-0.00257124287372173,0.0009317573860348972,0.0011600283894667074,-0.002783593814922824,0.0009263405911279408,17432048.14573121,16754241.864867888,18.552308264401503,18.127594038677998,0
0.049,fly_2,0.0013141233602749825,0.0030524198173728662,0.0010327592802154397,0.00131586056154753,0.002836725081886288,0.0010306858333523062,16357788.238484107,17433535.494837888,17.85085774563648,18.542583043884093,0
0.05,fly_1,0.001129625731841473,-0.0025479769603793945,0.0009023724907526706,0.0011700485446919096,-0.002759736413865079,0.0008949249389748499,17649466.132433873,16996796.02808869,18.68476220403545,18.27945843454107,0
0.05,fly_2,0.001325067655454176,0.0030435973090877687,0.0010390502717679375,0.0013263421068831645,0.0028278962363336895,0.0010373301109977775,16477735.208052307,17554628.133325104,17.921749218059944,18.611488475573548,0
0.051000000000000004,fly_1,0.0011390632102689093,-0.0025245610096363484,0.0008685601652951444,0.001182288521043638,-0.002735691834477602,0.0008592390453484776,17891980.950643733,17263348.03918024,18.832830863902366,18.446236346517843,0
0.051000000000000004,fly_2,0.0013364844126191554,0.0030336831577468704,0.0010467374230857247,0.0013370129535137418,0.0028179755491441333,0.0010455191447136544,16604426.169029128,17680123.61420367,17.99685207688374,18.682973314936483,0
0.052000000000000005,fly_1,0.001149472230493171,-0.0025021725744800954,0.0008327292259838863,0.0011952928414108914,-0.0027127194156074995,0.0008226279749138831,18140657.535362333,17532752.846972052,18.983904569930743,18.613694091431874,0
0.052000000000000005,fly_2,0.0013487885734196877,0.0030253648296701403,0.0010529401373006006,0.0013484865343009714,0.0028096539177008407,0.0010524429486801874,16732261.702419382,17806298.8980037,18.07237562609532,18.75456902645316,0
0.053000000000000005,fly_1,0.0011603235965235207,-0.002483435476690524,0.0007997618018640297,0.0012081879476113712,-0.0026935510985610037,0.0007901719474490108,18372380.3022548,17778516.76232675,19.122914306599107,18.764392506845567,0
0.053000000000000005,fly_2,0.0013622439369568844,0.003019618955942197,0.0010557718260263541,0.0013611122631440062,0.002803910866371159,0.0010562965876626884,16861516.53755242,17934282.292514473,18.14849663132614,18.827009888671345,0
0.054,fly_1,0.0011714088113192775,-0.002470549417885107,0.0007741735078497134,0.001220428257939869,-0.002680461384422494,0.0007660743644259682,18569258.302020736,17979962.851802364,19.23846390184726,18.885052189885798,0
0.054,fly_2,0.0013764765186357402,0.0030170589375449306,0.001055148368895443,0.0013746556647580728,0.002801360588732545,0.0010567113076489917,16986752.786089167,18060077.777752604,18.221588886942442,18.89768065455859,0
0.055,fly_1,0.0011830812794937512,-0.0024638713082366375,0.000757078127296186,0.0012322753430804392,-0.0026738003878670055,0.000750654607999405,18731102.250229724,18136823.529362082,19.330738991270685,18.97589983848661,0
0.055,fly_2,0.0013909225725190469,0.0030178165662905036,0.0010512973338697774,0.0013885953398623519,0.002802133452936338,0.0010539268906378182,17102896.48217941,18178669.85102635,18.288312978486097,18.963336693038016,0
0.056,fly_1,0.0011956142570270429,-0.0024630503498519487,0.00074841381149773,0.0012439125989029678,-0.002673222333351206,0.0007432617739585588,18861782.47168473,18252724.777918547,19.402493433895188,19.039629467546014,0
0.056,fly_2,0.0014054848287706585,0.0030214629242068694,0.0010444014004215882,0.0014028483601594291,0.0028057982005393355,0.0010480499570470073,17210858.902543318,18291190.864767127,18.349328660443483,19.02475742312671,0
0.057,fly_1,0.0012087284529400718,-0.0024672591542748076,0.0007470381136619092,0.0012550561830902557,-0.0026778890918208323,0.0007425318074949646,18964180.265471295,18330912.96519842,19.45577884039439,19.078599591228713,0
0.057,fly_2,0.0014208158757915913,0.003027871668035299,0.0010342891496188857,0.0014182164072753826,0.002812215164405672,0.001038418456153694,17315765.467726067,18405244.499058582,18.40806770306685,19.086895265342445,0
0.058,fly_1,0.0012212003496121881,-0.002474974458816559,0.0007512267413538228,0.0012648368597747445,-0.0026861930564621352,0.0007474724163479243,19037487.096730083,18373375.86948662,19.49023800524221,19.094282170077406,0
0.058,fly_2,0.001437394385929663,0.0030367849966865144,0.0010206864684468094,0.0014352628178093748,0.002821118144547545,0.0010245337106535224,17422391.045230944,18526990.501054198,18.46769188083666,19.15371233805117,0
0.059000000000000004,fly_1,0.001232661027001883,-0.0024858080193775264,0.00075894766131925,0.0012730693779837595,-0.0026976843439188106,0.0007562785347612751,19082883.30813861,18382878.73043342,19.506760781762893,19.088598906131487,0
0.059000000000000004,fly_2,0.0014556365527357569,0.003047596719922978,0.0010027752115234839,0.0014544118572673494,0.0028319056651093283,0.001005496417352743,17537842.578698043,18664011.804871805,18.53285801726681,19.23003416266917,0
0.060000000000000005,fly_1,0.0012434115388434812,-0.002497849881408156,0.000769463949064484,0.0012803908037009883,-0.0027103632821601567,0.0007680064037997778,19112363.902481228,18375040.84028779,19.513100095476812,19.071740786892512,0
0.060000000000000005,fly_2,0.0014757847850070077,0.003059147389571913,0.000979480430741931,0.0014757908282331887,0.0028434371804304734,0.0009802814316260764,17671415.875880234,18824736.486448713,18.60959793598147,19.321155808796227,0
0.061000000000000006,fly_1,0.0012537681203692967,-0.002508799615426024,0.0007817443253284977,0.0012874531939282342,-0.0027218645127824563,0.0007812956599715058,19140622.894356415,18368204.423924427,19.518663848140875,19.05560170000023,0
0.061000000000000006,fly_2,0.0014977431504825602,0.0030700173374350447,0.0009498676196965966,0.0014990963561665376,0.0028543169156007193,0.0009481261198685193,17831292.40442598,19015300.891843,18.70312838203847,19.430815151749798,0
0.062,fly_1,0.0012640982555336413,-0.0025166929872808656,0.0007940784695359319,0.0012949451805840176,-0.002730187635193571,0.0007942746692989964,19182515.045425646,18380158.463111848,19.532899852104595,19.051669036657607,0
0.062,fly_2,0.001521295693996751,0.00307834423997977,0.00091344184075333,0.0015238141307192137,0.002862694724017535,0.0009089163895593427,18026659.87248537,19241683.780300386,18.819221273854573,19.56255883524206,0
0.063,fly_1,0.0012739882951778411,-0.002517941053101012,0.0008067095890718347,0.0013030156274697448,-0.0027316904494972555,0.0008070910167026485,19251847.005544454,18430137.971192636,19.564518682161985,19.072296289322423,0
0.063,fly_2,0.0015459529388485971,0.003082700513007197,0.0008703873876969666,0.0015491840218024833,0.002867127260201093,0.0008633682179225936,18261582.674152173,19504611.33748422,18.960198836368786,19.7165080665808,0
0.064,fly_1,0.001283384654963368,-0.0025104649657781124,0.0008211965520867149,0.001311944170581771,-0.0027242775431149126,0.0008214645204015805,19356122.903874457,18528519.511763543,19.618146057913336,19.12401043051563,0
0.064,fly_2,0.0015709873362960113,0.0030825566509122574,0.0008220210070829326,0.0015742933018835538,0.0028670442794208437,0.0008133593506327009,18531857.004255988,19797078.698085792,19.12296913157988,19.887882197645467,0
0.065,fly_1,0.001293201095017726,-0.002495486028848315,0.0008374573111581201,0.0013225046685072799,-0.0027091980118329182,0.0008376150334200075,19497029.828072846,18674905.83221206,19.694651529061716,19.206294317972397,0
0.065,fly_2,0.0015953000857313764,0.003078367442133047,0.0007709169219602631,0.0015980505038227168,0.002862900981599193,0.0007610085642700909,18823212.736254655,20104625.555717573,19.29802566207242,20.067325608667517,0
0.066,fly_1,0.0013042345273105247,-0.0024755532481099745,0.0008540992875667213,0.0013351365309289785,-0.002689040015016566,0.0008541492367071551,19671034.887657493,18862214.477883622,19.791569854165317,19.314292602802794,0
0.066,fly_2,0.001616158908157068,0.003071928266703373,0.0007278038151474067,0.0016180736981413978,0.0028565746286628494,0.0007155286316942804,19090207.225462034,20383779.776805356,19.45624399343747,20.227698693593574,0
0.067,fly_1,0.0013154391150120262,-0.0024526494778371885,0.0008704423949380202,0.001348468696530472,-0.0026658174451718464,0.0008704627396512775,19861396.264228094,19071191.623596817,19.898170380804316,19.43543113456294,0
0.067,fly_2,0.0016320677734951833,0.003064694942287842,0.0006992114631423591,0.0016331110110310355,0.002849457586625612,0.0006849521381318622,19305216.60927522,20605701.634342045,19.58040959303827,20.351507915150066,0
0.068,fly_1,0.0013260680140694805,-0.002428654209204055,0.000886343786519109,0.0013614573033487757,-0.0026414431481046052,0.0008863031335359465,20053195.685248367,19284701.16280309,20.005023543255284,19.558675199489436,0
0.068,fly_2,0.0016422556806987717,0.0030587017494978505,0.0006868368491419139,0.0016426901219761373,0.0028435745488154395,0.0006709738496113431,19448803.414856073,20753238.794571746,19.658736714186062,20.428722270029034,0
0.069,fly_1,0.0013356788273721212,-0.0024056356151446493,0.0009011768533844794,0.0013733728038465944,-0.0026180283771650003,0.0009010554215553989,20233798.984585397,19487347.04904467,20.10427662068944,19.6742852466527,0
0.069,fly_2,0.0016466411462725283,0.00305543300009531,0.0006897764508237068,0.0016469208512204104,0.0028404153576465628,0.0006724885600412762,19512452.966831416,20819990.60156802,19.686352065294123,20.45592013277963,0
0.07,fly_1,0.001345123590109692,-0.0023858431308620286,0.0009139095330252871,0.001384802046345692,-0.0025978739258656672,0.0009135964074379266,20401287.818604246,19673997.090154834,20.19483346284587,19.779136861391343,0
0.07,fly_2,0.0016458989282856515,0.003055134631145345,0.0007040014578704145,0.0016464310821799495,0.0028401925535824547,0.0006858037637318125,19504430.212749384,20814311.16147712,19.668799733244335,20.438583759546248,0
0.07100000000000001,fly_1,0.0013552359612787749,-0.002370818611512897,0.000924465136290706,0.0013964448451358616,-0.002582555963589598,0.000923654214851322,20555546.958435394,19842787.224469908,20.276722753991145,19.87219683379312,0
0.07100000000000001,fly_2,0.0016412768583361833,0.0030577137520815187,0.0007250095477750976,0.0016423469864249433,0.002842786139967738,0.0007066652749979478,19440238.187501095,20751442.99016448,19.615982926396477,20.38622867644153,0
0.07200000000000001,fly_1,0.0013666833602102334,-0.002360953599297521,0.0009333067246353621,0.0014089934498245716,-0.002572468334478467,0.000931601120653878,20699649.19750677,19996668.29268806,20.35192729289453,19.955441245460577,0
0.07200000000000001,fly_2,0.0016342610494893663,0.0030622559303905405,0.0007488402072748751,0.0016359351842099102,0.0028472918412905633,0.0007309747759300915,19341852.79876978,20652669.139543988,19.541759444045656,20.31195639169424,0
0.07300000000000001,fly_1,0.001379844429472039,-0.0023559718226966904,0.0009415448948609749,0.0014229148565266692,-0.0025673186215509833,0.0009385440792792902,20836095.30539612,20138833.326697104,20.422048406626224,20.03096084224076,0
0.07300000000000001,fly_2,0.0016268416685157419,0.0030657480481404457,0.0007722689501130909,0.001628740669925557,0.0028507333815748262,0.0007550462057875902,19246688.84352401,20553537.371030014,19.46969282780384,20.237605696325605,0
0.07400000000000001,fly_1,0.0013939947560675844,-0.002354564720505427,0.0009501992192231559,0.0014376606752993977,-0.0025657609975099304,0.0009456214420487636,20963012.95325189,20269432.3927961,20.485993352311873,20.098928299141996,0
0.07400000000000001,fly_2,0.0016196711156950452,0.003065472316016525,0.0007947755926070942,0.0016211028292167896,0.002850413573156413,0.000778065617065507,19176321.97454334,20473871.670925476,19.413393195600037,20.175372411850606,0
0.075,fly_1,0.0014081483440969308,-0.00235489356832113,0.0009600611697968606,0.0014523407842973732,-0.002565950636450352,0.0009542751358695614,21079203.63468413,20387725.06481815,20.54309193547296,20.15896051435677,0
0.075,fly_2,0.0016135825383086881,0.0030599556985175134,0.0008159718629615263,0.001613652638358465,0.0028448857397002036,0.0007993452617729399,19145920.715174735,20428099.313474573,19.382424361600695,20.134134389167187,0
0.076,fly_1,0.0014215491839414418,-0.0023546926366084108,0.0009706572461416949,0.0014662812181098035,-0.002565633063062287,0.0009647650841108216,21190139.239801757,20499165.98545768,20.59673084181148,20.214491183713136,0
0.076,fly_2,0.0016088579987175592,0.0030500408503088467,0.0008345067828114881,0.001606776666188743,0.0028350052808810257,0.0008175684268541331,19154577.12113759,20416307.079475045,19.376164602817546,20.113915034478556,0
0.077,fly_1,0.001434296850840336,-0.002352843628957807,0.0009817935120234765,0.0014795834850882576,-0.002563687014496627,0.0009767216780549547,21302581.57510767,20611043.196678534,20.65103627725972,20.270037253435426,0
0.077,fly_2,0.0016045630438772164,0.003037984148234121,0.0008494351134847827,0.0015998747262290088,0.0028230431502325798,0.0008318304827726172,19183845.38980363,20422129.08250062,19.382916061630524,20.104599608717546,0
0.078,fly_1,0.001446640006104542,-0.002350092820508773,0.0009949730111784958,0.0014923480592166723,-0.002560872266041697,0.0009911868273065132,21411751.856295556,20717952.91697316,20.703114165473586,20.322286752001727,0
0.078,fly_2,0.0015997058737403642,0.0030277106160324506,0.0008602756425923996,0.0015924925388517543,0.002812906541487437,0.0008418714766122337,19204641.398067076,20420128.73875407,19.3843447767272,20.09053858360501,0
0.079,fly_1,0.0014588983982919055,-0.0023472859777381866,0.0010108986238725806,0.0015047406335489237,-0.0025580574479717798,0.0010085720880378564,21514411.84598299,20815495.423528805,20.751032603631273,20.3685793386741,0
0.079,fly_2,0.0015934216855116453,0.003022379090303149,0.0008688647810239512,0.0015841985328573372,0.0028077081036502836,0.000849816502587803,19189574.746737003,20385762.690717578,19.363277705239156,20.056693663250435,0
0.08,fly_1,0.0014708287459295221,-0.002343393983877193,0.0010267215421272606,0.00151654900550553,-0.002554203725608072,0.0010260532439580992,21619580.116157863,20913050.15607526,20.800246966391125,20.414682853478237,0
0.08,fly_2,0.0015867974167254348,0.003021904185971543,0.0008776274128481662,0.0015761767724200404,0.002807328039746864,0.0008582414552323021,19143520.46094065,20325108.447334144,19.322836042043214,20.006830906027854,0
0.081,fly_1,0.0014816994914967482,-0.0023382171660365878,0.001039774288213213,0.001527063619772204,-0.002549100808204265,0.0010410862709431786,21727944.566670816,21011381.124800485,20.85115683408162,20.46106255259724,0
0.081,fly_2,0.0015841764690044799,0.003026568617016623,0.0008919871753609106,0.0015729258879668127,0.0028120234511726833,0.0008726136830042891,19088080.21383853,20263034.939296238,19.276609569305265,19.95622417938698,0
0.082,fly_1,0.0014914818162494413,-0.00233277154487233,0.0010486342952106423,0.001536210932190346,-0.0025437656118417057,0.0010521479624755175,21837630.47806589,21108063.363967516,20.90262509195359,20.50624423285325,0
0.082,fly_2,0.0015857232134245595,0.003034584969242484,0.0009115520995596144,0.0015744015738611465,0.002820003849202008,0.0008926233022773798,19034913.231985133,20209304.839906294,19.23192468744596,19.910865081447813,0
0.083,fly_1,0.0015007112738383117,-0.0023286727356558964,0.0010528423272167429,0.0015444684330491523,-0.0025398232108044916,0.0010585277321363766,21946451.511001773,21200251.582294106,20.95334213261624,20.54851542136727,0
0.083,fly_2,0.0015904007208925833,0.003043966286922268,0.0009321429567591718,0.0015793362819489522,0.002829304286747223,0.0009139952340785641,18994369.80177745,20171994.545303058,19.195280250074866,19.875704415909542,0
0.084,fly_1,0.0015101119787946967,-0.002327433454809471,0.001052468817322121,0.0015525209209769132,-0.002538797628972624,0.0010600979371989143,22053032.643262576,21285950.762821972,21.002496111582374,20.586694879679214,0
0.084,fly_2,0.0015968283215167807,0.003053796715226858,0.0009495399905962114,0.0015863228222802478,0.00283902455173589,0.0009323909894013709,18968808.77726543,20152863.429169994,19.16814584022883,19.85180364987914,0
0.085,fly_1,0.0015202269330150129,-0.002330019107114852,0.0010478398333651758,0.001560947538848259,-0.002541653177271014,0.0010570261588814525,22156392.68575907,21364411.983470723,21.049518137292644,20.620363242700886,0
0.085,fly_2,0.0016032620341936866,0.0030632579563864147,0.0009613780639480319,0.0015936014588779446,0.002848350865488785,0.000945467327533039,18954678.99295768,20147405.36078125,19.148273178441272,19.836371982934182,0
0.08600000000000001,fly_1,0.00153115525313014,-0.0023366061497803736,0.0010395315920283554,0.0015699611675007565,-0.0025485465402656287,0.0010498712176307875,22254869.23559022,21435051.5040534,21.09344273644041,20.649203244325264,0
0.08600000000000001,fly_2,0.0016096766224958598,0.0030679840305495886,0.0009681965109040179,0.0016006060089742552,0.002852980264768562,0.0009532753635922444,18976445.496530604,20176223.054139502,19.1509801685265,19.84199541926995,0
0.08700000000000001,fly_1,0.0015425744457491927,-0.0023467788326949138,0.0010286665446195466,0.0015793916218884618,-0.0025590369440260307,0.0010397356765664482,22344701.325536296,21495920.05156399,21.132076387730113,20.672079546858814,0
0.08700000000000001,fly_2,0.0016173507877186273,0.003063496883934059,0.0009718112534709023,0.0016079297270733626,0.00284848337685263,0.0009572520173768238,19066563.558112383,20267256.897260055,19.196468552761594,19.885637777807485,0
0.08800000000000001,fly_1,0.0015538035084691083,-0.002359766340103702,0.0010173251536616883,0.0015887026159067455,-0.0025723376824668487,0.001028595143580349,22418604.11312095,21541938.700970903,21.161172213153222,20.685989266019387,0
0.08800000000000001,fly_2,0.001625960385530125,0.0030511797004545253,0.0009729194216601686,0.0016152662482750782,0.0028362295917408026,0.0009583036028630755,19214100.864953637,20409131.0474545,19.277589388002642,19.960070411043382,0
0.08900000000000001,fly_1,0.001564323962322533,-0.002374717787458357,0.0010077531745299735,0.00159747305634425,-0.0025875887546325197,0.0010186446788639175,22470996.465066954,21569141.37428398,21.177519940410345,20.688613006518025,0
0.08900000000000001,fly_2,0.0016350641039924987,0.0030353336977537106,0.0009726540900775508,0.001622567570261648,0.00282049373313976,0.0009578499617286498,19389292.014406554,20574461.551860165,19.37547911668903,20.048360308512006,0
0.09000000000000001,fly_1,0.0015737820925994953,-0.0023908788988857596,0.0010012675987447865,0.0016053548440531306,-0.0026040225608475417,0.001011488983090807,22499634.779084813,21575257.583469734,21.179883582290138,20.678650546188187,0
0.09000000000000001,fly_2,0.0016449352146692725,0.003020632538906278,0.0009716181159185759,0.0016305019750665962,0.002805902024936537,0.0009569885591364009,19565966.71938068,20739784.59747359,19.473742974344198,20.136162158490002,0
0.091,fly_1,0.0015818540191855437,-0.0024076334875560157,0.0009987611413081,0.0016120195609328556,-0.0026210215703899044,0.0010080939952311612,22502955.64816478,21558957.629874814,21.167419015192685,20.655357787913033,0
0.091,fly_2,0.0016556881960947845,0.003010344679888955,0.0009703721668587881,0.0016394588795201703,0.0027956804306313093,0.0009566825598172044,19724656.02344232,20887551.309255026,19.560369579889574,20.212906370911597,0
0.092,fly_1,0.0015885937788080752,-0.0024243795641979552,0.00100005480729904,0.0016175174848920319,-0.0026379829918691173,0.0010083331453134125,22485190.588951007,21524492.903067537,21.14266517048245,20.621311856480553,0
0.092,fly_2,0.001667016563603796,0.0030055321198540507,0.0009698605732392352,0.001649256438943593,0.002790882330387274,0.0009579617573022078,19854647.808230005,21007869.252662838,19.628901619911122,20.272766603323095,0
0.093,fly_1,0.0015940967834709864,-0.0024402472728017105,0.0010043558776831026,0.0016219920357867655,-0.0026540319985755454,0.0010113902142421425,22453831.093679383,21479958.925961826,21.110047188107192,20.58136770176074,0
0.093,fly_2,0.0016790813009422503,0.003005956421302088,0.0009718494094738459,0.0016601438042991906,0.0027912887111464103,0.0009623267310589964,19954687.498161525,21100602.56494621,19.678745698271065,20.315819367121843,0
0.094,fly_1,0.0015984925689840306,-0.002453657415399415,0.0010105195749768195,0.0016256837925435693,-0.002667575373671441,0.0010161124684000377,22421435.393111378,21439115.462709554,21.076938280131188,20.543748841900147,0
0.094,fly_2,0.0016926576078846545,0.0030110967472930564,0.0009776489168421578,0.001673038397977819,0.002796392837841676,0.0009706593649462788,20030654.239294514,21173828.064684585,19.713655157065986,20.34703160724852,0
0.095,fly_1,0.0016025145306768748,-0.0024619657874432395,0.0010167130349287659,0.0016294792135320621,-0.002675947865876767,0.0010207270048548144,22413413.803517777,21428622.276787795,21.05821393486667,20.52435989481788,0
0.095,fly_2,0.0017086300360425618,0.0030194891990091887,0.0009862220470145337,0.0016887856116219022,0.002804743039352726,0.0009815506768735068,20099483.450669795,21245267.7951528,19.744082127313636,20.377068496476404,0
0.096,fly_1,0.0016066505412989855,-0.002464455767805843,0.0010206523408850207,0.001633768443500832,-0.0026784332229574464,0.0010237834802615084,22443506.84077713,21459228.372769352,21.061857591645293,20.529548946899137,0
0.096,fly_2,0.0017272652648128647,0.003028670074823271,0.000996309754520982,0.0017074565315589822,0.002813887997478975,0.0009935152410882576,20180170.386818293,21332766.58368334,19.781636056043965,20.4165681190862,0
0.097,fly_1,0.0016108728813188625,-0.002462584940512991,0.0010195850464670042,0.0016384144991122786,-0.0026764988111256664,0.0010233067685960161,22510003.50468211,21525971.127346847,21.08675488531434,20.556239305092646,0
0.097,fly_2,0.0017482229768621775,0.003035830587074398,0.0010064511948516847,0.0017284566232779904,0.0028210307142093774,0.0010050940471307383,20290169.697267972,21451407.457051076,19.836875685923424,20.474415390388593,0
0.098,fly_1,0.001614972979668043,-0.002458211515127805,0.0010123311195386333,0.0016430673021592757,-0.0026720250366888856,0.0010174323946918272,22603657.419666022,21619434.125758205,21.12737715845722,20.598696897617817,0
0.098,fly_2,0.001770758210891419,0.0030392856172295206,0.0010154329343400191,0.0017508850053833916,0.0028244916090734633,0.0010150783502569038,20437168.636155978,21607228.613140866,19.91430123922918,20.554011313412634,0
0.099,fly_1,0.001619814569689819,-0.0024526352393938436,0.0010005933604541326,0.0016484942975831475,-0.0026663248331439617,0.001007358469296898,22720971.487304874,21735901.71055627,21.181564123262888,20.65459370354028,0
0.099,fly_2,0.0017939736806488944,0.003039306653857417,0.0010228874393974122,0.0017738684431898662,0.0028245339582898747,0.001022955499285898,20614222.387955565,21793507.08974757,20.00948059217265,20.65114535795758,0
0.1,fly_1,0.0016288661512521086,-0.002444085293051148,0.0009904168044343928,0.0016584187835746473,-0.0026575899566989238,0.0009990154374792213,22889096.57681418,21904425.772252552,21.264889780612656,20.7409331578091,0
0.1,fly_2,0.001817128406141629,0.0030379195960213755,0.0010296897544617959,0.0017967977872532326,0.0028231681569613316,0.0010295437269459795,20801752.27266947,21991711.603274032,20.11042193167816,20.754709323378215,0
0.101,fly_1,0.0016412863318135558,-0.0024343016599494274,0.0009837240351830386,0.0016719092789849342,-0.0026475576787324123,0.000994477710189778,23087231.983258255,22103345.359493278,21.365027613378132,20.844636318405257,0
0.101,fly_2,0.0018397712584562363,0.003036848235656941,0.0010369536458271669,0.0018192955318422051,0.0028221118394893305,0.0010362048151687955,20983121.630123805,22185124.439734105,20.2070821838257,20.854835118158853,0
0.10200000000000001,fly_1,0.0016558357301270105,-0.002425369726991768,0.0009815443107489257,0.0016876272361444386,-0.0026383479086832984,0.0009942380192414788,23290664.63767169,22308266.828303684,21.46757825674658,20.95120770806028,0
0.10200000000000001,fly_2,0.0018617203622203376,0.0030369486967749236,0.001045541188674358,0.0018411880879083352,0.0028222215377293534,0.0010440549697888677,21149306.884131167,22364107.162602093,20.294123607564927,20.9459460786666,0
0.10300000000000001,fly_1,0.00167115607324347,-0.00241988809377302,0.0009841607474742635,0.0017039500701410122,-0.0026326270227824983,0.0009982404427182892,23471631.246700764,22489536.62285502,21.556645271627357,21.0433359776117,0
0.10300000000000001,fly_2,0.0018829659860298313,0.0030383776488960993,0.0010557464036835746,0.001862438604484183,0.0028236561976878478,0.001053541644131529,21298121.57806898,22525848.728303283,20.370353567306147,21.026516629067416,0
0.10400000000000001,fly_1,0.0016861963069030694,-0.002419685553136831,0.000990448745863904,0.0017194775261760934,-0.002632275276931543,0.0010055981929617192,23612050.83616197,22625144.626887314,21.6220972757304,21.10841975870467,0
0.10400000000000001,fly_2,0.0019035528122504143,0.003040882140403937,0.001067246457228618,0.0018830701149947385,0.002826164689896259,0.0010643461938964675,21431841.027449347,22672451.42533958,20.43723571981424,21.097881431858877,0
0.10500000000000001,fly_1,0.0017002677590344944,-0.0024250009222902035,0.0009984933679692582,0.0017333833109013021,-0.002637560500857233,0.0010144094526242306,23707848.510554057,22709711.849516015,21.661866680054974,21.143618896153903,0
0.10500000000000001,fly_2,0.0019234204038483412,0.0030439510346148006,0.001078853396780918,0.0019029973118783554,0.0028292381641681105,0.001075273376430564,21555766.361784868,22809073.285792537,20.49799774205335,21.163113485466717,0
0.10600000000000001,fly_1,0.0017129729480663295,-0.0024347739654058402,0.0010061241886044825,0.0017452485986763325,-0.0026474163749523123,0.0010226476267077367,23765939.00119669,22749994.752640523,21.680090652973053,21.15307461143124,0
0.10600000000000001,fly_2,0.0019422972147590913,0.003047036215805163,0.0010891101825045548,0.0019219381023321913,0.0028323272387952587,0.001084975246068547,21674725.11606,22940171.275003195,20.555544235503817,21.224837969837488,0
0.10700000000000001,fly_1,0.0017244374245920279,-0.0024470882392457244,0.0010112920751796655,0.0017554575259370014,-0.0026599180057533273,0.0010278081209427246,23803162.99979312,22766492.61509034,21.686448732487793,21.14877867916744,0
0.10700000000000001,fly_2,0.0019596605800932107,0.0030497361106399255,0.0010966290428106535,0.001939368008728071,0.002835027439730151,0.001092164275142633,21790719.754587106,23067336.273463182,20.611081692372167,21.28400074425232,0
0.108,fly_1,0.0017366630186704125,-0.0024607007999256155,0.0010104460674214273,0.0017663410218478372,-0.0026738191468533394,0.0010256553506713276,23853565.3634037,22796759.5465181,21.70025751508917,21.15246842027321,0
0.108,fly_2,0.00197485222226505,0.0030520074012721317,0.0011006507986909483,0.0019546669742177497,0.002837292573771125,0.0010959995000268674,21900911.241837714,23187983.814974587,20.662961625368823,21.339147003809398,0
0.109,fly_1,0.0017511898742584864,-0.0024736951714246056,0.0010020585445462392,0.0017798083439821242,-0.002687147260602545,0.0010143355467467296,23946197.994722053,22873512.779094502,21.737857720617495,21.18294596863767,0
0.109,fly_2,0.001987521781592426,0.003053382860666418,0.0011011634508042518,0.001967435971461579,0.002838661673052626,0.0010963772427132104,22005899.02021019,23302242.524812415,20.711566302760502,21.39038694135012,0
0.11,fly_1,0.0017684820327095985,-0.0024850733843169923,0.0009860137086060623,0.00179639552775861,-0.00269880870804523,0.0009943554201639504,24091565.05972854,23006713.690303795,21.804957269122593,21.245731337843722,0
0.11,fly_2,0.001997384821081036,0.003054119258294446,0.0010993338919746381,0.0019774492909248815,0.0028393833676087364,0.0010945791200990794,22098925.16331306,23403289.976706356,20.75297792511782,21.433873392423518,0
0.111,fly_1,0.0017882604179262022,-0.0024943953686256694,0.0009635971744632914,0.0018158060390449243,-0.0027082963216546753,0.0009679740474620716,24286791.628347777,23191646.868805893,21.899626092211914,21.33779870154268,0
0.111,fly_2,0.0020053893409785403,0.0030531630361540726,0.0010987055033230707,0.0019858647132015945,0.0028383688187933816,0.0010949948341974034,22186005.916893207,23496914.774317093,20.790758788054276,21.472958390133805,0
0.112,fly_1,0.0018093938448722434,-0.002501336924870943,0.0009378340277133496,0.0018369158494262218,-0.0027152827453943216,0.000938957020451428,24516548.029464908,23412310.08647816,22.012953763143614,21.449664397876603,0
0.112,fly_2,0.002012173270013677,0.0030520169115067853,0.0011013378249154532,0.001993558035657091,0.002837125592949731,0.0010987435571111737,22256820.207101088,23577409.85981869,20.81893699461299,21.504444874335338,0
0.113,fly_1,0.001830614135756552,-0.0025053605798773387,0.0009121436788172574,0.0018585575185867955,-0.0027192504779507904,0.0009107965244415789,24764968.432896253,23654716.09126454,22.135858047194933,21.57311270944513,0
0.113,fly_2,0.002018726062854352,0.003051623066764251,0.0011087541303779465,0.002001500307149894,0.002836614064273478,0.0011063172973689796,22308798.488772206,23645047.541431863,20.836088473111058,21.528544199592798,0
0.114,fly_1,0.001850838673316586,-0.002505032287333416,0.0008887458728054753,0.001879881715511468,-0.0027187469496613966,0.0008849934372118334,25026673.602567904,23918580.781319153,22.2652109419902,21.7077958342791,0
0.114,fly_2,0.002025919967494043,0.003052121331979874,0.0011206920235714616,0.002010407579240152,0.0028369926711082245,0.0011174422468080356,22348222.5185368,23705273.859566502,20.845921191047744,21.548381196673162,0
0.115,fly_1,0.0018694616409348696,-0.0025003546946810234,0.000868625446523706,0.0019003177581893257,-0.0027137325708003804,0.0008616027705698859,25294633.88138789,24200140.24536839,22.397037659187653,21.85140757537993,0
0.115,fly_2,0.0020345202606844187,0.003052240025694228,0.0011354109808285045,0.002020734949569822,0.0028370179425015567,0.0011308332007484818,22393972.7455938,23773591.098953374,20.859401696947444,21.57271612546457,0
0.116,fly_1,0.0018858957626926131,-0.002492377186446637,0.0008536347831994916,0.001919121110714759,-0.0027052076952685427,0.0008421985805868832,25553034.96799071,24483629.832826905,22.52264926585227,21.994990829587206,0
0.116,fly_2,0.002045017669953769,0.003050884548384166,0.0011508922484052074,0.002032716984097408,0.002835604859898963,0.0011449859111342824,22462507.17569779,23863394.93201841,20.88601457911036,21.609045202029012,0
0.117,fly_1,0.0018991840741466564,-0.0024811261228622843,0.0008447057235162789,0.0019352314682643753,-0.002693213546834307,0.0008288612943055435,25790631.924731635,24755284.428764306,22.636023452496957,22.130897802322135,0
0.117,fly_2,0.0020578062364925045,0.003047543752989233,0.0011649764513252323,0.0020466361886721696,0.002832234601947,0.0011579953714700134,22566287.17190642,23986118.115359697,20.932848010166452,21.663677922204545,0
0.11800000000000001,fly_1,0.0019086608234821917,-0.002466914508785939,0.0008422875593710918,0.0019478538474254315,-0.002678101155979454,0.0008223967854261954,25997600.21921103,25003730.073018096,22.732019918111853,22.252967367123727,0
0.11800000000000001,fly_2,0.0020729910370830434,0.0030419764323066575,0.0011757646834382467,0.002062561216070381,0.0028266589438368413,0.0011679458625888555,22713437.9409472,24150027.746411346,21.004392608979632,21.7410529757711,0
0.11900000000000001,fly_1,0.0019140547251937957,-0.002450218104167488,0.0008461300153616047,0.0019565566318114663,-0.0026604094368605836,0.0008227906160260723,26167898.041453883,25220694.04609645,22.807613400917504,22.35686079291379,0
0.11900000000000001,fly_2,0.002090294940883675,0.0030341927493572865,0.001181955465909892,0.002080238233162383,0.0028188843551756972,0.0011734293887618508,22906119.686970517,24357848.74506018,21.10161648415054,21.842418512448727,0
0.12000000000000001,fly_1,0.0019154964557466197,-0.0024318530154688466,0.0008554011916622093,0.001961268627717109,-0.0026410486532900514,0.0008294468210001467,26298197.324839026,25399442.906187955,22.861256566536355,22.439143153623075,0
0.12000000000000001,fly_2,0.0021088479539999134,0.003024595451163517,0.0011841704183810065,0.002098887761405836,0.0028093130622136994,0.00117490631894668,23133832.688048474,24599700.355908085,21.218205230818246,21.961972550483935,0
0.12100000000000001,fly_1,0.0019134284200914833,-0.002412719453170471,0.0008688705231782625,0.001962243849377168,-0.0026210243761492142,0.0008413451005065768,26388633.596031427,25536365.567230117,22.893243719575793,22.49810770533673,0
0.12100000000000001,fly_2,0.002127631195757285,0.0030135030916602066,0.001183069278676487,0.0021175547419017863,0.00279826961712726,0.0011728441877256056,23385036.204983,24864365.309901014,21.34733009299379,22.093252411155735,0
0.12200000000000001,fly_1,0.0019082145224733687,-0.0023927680068791305,0.0008863873770578656,0.0019598383078124914,-0.002600352046789041,0.0008585416030747042,26442447.372859403,25633292.64018161,22.90548945990215,22.534992785843965,0
0.12200000000000001,fly_2,0.0021460129295638175,0.0030015957197470633,0.0011781116258317917,0.0021356319328398703,0.002786423191336866,0.0011669512543612368,23651746.34254143,25143095.98692563,21.48428375822738,22.23126452532233,0
0.12300000000000001,fly_1,0.0019001131019328297,-0.0023730596044503355,0.0009077367012765018,0.0019541337926367937,-0.0025801959872123526,0.0008811318167829663,26454956.113192584,25681614.183191232,22.89561863365402,22.545306641294708,0
0.12300000000000001,fly_2,0.002163412622181273,0.002990041822276862,0.0011697287046608293,0.0021526134900833006,0.00277492702741506,0.0011578737586771552,23919721.706952255,25421346.349527642,21.620940583103557,22.367958674301885,0
0.124,fly_1,0.0018904075089165296,-0.002354259084590154,0.0009329353614336488,0.0019463005354323501,-0.002561199700389917,0.000908788165196875,26433866.80122058,25687678.174663007,22.867853812037982,22.53266265331657,0
0.124,fly_2,0.002179150507503187,0.0029799894869296543,0.00115911672452973,0.0021678841898656476,0.0027649192748312353,0.0011468933894033574,24171271.95712588,25681221.576213717,21.747423855953716,22.4936472405433,0
0.125,fly_1,0.0018799615877718486,-0.002336018108570529,0.0009603938630635389,0.0019372146343496876,-0.0025429241594109486,0.0009393341681474681,26393400.375729293,25667026.586484447,22.82985008851923,22.505594034308704,0
0.125,fly_2,0.0021926597551362678,0.002972455199939967,0.0011480417524519873,0.0021809280183459913,0.002757414177993271,0.0011357429232888266,24388464.730974384,25904782.32716907,21.853922594866212,22.598819260706048,0
0.126,fly_1,0.001869684961176392,-0.00231761435525501,0.0009879487008848642,0.0019279068712709086,-0.002524569204447259,0.0009703011642992578,26352396.198758822,25640358.500544503,22.791695976215838,22.475373362030023,0
0.126,fly_2,0.002203766056141878,0.002968096492539864,0.0011377683548122746,0.0021915863545475724,0.002753071874421996,0.0011256190980811303,24560511.75820194,26081323.47688259,21.934740924760632,22.678010026858804,0
0.127,fly_1,0.0018605750093408596,-0.002298655325544508,0.0010130409025666805,0.0019194790835278832,-0.0025056978073089275,0.0009990674722154653,26329994.480381913,25627654.327703737,22.7636140904589,22.452841330047658,0
0.127,fly_2,0.0022132092671912316,0.002967380301145313,0.0011277364682503773,0.0022006308756629712,0.0027523725266113716,0.0011156958319173548,24691074.314386003,26216126.85503836,21.992203816992816,22.73436540918793,0
0.128,fly_1,0.0018538969886743217,-0.002279514929076654,0.0010332737920702329,0.0019132543828117154,-0.00248665026918707,0.0010231157112799922,26343428.176498294,25646360.96164856,22.754768750308873,22.447420028200124,0
0.128,fly_2,0.0022211719912161414,0.002970412047013114,0.0011186706367908987,0.0022082298438318233,0.002755404329194961,0.0011070208270717323,24778271.274362277,26306373.97293569,22.02550770966427,22.766611959621965,0
0.129,fly_1,0.0018506180630133732,-0.002260963672279995,0.0010471672843846236,0.0019102718027385784,-0.002468162543095842,0.001040717847493229,26402633.439906232,25707272.228424277,22.7703627923721,22.464861470404596,0
0.129,fly_2,0.002229853504606521,0.0029755101371017616,0.0011078342757173598,0.00221664164002434,0.0027605159697758,0.0010962372667555956,24860920.343716066,26394770.420670494,22.056179839320745,22.79773741473626,0
0.13,fly_1,0.0018509658537567578,-0.0022434467557962416,0.0010542846324058674,0.0019109091882438087,-0.002450636806059351,0.0010510264597087533,26509572.796260253,25815047.49843608,22.811273899938897,22.5075222835027,0
0.13,fly_2,0.0022411029546233023,0.002981819162335464,0.0010948585649395155,0.002227946757129421,0.002766872890616106,0.0010823465423919515,24962145.820450045,26509455.160037503,22.096916850740293,22.842724546321712,0
0.131,fly_1,0.0018545819198920064,-0.0022272929478336983,0.001054909918977232,0.001914939692352969,-0.002434386525300352,0.0010540581899156215,26658990.603373867,25966770.108236816,22.874492055168634,22.573607906553466,0
0.131,fly_2,0.002255454456438908,0.002990680998675716,0.001082016951955608,0.002243129769114128,0.002775840876927561,0.001067071714039638,25069770.150897555,26643929.498243667,22.140974570125543,22.897995680645234,0
0.132,fly_1,0.0018604540742750782,-0.0022126513334360686,0.0010496495952125417,0.0019214621611791426,-0.002419555150608429,0.001050249377333969,26838955.60463422,26152673.974300258,22.95347864461391,22.65763039202558,0
0.132,fly_2,0.0022730759614078334,0.0030029905485021518,0.0010702682920234563,0.002262755341378186,0.0027883999267290438,0.0010508805171120523,25175331.802138485,26794162.816246755,22.183708753740465,22.96131246073031,0
0.133,fly_1,0.0018669282315392861,-0.002199542173787488,0.0010389936251350292,0.0019288854292806277,-0.0024061619446028143,0.001040048102751237,27031664.464208856,26356537.963714816,23.03868345676567,22.750713507687838,0
0.133,fly_2,0.002293180596197151,0.0030180441264130776,0.0010593387767343315,0.002286067061016571,0.0028039673518590533,0.0010338031510212062,25277675.979506157,26956800.241498552,22.224502062815283,23.03081638333078,0
0.134,fly_1,0.001872405680238554,-0.002187478159752278,0.0010245257754466,0.0019356070461744334,-0.002393722182218592,0.0010252513838355933,27219202.26926407,26560838.339752533,23.120647769961458,22.843429008554786,0
0.134,fly_2,0.002315080644625506,0.0030329421011414865,0.0010478693637841106,0.002311743388178245,0.0028196256336114,0.0010159870275041052,25396873.348708007,27141293.474328786,22.274258902685503,23.111393861823178,0
0.135,fly_1,0.0018762897878418596,-0.0021747710535695206,0.0010098754350087256,0.00194103434490505,-0.0023805371139594754,0.0010099572217388973,27395041.067727245,26759069.386159427,23.19600535059643,22.93233725020464,0
0.135,fly_2,0.0023411733862273333,0.0030443250862215634,0.001030899942571264,0.0023410855557057762,0.002831722486865543,0.0009944079845579743,25593944.74343936,27397584.614477575,22.365875284192423,23.22899422859873,0
0.136,fly_1,0.0018778951663219704,-0.0021615224420208075,0.0009975222382220636,0.0019443342231702052,-0.0023667470375498536,0.000997019165824662,27544268.856544036,26933998.148770355,23.25708470848911,23.00840766841844,0
0.136,fly_2,0.002371200167732209,0.003049991736107847,0.0010075348315549272,0.00237328002439492,0.0028378818867513876,0.0009683350615425524,25887962.635661818,27740727.334385913,22.5090439565752,23.390830861583854,0
0.137,fly_1,0.001877908366295978,-0.0021484041971033983,0.0009893568071328808,0.0019459960120530833,-0.002353087298868875,0.0009886962666730444,27664453.83884888,27079343.660136938,23.302780039616692,23.0684951967903,0
0.137,fly_2,0.0024044697418985155,0.0030492704518010286,0.0009781048637764916,0.002407405742991207,0.0028374363549044154,0.0009374941354358114,26279715.773181405,28170657.71030394,22.703259101950724,23.595968180347523,0
0.138,fly_1,0.001886069214707862,-0.0021383983341193816,0.000994539817875689,0.0019552786050387274,-0.002342705175014726,0.00099509750970365,27813549.93661631,27239943.674958926,23.36318800861115,23.136240225797785,0
0.138,fly_2,0.002440456269028913,0.0030425504367092757,0.0009429984894261084,0.0024428849692681586,0.0028307821679690996,0.000902012665819436,26763075.72729618,28680854.333654948,22.944114865170015,23.840006776151153,0
0.139,fly_1,0.0019001315506261467,-0.002131663731666838,0.0010090026637550814,0.0019703386322840904,-0.002335625295226289,0.001010479905184028,27978510.644946825,27412594.40855786,23.43143013026751,23.20988163747426,0
0.139,fly_2,0.0024784755676219034,0.003031137179876613,0.0009029806688748632,0.0024791848082773155,0.0028192471072145727,0.0008625624792599311,27321623.359969117,29255446.926828824,23.22172877730985,24.113801159898326,0
0.14,fly_1,0.001917401785847958,-0.002128149088485197,0.0010246444755192563,0.001988561124366462,-0.0023317821072775975,0.0010258602739743818,28153967.97031106,27595931.34739197,23.504658917804505,23.28863627064249,0
0.14,fly_2,0.00251776391923001,0.0030168879164984806,0.000858722348787158,0.002515823709011339,0.002804715053965415,0.0008198578668581188,27932696.704815987,29873116.402471542,23.523188526256234,24.405713898546658,0
0.14100000000000001,fly_1,0.0019375294561860146,-0.0021280527894177344,0.0010335484439495063,0.0020093495306486757,-0.002331457098032307,0.001033232045488554,28358439.78948496,27805467.575520165,23.59226999611239,23.380460704599653,0
0.14100000000000001,fly_2,0.002556731511744947,0.0030035417583794606,0.000811155643961287,0.0025518270660976248,0.0027911398953140484,0.0007738336538480142,28546758.91549986,30489544.96802675,23.822240970833608,24.693147139563894,0
0.14200000000000002,fly_1,0.0019599090618741483,-0.002125380207562909,0.0010350067100912837,0.0020321682787019977,-0.0023285858454564555,0.0010308102498586991,28625708.396605693,28082331.89128886,23.71123586877741,23.506337612521445,0
0.14200000000000002,fly_2,0.002593211423974859,0.0029942948462292154,0.0007629193920421399,0.0025855928436484053,0.0027815973944429243,0.0007278012029628551,29106162.799971752,31050472.992818553,24.089606385177095,24.94957275521566,0
0.14300000000000002,fly_1,0.0019844750475825745,-0.002120074044842247,0.0010263786463479356,0.002056228783432987,-0.0023233572145479916,0.001018704646564535,28965135.750221703,28418472.66481151,23.865760542943555,23.66156405896305,0
0.14300000000000002,fly_2,0.0026254167232019378,0.002990913827202966,0.0007212974417370267,0.0026158048096391346,0.002777714868091814,0.000689907141987534,29557427.77151734,31505436.705756478,24.29922019822421,25.151312171950494,0
0.14400000000000002,fly_1,0.0020089555061064174,-0.002111989939093778,0.0010089522477645376,0.0020793744612919115,-0.0023156467184966023,0.000999122551907927,29350757.285851877,28786761.43090021,24.04210482077664,23.83176947119585,0
0.14400000000000002,fly_2,0.00265231237355955,0.0029931928482259053,0.0006887181409986471,0.0026413844057649547,0.002779392467035704,0.0006622320599449048,29884668.537695177,31837741.593445078,24.44452441740885,25.291622195350737,0
0.14500000000000002,fly_1,0.0020316816684561355,-0.0020998087651176644,0.000986007440699736,0.0021003583037151156,-0.0023040370821359175,0.0009757190849429782,29763301.929076076,29173125.769546732,24.230174220246763,24.0095175800268,0
0.14500000000000002,fly_2,0.002673177848448083,0.0029999162037127993,0.0006673642027248391,0.0026613808152391827,0.0027855169033939257,0.0006467412544141331,30086463.923172988,32042503.55762981,24.52603191530268,25.369330061748563,0
0.14600000000000002,fly_1,0.0020511935127613973,-0.002082682794665255,0.0009620707852704732,0.0021181974160254806,-0.0022875079273261957,0.0009526538885106012,30178349.624068625,29561897.065974932,24.417601789517057,24.186769693533087,0
0.14600000000000002,fly_2,0.002688002696699865,0.003010295973876572,0.0006570141452510021,0.0026755830277395373,0.0027954103601493573,0.000642820456414943,30170518.873471327,32124782.2168928,24.548438878770508,25.387722255966633,0
0.14700000000000002,fly_1,0.0020670288349994965,-0.00205996107790463,0.0009405407867927844,0.0021329318010275882,-0.002265219564040739,0.0009329718433662847,30584208.750539467,29950243.175294314,24.59863582659761,24.362102130872607,0
0.14700000000000002,fly_2,0.0026970200215257227,0.003023943108746904,0.0006578075104226839,0.002684129741041475,0.002808743143304756,0.0006504351627968391,30142715.61628186,32088827.658103958,24.515156055270435,25.34932828948125,0
0.14800000000000002,fly_1,0.0020795838786921025,-0.002032011933670668,0.0009235136170365033,0.002145262724066554,-0.002237418393110264,0.0009184134545342832,30975863.41912414,30338626.517794147,24.770949302889345,24.535760132950276,0
0.14800000000000002,fly_2,0.0027014639643505177,0.003040593473946263,0.0006666733335612739,0.0026882572253947436,0.002825288898066371,0.0006656449279437133,30024187.868316524,31958044.518122688,24.43687773913598,25.265561426976685,0
0.149,fly_1,0.002089880084948678,-0.0020014206334749026,0.0009115162634160755,0.002156067050240989,-0.0022067145139061713,0.0009092262307422753,31345585.100016207,30717061.35826534,24.930968021380355,24.702855724064705,0
0.149,fly_2,0.002703164777515778,0.003059009337409661,0.0006800433429089849,0.0026898641845311587,0.002843752233928449,0.0006844033422113651,29852201.723804973,31773553.021938395,24.332140714180962,25.156155406081616,0
0.15,fly_1,0.0020990138427063655,-0.001971476701351189,0.0009044418943888768,0.002166111476448095,-0.002176486895251571,0.000904955616073407,31684165.18044866,31071024.179951414,25.07449880816663,24.856426099872294,0
0.15,fly_2,0.0027038217921223693,0.003076613732055162,0.0006954058805376737,0.002690601124561024,0.0028614874339255897,0.0007042050719254924,29673288.06057658,31583527.59348064,24.224099264201232,25.04424796282562,0
0.151,fly_1,0.00210802824923354,-0.0019451745250422762,0.0009020700478447858,0.0021761010403963874,-0.0021498437850402175,0.0009049205007868826,31984647.615568325,31388159.954964116,25.198520270237047,24.990738873872644,0
0.151,fly_2,0.0027053466611035894,0.003090413393026771,0.0007101343358280146,0.002692268667161142,0.0028754339591458397,0.0007221487042865012,29539943.280653358,31442522.574844897,24.139001833098796,24.95617591237052,0
0.152,fly_1,0.0021178657486841156,-0.0019247812662377705,0.0009043579977063474,0.0021866970047294963,-0.002129169537317782,0.0009087430636032058,32243569.86681208,31660128.830751717,25.30172116535454,25.102118076389058,0
0.152,fly_2,0.002709051492645637,0.0031000676386674438,0.0007239741597304619,0.0026963431259296356,0.002885180282226191,0.0007378830570225689,29468167.678717814,31370391.556064505,24.08489401757552,24.901572378584273,0
0.153,fly_1,0.0021293124728091846,-0.0019116293036097918,0.0009110185562664713,0.0021984980914152405,-0.0021158823188238804,0.0009160774020667815,32462484.173229463,31884619.006906185,25.38516351911793,25.189826571803366,0
0.153,fly_2,0.002714811598665423,0.0031057191946128057,0.0007375190607066082,0.002702782269758565,0.0028908302628173122,0.0007519958768145468,29453961.016137302,31364358.463167083,24.059747266151952,24.879059779958453,0
0.154,fly_1,0.0021432745622492907,-0.0019065071091686424,0.0009209240351080601,0.00221224124089542,-0.0021108284496242345,0.0009262082604753345,32650202.38773539,32065830.414935715,25.45328580008108,25.25621196593367,0
0.154,fly_2,0.0027218587764246227,0.003106304725560388,0.0007496785789484784,0.002710655996557995,0.002891316230282823,0.0007633160489605061,29502953.18830262,31428487.05743491,24.066268836855684,24.890463952940106,0
0.155,fly_1,0.0021602442192294852,-0.0019090782494163392,0.0009326633250948767,0.0022283614440200272,-0.0021136791954821602,0.0009381435187581272,32818435.403474104,32213272.18532618,25.511793283168778,25.306073982043067,0
0.155,fly_2,0.0027297802867377943,0.003101793396132433,0.0007608765558101085,0.002719205892949059,0.002886581774604142,0.0007710587030269375,29611042.043846942,31558372.16076115,24.10221390262454,24.933424249351706,0
0.156,fly_1,0.002179716116034671,-0.0019175815030207078,0.0009461521813509012,0.002246518788092443,-0.002122614580712253,0.0009516636262662798,32971784.52872187,32335398.731772095,25.5629571298413,25.343613788287637,0
0.156,fly_2,0.002737149177604319,0.003093123370735624,0.0007703769614300976,0.0027268520775107444,0.002877732447488099,0.000776056387371348,29758048.210867185,31725969.255540818,24.157303349510837,24.994202940678637,0
0.157,fly_1,0.0022008929544948632,-0.0019298656642240447,0.0009611242919816348,0.0022661455819047846,-0.0021353975098717427,0.0009666280186766654,33114462.537028942,32440816.23416599,25.608828458452678,25.373034224587983,0
0.157,fly_2,0.002742617189155106,0.0030813983452584346,0.0007781000134169314,0.0027322863981163355,0.0028659375923686388,0.0007793143805179928,29921179.982615214,31904396.730597094,24.22005995786286,25.05977443138154,0
0.158,fly_1,0.0022227609304615354,-0.0019438951854394001,0.0009770781132524135,0.0022864478117960324,-0.0021499151230926473,0.000982672968211979,33248535.20049969,32535806.43220675,25.650426203141105,25.397380957555022,0
0.158,fly_2,0.0027448165052997566,0.0030670679361599184,0.0007852245174886114,0.0027341190655732666,0.002851644004016423,0.000782121259537131,30080271.280204598,32071557.98000656,24.280456760841172,25.119582312002876,0
0.159,fly_1,0.0022443391690234182,-0.001958229559677788,0.0009931907319879229,0.002306575004313523,-0.00216468857278092,0.0009989276894572141,33374227.398978774,32623747.956238367,25.687898456910702,25.41829235738684,0
0.159,fly_2,0.0027427964390045654,0.0030519892291169582,0.0007935126602506645,0.0027316335066521046,0.0028366881616792294,0.0007862755843045835,30203413.31157101,32196948.64459918,24.322843812809307,25.15924815130504,0
0.16,fly_1,0.002264768789495646,-0.00197212211880362,0.0010085591896259012,0.002325698437128471,-0.0021789690506782374,0.0010143437190084708,33489435.649867106,32704183.039146196,25.720310995814756,25.43558147623626,0
0.16,fly_2,0.002736316241508693,0.003041430261660114,0.0008046825658978945,0.002725208943865959,0.0028263099423870655,0.0007932190523999265,30232213.981163807,32229398.170995243,24.31875817799797,25.154781621354807,0
0.161,fly_1,0.0022832122050527796,-0.00198530650773785,0.0010222301903907074,0.002342950321432827,-0.002192506640573444,0.0010277978084682151,33589651.48297183,32773264.65762571,25.745627529600878,25.447469658564792,0
0.161,fly_2,0.002725808811032827,0.0030383262412771467,0.0008181344712791503,0.0027154149432102,0.0028234025335067536,0.0008029258120123779,30143920.698160775,32147089.221588265,24.257288534209277,25.096120408453903,0
0.162,fly_1,0.0022987420820049713,-0.0019971959037306244,0.001033702258255918,0.0023573629359301936,-0.0022047237777571525,0.001038928437920619,33670216.89716141,32826112.035128,25.761762568504345,25.451708315212638,0
0.162,fly_2,0.0027118748388653686,0.003042259052077258,0.0008333807276513756,0.002702660844502533,0.002827479641234799,0.0008155918841580985,29950555.314948652,31959271.182503387,24.144352827990257,24.987680143347998,0
0.163,fly_1,0.002310635312494472,-0.002006814835685621,0.001043393035175226,0.00236805862898096,-0.002214657812778671,0.0010493424522534868,33728504.9676716,32854929.976892088,25.767580679141155,25.444698646560827,0
0.163,fly_2,0.002696633900461967,0.0030512113066724464,0.0008513790586102951,0.0026888350001211285,0.0028365142184161372,0.0008319916035293219,29690410.58922367,31703707.88693151,23.99859853788608,24.84720101155177,0
0.164,fly_1,0.002319123498897339,-0.0020151132035624393,0.0010513013411964963,0.00237507732150895,-0.002223313643925394,0.0010586008161502709,33761192.96078532,32854691.120121904,25.76162740312894,25.42415277489164,0
0.164,fly_2,0.00268569335514184,0.003060363301234919,0.00086961054947066,0.0026792666037833385,0.0028457068113884685,0.000849292473760662,29469182.020567827,31488451.660275225,23.87208033675563,24.72596074735421,0
0.165,fly_1,0.0023247444690838114,-0.0020227264360966565,0.0010574950338876489,0.0023788976856772446,-0.0022313440191563854,0.0010663080434577317,33770343.61695444,32827765.312656373,25.744919889947703,25.39123845862547,0
0.165,fly_2,0.0026819550135845846,0.0030652528451766557,0.00088365717853119,0.002676543066250045,0.0028506663449549847,0.0008623292457799009,29366966.597491793,31394694.672015063,23.804580916423518,24.662785276990903,0
0.166,fly_1,0.0023281770029416585,-0.0020297902808978233,0.0010641407730566286,0.0023803900201432374,-0.002238862016910868,0.0010738539600711947,33755276.58804549,32778474.683138996,25.71719825790023,25.348015406505755,0
0.166,fly_2,0.0026831074673317554,0.003064972473974077,0.000890919490016371,0.0026782596102090683,0.0028505403716711395,0.0008679650187734712,29377170.389306128,31414557.163872864,23.792879416818153,24.65392515654451,0
0.167,fly_1,0.002331024639241471,-0.0020369958612221463,0.0010732229739456704,0.0023812058135706765,-0.00224654902554408,0.001083265734143308,33722726.179308936,32713063.745691657,25.681592394930966,25.297424569535934,0
0.167,fly_2,0.0026861329505356957,0.0030592954513481937,0.0008903904394522605,0.002681194440065416,0.0028450631660467945,0.0008656583749275333,29476904.989687156,31519871.146851055,23.82543894360424,24.685731340133433,0
0.168,fly_1,0.0023353686983130567,-0.002046246204074403,0.0010832019978032448,0.00238327058285771,-0.0022563100798351386,0.001093695496944601,33689297.17483331,32641706.076181926,25.64573762940554,25.244232248603325,0
0.168,fly_2,0.002689855910564663,0.0030500049899072654,0.0008907969901741207,0.0026842550522509856,0.0028359102310914746,0.0008650365437389547,29614949.25078442,31656544.93696762,23.876700691652385,24.732241001795025,0
0.169,fly_1,0.0023421039795350576,-0.002058396501256927,0.0010923392260874052,0.0023875342590842213,-0.0022689822315920885,0.0011033517574073279,33665636.04129967,32574995.508001875,25.614511520528662,25.193393739728485,0
0.169,fly_2,0.0026925038544153047,0.0030397139634406162,0.0008935561568114966,0.0026858989770607977,0.0028257121100535667,0.0008672670277118039,29746160.83770989,31780646.98354636,23.92434275507213,24.772566799097813,0
0.17,fly_1,0.002351282883573332,-0.0020731101025499403,0.0010996536743843085,0.0023942191434067664,-0.0022842040795847092,0.001110938461397837,33658099.70639274,32522624.89354074,25.590807722047632,25.149436253830768,0
0.17,fly_2,0.0026982847459292294,0.003029559882495108,0.0008930934261710994,0.002690658747266223,0.0028156721715224733,0.0008661596702863542,29914948.721117273,31945084.732057042,23.9901069718661,24.83167122174284,0
0.171,fly_1,0.002362358201471971,-0.002089362080870314,0.001105379396298755,0.002402940928309013,-0.002300928756074686,0.0011165203205071932,33666406.20337811,32487737.416992433,25.57446647324716,25.11381412622351,0
0.171,fly_2,0.0027067959087540665,0.0030208236156474963,0.0008920877980572477,0.002698153029038925,0.002806980305862936,0.0008651086309575258,30098357.530884515,32125291.93222586,24.0626049902605,24.897820219413987,0
0.17200000000000001,fly_1,0.0023750512568444706,-0.002105821683166459,0.001108948217264724,0.002413638348930671,-0.00231780343451911,0.0011192588615013682,33699012.29713365,32483053.03111209,25.569313712226815,25.092443368787066,0
0.17200000000000001,fly_2,0.0027176094666775353,0.003013597823624707,0.0008911064684729959,0.0027078216750929156,0.0027996827496506835,0.0008651050025649991,30290065.040147483,32312379.02113799,24.13868410321801,24.96677281986665,0
0.17300000000000001,fly_1,0.0023890689281185437,-0.002121447736498766,0.0011101243179060737,0.002426146847637894,-0.002333767252141824,0.0011189099384302215,33761152.914800376,32515921.172576044,25.577669816255657,25.08869246570494,0
0.17300000000000001,fly_2,0.0027300056396807053,0.0030082817024490865,0.0008909783777131359,0.002719027406549773,0.0027942073972034437,0.0008668287152372598,30477069.69991826,32493680.22596358,24.212013909306265,25.032597413315905,0
0.17400000000000002,fly_1,0.002403914938001995,-0.002135786515221359,0.0011089721754540748,0.0024399466389005676,-0.0023483572919159148,0.0011158218026417212,33850419.87361446,32583059.506974794,25.598343738514146,25.100933106015567,0
0.17400000000000002,fly_2,0.0027434423222164037,0.003004210499106221,0.0008925055984855917,0.0027312199535663574,0.0027899454438836298,0.0008707654103120013,30658132.887117185,32667676.026868783,24.282029136430552,25.09462504911713,0
0.17500000000000002,fly_1,0.002418592277114952,-0.00214905820267155,0.0011054692330884632,0.0024538672345773113,-0.0023618069345617445,0.0011104882391577218,33953901.50750317,32668001.18321091,25.62537810502612,25.121404927283436,0
0.17500000000000002,fly_2,0.0027574833253218908,0.002999472033073836,0.0008957825662607425,0.002743778833561384,0.002785047248408385,0.0008766583775579015,30847153.705535546,32846245.714062132,24.355433126591446,25.158387122315276,0
0.17600000000000002,fly_1,0.0024327603476956903,-0.0021620678041166575,0.001100424268941038,0.0024673497863157904,-0.002374959264828219,0.0011039360574917282,34058503.16392861,32754043.680246443,25.652792949958567,25.142305222190107,0
0.17600000000000002,fly_2,0.002771830647345212,0.0029927452889135205,0.000900238775995669,0.0027562938005041893,0.0027782496954288803,0.0008834523906584158,31055838.690936055,33040467.375203382,24.437770720799065,25.228958112468845,0
0.17700000000000002,fly_1,0.002445532174662663,-0.0021750466261765775,0.0010943283127624681,0.002479410710655479,-0.002388068251035825,0.0010966879966586276,34150167.917176396,32826277.85054736,25.674241405780947,25.156738668262015,0
0.17700000000000002,fly_2,0.0027860363304124647,0.0029831600746211347,0.0009035339721812528,0.002768266420747033,0.002768700977103069,0.0008885987196223043,31295550.478409395,33261435.772891186,24.534318664170023,25.311331008822776,0
0.17800000000000002,fly_1,0.0024555727772626735,-0.0021878168989811772,0.00108719155476384,0.0024886973858696546,-0.0024009646627160077,0.0010887170337888624,34214604.18402156,32871223.566916253,25.68333695373574,25.15853246296461,0
0.17800000000000002,fly_2,0.0028000482555534147,0.0029712421340800928,0.0009046249268258936,0.0027797515594072714,0.0027569069037100906,0.0008912089246430472,31564283.22775028,33508037.504931122,24.643909244014004,25.404826544090202,0
0.17900000000000002,fly_1,0.002461735502124441,-0.00219994208316635,0.0010791195934998705,0.002494097213793313,-0.0024132106623419914,0.0010799963608831833,34241461.6671121,32880377.82760634,25.67551330843185,25.1438455407555,0
0.17900000000000002,fly_2,0.00281292636461203,0.0029586471742526163,0.0009037221898546313,0.002789989959595787,0.002744497008092972,0.0008916738030120763,31836176.10785495,33755325.47909441,24.754152619463262,25.497944709476993,0
0.18000000000000002,fly_1,0.0024635167923751245,-0.0022104293074620696,0.001070420666115966,0.0024952057747645324,-0.002423800400713672,0.001070768411022837,34231687.35542701,32856948.555734213,25.65128952883445,25.114232285442988,0
0.18000000000000002,fly_2,0.002823955596872524,0.002945592149450722,0.000901122415731338,0.0027983690372121684,0.00273166389152927,0.0008905600109757717,32101042.419083104,33992976.63619667,24.860258475481665,25.586019311429805,0
0.18100000000000002,fly_1,0.0024627081055950055,-0.0022201417813376987,0.0010626426627738529,0.002493838489255172,-0.0024335944571510257,0.0010632674572057278,34193728.15065836,32805970.356334925,25.614524057665736,25.072058813121394,0
0.18100000000000002,fly_2,0.002832507841943408,0.0029321272763629647,0.0008974189242152063,0.002804395963600564,0.0027184488423725233,0.0008883202918888297,32350013.35228756,34213540.028493576,24.958150868525802,25.66576610965871,0
0.182,fly_1,0.002468962035701855,-0.002221613612955833,0.0010664918887119876,0.0025006189356256035,-0.0024349835931589113,0.001068113061786194,34259083.61783078,32869588.33851649,25.624270246017076,25.082781534940754,0
0.182,fly_2,0.0028389354291070332,0.0029178447461399248,0.0008945300547656307,0.002808526950646915,0.0027044420897205743,0.0008863957669857582,32584435.986620113,34420998.972738534,25.048573818655605,25.739082993374407,0
0.183,fly_1,0.002484646119006197,-0.0022162576319894973,0.0010776368622662427,0.002517451619965074,-0.002429444323773901,0.0010802386923220006,34460857.86034244,33075117.167033646,25.69498215471681,25.15854089164236,0
0.183,fly_2,0.0028559581472340175,0.0029084971687446995,0.0009069284805471232,0.0028243833085858133,0.0026952803251483397,0.000898376104390416,32830273.717120044,34664074.990402535,25.143626378183402,25.82779923748219,0
0.184,fly_1,0.002509068256781104,-0.002210689503680841,0.0010884020789060146,0.0025428849759887005,-0.0024237072119650447,0.001091781638960373,34768518.21743063,33380040.43683055,25.81229221261407,25.279104807417195,0
0.184,fly_2,0.0028812005518616367,0.002902153746838333,0.000931190553914354,0.0028489737815258986,0.002689057202135733,0.0009220892421231418,33091658.72655221,34934520.87451592,25.245130887732078,25.928015473173904,0
0.185,fly_1,0.0025395160756319425,-0.0022070653226493515,0.0010954820214037386,0.0025742555840786653,-0.0024199337686580526,0.0010989065233384836,35147505.89011487,33752661.733386844,25.960112028886115,25.42932610151514,0
0.185,fly_2,0.0029084528422153766,0.0028997855511109453,0.0009595513583889319,0.0028758536668753343,0.0026867704066344303,0.0009498881313100144,33317521.126919094,35174650.22354359,25.3296117986277,26.01405231824465,0
0.186,fly_1,0.002572243902726979,-0.0022067233137302348,0.001100051072704401,0.0026077649450203517,-0.0024194662212845123,0.0011032521360472567,35539013.49519114,34133784.38797508,26.112019813888576,25.581971447896628,0
0.186,fly_2,0.002931206620730374,0.002899993581786976,0.0009882974064060052,0.0028983013852731435,0.0026870478169388205,0.0009781542964529928,33466300.445286274,35335117.62668741,25.37835195602415,26.06438754905491,0
0.187,fly_1,0.002604149592481123,-0.002210397104606668,0.0011031934952746008,0.0026403626853010627,-0.0024230318223325354,0.0011057673431403147,35895207.911106616,34478564.55043975,26.247079548431564,25.716939397849682,0
0.187,fly_2,0.002947709104564608,0.002901213944205258,0.0010145591406749094,0.002914419528886765,0.0026883370029516223,0.0010042272482797146,33546052.054229204,35420200.85490406,25.395406559320048,26.081307973954267,0
0.188,fly_1,0.0026333782930965857,-0.002218414590208607,0.0011048393746083396,0.002670226144520755,-0.0024309524506203007,0.0011060350768381402,36190033.74084692,34763834.9678252,26.35432423748222,25.82426292770095,0
0.188,fly_2,0.0029593709996643784,0.002902313164604649,0.001036831091680872,0.0029255889814844426,0.0026895078002828862,0.0010266238329718525,33589405.81217453,35463185.82734537,25.395858288831917,26.0796946387334,0
0.189,fly_1,0.0026593950841275037,-0.0022298972747006583,0.0011038969711377141,0.002696901420469567,-0.0024423194139185445,0.0011026142119733879,36427599.433330595,34996904.894318566,26.435996684618246,25.907634083852965,0
0.189,fly_2,0.0029696719502771292,0.002901821922625486,0.0010549611506246784,0.0029354087412745314,0.00268909399516929,0.0010447436481991219,33648949.6983875,35522219.91588224,25.403678679638894,26.08514293483671,0
0.19,fly_1,0.0026824309318723904,-0.002244472588940741,0.0011002350813008055,0.0027204220722053672,-0.0024567679278349095,0.0010958878630188684,36613269.28864108,35178707.58732405,26.494774972946313,25.967808462437873,0
0.19,fly_2,0.002981538423658919,0.0028999468647896895,0.0010673777831194115,0.0029470898475858175,0.0026872725285798714,0.0010566792649496124,33759439.61461339,35639586.92089457,25.434548884133797,26.116079375018842,0
0.191,fly_1,0.0027031794282707518,-0.002261366595158145,0.0010937497730913143,0.0027413068273842802,-0.0024735500720701508,0.0010862658216517003,36761601.95646884,35319250.02155382,26.537180779403414,26.00946901270986,0
0.191,fly_2,0.0029966075922965765,0.0028976738122576404,0.0010728035160228885,0.0029624760740511,0.002684993669608347,0.0010612392455437158,33933421.697851494,35832009.314836584,25.49391490430251,26.17953816456834,0
0.192,fly_1,0.002722479350665463,-0.0022789526336329923,0.0010847305868993168,0.0027603697694047542,-0.0024910578468960672,0.0010743753640061497,36895161.14416681,35439390.11913282,26.573030573166307,26.041954760993594,0
0.192,fly_2,0.0030146395892177375,0.002896103477377507,0.0010711819964671508,0.002981316945880491,0.002683337609677388,0.0010588603508946276,34158210.35906007,36085068.333614916,25.575737680624634,26.268855538652264,0
0.193,fly_1,0.0027411021087323535,-0.0022953442997751114,0.0010739345255390644,0.002778445831836266,-0.0025074108200132776,0.00106109812006111,37036733.091185994,35562477.730546504,26.61209521241424,26.075562955720894,0
0.193,fly_2,0.0030341007664944886,0.0028958794927483812,0.001062896927809504,0.0030019193163532444,0.0026829339134932582,0.0010506466009041814,34410300.04693769,36369612.84879566,25.669190283027238,26.371067590403577,0
0.194,fly_1,0.0027596823486302794,-0.0023088062330622818,0.0010622443731615084,0.0027962648122055083,-0.0025208732763682723,0.0010473840747458414,37206376.34362378,35709851.526691794,26.66285246765922,26.119582649379634,0
0.194,fly_2,0.003055001804670813,0.0028912448592941535,0.0010531573539921,0.0030238730887801645,0.0026780148739087898,0.001043384312176099,34731408.944678605,36714376.04919664,25.792629523169857,26.498258151128134,0
0.195,fly_1,0.0027785781301886948,-0.0023175891134390694,0.0010510144521475562,0.0028143729921839837,-0.0025296805753045343,0.0010346597700873952,37419767.90987179,35899961.01008123,26.731788107505263,26.181910870440714,0
0.195,fly_2,0.003076652960097452,0.0028855792760034706,0.0010447916042368413,0.00304730566318412,0.002671980360366009,0.0010380258545250915,35068103.99085607,37082087.03422311,25.9218974358848,26.634070887755996,0
0.196,fly_1,0.00279776959302218,-0.0023203863528264428,0.0010423185361458955,0.0028329800044543147,-0.002532496385233966,0.0010249663879895474,37681618.13590172,36141611.87501608,26.820630237819948,26.266118490049724,0
0.196,fly_2,0.0030969046088443575,0.0028812611448544357,0.0010403847753169774,0.0030700263563637415,0.002667284099803601,0.0010355973227917088,35361914.393667296,37417633.65464567,26.0311890781471,26.755004993205645,0
0.197,fly_1,0.0028170908020097455,-0.002316343337965967,0.0010378444159029416,0.0028521460139384895,-0.002528417232221659,0.0010197521120519314,37992478.78572231,36440351.481404915,26.92928868767256,26.37425819292255,0
0.197,fly_2,0.0031143875761466744,0.0028784508291071643,0.0010397138066717184,0.0030901148631079472,0.0026641382763563405,0.0010361781169305763,35596657.77489936,37695657.0501005,26.11376092682971,26.850656091586778,0
0.198,fly_1,0.002836353171937529,-0.0023049614735515776,0.0010378988371297622,0.002871893971883325,-0.0025168714161389635,0.0010188577305809225,38354720.24637492,36804242.94035231,27.058384070434265,26.509348653181398,0
0.198,fly_2,0.003128432095885714,0.002876483301187887,0.0010409910928595339,0.003106444820973551,0.002661918565650832,0.0010378177708413423,35778815.69189062,37917285.26598764,26.172824160981914,26.92190618320623,0
0.199,fly_1,0.002855318076145715,-0.0022878759505405547,0.001042412706180482,0.0028918970414349783,-0.002499516922248853,0.0010223723878318447,38750761.42504469,37213750.140200734,27.200232792023307,26.662542670856013,0
0.199,fly_2,0.0031386184851217584,0.0028741520092086187,0.0010421772177493444,0.003118217933247646,0.0026594392684662358,0.0010384634039539823,35925010.78943764,38094480.83650447,26.21588973055265,26.97409174519335,0
0.2,fly_1,0.0028733708915274795,-0.00226707564978347,0.0010510790107013971,0.0029114142325225253,-0.00247837098789874,0.0010301381352786992,39154993.092090964,37640827.06597077,27.344041577382548,26.821607244393622,0
0.2,fly_2,0.003145185383511116,0.0028703974064213282,0.0010416428992192743,0.003125417223622927,0.002655645926149166,0.0010368934211078525,36055992.919663176,38243612.88713339,26.252119483805828,27.014259263321776,0
0.201,fly_1,0.0028895453914810874,-0.0022445395696681337,0.0010636904498131647,0.0029293616041108288,-0.002455433528769934,0.0010420122766204775,39536136.541715756,38052339.54133325,27.477006307000085,26.972528149924784,0
0.201,fly_2,0.003150259597083258,0.0028642634107127547,0.0010361251531075704,0.0031301628957285032,0.0026495801341548035,0.0010299002573027527,36218253.26166138,38413248.398102276,26.301661932248443,27.062699296068175,0
0.202,fly_1,0.002902932192559686,-0.002222172051890468,0.0010792154341173817,0.0029446819427063594,-0.0024326408279084035,0.0010570481462592956,39867435.32378567,38418605.00969677,27.588498745393164,27.103129398589562,0
0.202,fly_2,0.0031568718186792866,0.002856681744612712,0.0010239924399066103,0.0031358898332603967,0.0026421574787277727,0.0010155881790116894,36440374.22293949,38640874.610447496,26.376653806314224,27.134805121307487,0
0.203,fly_1,0.002912791657313733,-0.002201412940679401,0.00109615243728357,0.0029565028130437688,-0.0024114656489561226,0.0010738201607059354,40131054.26639319,38718750.22021963,27.671719273518914,27.205177902391842,0
0.203,fly_2,0.0031672824397291697,0.0028497412600968952,0.0010063223814120678,0.003145410158486017,0.002635425887440777,0.0009952742900262003,36718883.56562096,38930630.86420858,26.475247010053426,27.23193522998912,0
0.20400000000000001,fly_1,0.002918604298775834,-0.0021830312813686595,0.0011127700037136168,0.002964217369305787,-0.00239270502100579,0.0010906813942012216,40320201.18808466,38943434.997299895,27.72438154278561,27.275316780397755,0
0.20400000000000001,fly_2,0.003182489547210293,0.0028442430782763014,0.0009849231037769109,0.0031600891026576164,0.0026301384603900015,0.0009711765169138216,37048436.409725785,39280774.228224576,26.594770534824903,27.352945110089163,0
0.20500000000000002,fly_1,0.002919819767155344,-0.002166606591175244,0.0011288785325203143,0.002967346072602626,-0.002375915905136904,0.0011073751061372592,40432329.90422835,39091706.00687085,27.745851230455383,27.31360387842688,0
0.20500000000000002,fly_2,0.0032022584777824468,0.0028385402212800126,0.0009623711086687497,0.0031796699844856362,0.002624623651082726,0.0009462157091877773,37435625.12995111,39695589.85250324,26.73760576722463,27.49909428480521,0
0.20600000000000002,fly_1,0.0029165583652687463,-0.0021518332269671917,0.0011436403941514014,0.00296600242305639,-0.00236079278984693,0.001123080185072178,40475923.70393875,39171474.78979315,27.739815446250685,27.323626610416444,0
0.20600000000000002,fly_2,0.003225692063519755,0.00283124448208267,0.0009408509376629145,0.0032031808411547525,0.002617496944417201,0.0009224996168286226,37879393.01660536,40172192.092173055,26.902797387134008,27.668641958864217,0
0.20700000000000002,fly_1,0.0029099144303791173,-0.0021383095293881394,0.0011563658496704082,0.002961246779843905,-0.0023469249222286075,0.0011369714243058137,40472595.65303253,39203804.529248945,27.715090588203857,27.31422534933768,0
0.20700000000000002,fly_2,0.00325146813416098,0.0028225821211045254,0.0009225529670230021,0.003229346513386874,0.0026090005068138914,0.000901935889196255,38355676.760460496,40686753.09843816,27.07978195278315,27.851468018477547,0
0.20800000000000002,fly_1,0.0029017227067055173,-0.0021252134992327787,0.0011676266298511985,0.002954942079770873,-0.002333443493366823,0.0011492009998688329,40451182.58171627,39219705.41800833,27.68327662153767,27.298183074039233,0
0.20800000000000002,fly_2,0.0032783151633205376,0.0028133885855584446,0.0009089494817325053,0.0032569377910494587,0.0026000061890948142,0.0008856579210075898,38835965.58017423,41211207.68476644,27.256467841498115,28.036079825488073,0
0.20900000000000002,fly_1,0.0028937082211807647,-0.002110975267723047,0.001177134115362219,0.0029488377431748517,-0.0023187930565012585,0.0011596974173141697,40450107.3382065,39256506.670833305,27.659728815454375,27.290759851035787,0
0.20900000000000002,fly_2,0.003305170391791934,0.0028046545948518745,0.0009007838286098253,0.0032849030763914774,0.002591544755717733,0.0008742325883853234,39293887.71516692,41718882.86357623,27.42202927123568,28.21192242461763,0
0.21000000000000002,fly_1,0.0028873739328252653,-0.0020948624130247315,0.0011846392196102808,0.002944392062753488,-0.002302272914328303,0.0011684728107551794,40496761.495432906,39339007.29464574,27.65531786209635,27.301994202222456,0
0.21000000000000002,fly_2,0.003331036340393049,0.002797146928644589,0.0008988799729939257,0.0033122028583920976,0.0025843954648145243,0.0008686533198436813,39704962.66839868,42183271.73302745,27.566748435203092,28.368863512340848,0
0.21100000000000002,fly_1,0.0028838664399131026,-0.0020771745046450083,0.0011900249229833838,0.0029426434788552653,-0.0022842143546353876,0.0011754888927160306,40603926.123540506,39477165.8720355,27.674994061940836,27.335774955348377,0
0.21100000000000002,fly_2,0.0033552852038617126,0.002791441783813865,0.0009033861317530047,0.0033381270540934664,0.0025791382133145985,0.0008692638836357739,40052852.62857723,42585858.43151544,27.684458558551253,28.50016764351229,0
0.21200000000000002,fly_1,0.002883859269585389,-0.0020586596223327227,0.0011931994103323226,0.002944169026426652,-0.002265382173192083,0.001180548079859691,40774460.45492081,39672221.65004406,27.719668183694022,27.39236613907045,0
0.21200000000000002,fly_2,0.0033777822009558576,0.0027878812663584478,0.0009136143335637271,0.0033624231594786267,0.0025760932184764143,0.0008756477879479,40332496.0090338,42919377.4480001,27.77363408672489,28.60357401457218,0
0.21300000000000002,fly_1,0.002887442622067497,-0.0020402328045768213,0.0011939585753471549,0.002949003101446787,-0.0022466969490530764,0.0011832627635004265,41003147.02233326,39918520.93705848,27.786986611950905,27.469197150105217,0
0.21300000000000002,fly_2,0.0033986154264158894,0.0027863944425962645,0.000928216182300004,0.003385021839000153,0.0025751354188613814,0.0008867870230213578,40549212.55527644,43186650.405227214,27.836871238853334,28.68067423535543,0
0.21400000000000002,fly_1,0.002893944241635957,-0.0020228721085715187,0.001192075433640335,0.0029564632698338756,-0.0022291357403996853,0.0011832311549799122,41274556.415165514,40201150.89586488,27.87057127576459,27.559990080835753,0
0.21400000000000002,fly_2,0.0034178475220506717,0.002786473654192434,0.0009460623420052479,0.0034058192580283665,0.002575710170925284,0.0009017271308014196,40713071.42201165,43395430.052691095,27.878548038409203,28.734839760987335,0
0.215,fly_1,0.0029023212176931615,-0.002006947738432642,0.0011878462403922005,0.0029655898498414206,-0.002213043689537264,0.00118056097504699,41570909.81095664,40505011.639724836,27.963218619222307,27.658495119390224,0
0.215,fly_2,0.0034354247728555073,0.002787542096159133,0.0009660404341427923,0.0034246403530717572,0.0025771882080782077,0.000919495036669508,40834224.599084295,43554126.668987244,27.902957607171675,28.769576039406942,0
0.216,fly_1,0.0029115690808297423,-0.001992235861940102,0.0011814988648667622,0.0029755221046918984,-0.002198155182414861,0.0011752714929587644,41880212.89537783,40822205.274058774,28.06011129671069,27.761441787269124,0
0.216,fly_2,0.0034511691793052647,0.002789348192610797,0.0009867310492454279,0.003441258840710844,0.002579254560274317,0.0009388354669085532,40919312.221052855,43668466.64147914,27.91290816362828,28.787276181085033,0
0.217,fly_1,0.0029205887938403476,-0.001978444417267933,0.0011732422137783476,0.002985294304156551,-0.00218414001816564,0.0011674067469734318,42189470.25260141,41143591.57382059,28.156149665193915,27.865141492061674,0
0.217,fly_2,0.00346379840492231,0.0027916304419683905,0.0010086459579888804,0.003454313675503955,0.0025814876404381434,0.0009608800827256708,40954331.47114075,43720836.811220855,27.90296497179407,28.781438892822088,0
0.218,fly_1,0.002928591895494372,-0.0019646316036155747,0.0011640604615338942,0.002994266475908054,-0.0021700149018273117,0.0011580532766743978,42491175.25498891,41464791.368985966,28.248457560162635,27.9678556294002,0
0.218,fly_2,0.0034731108693695774,0.002795190543504536,0.001031852743841294,0.003463716506163742,0.0025846834189820716,0.0009857004694442389,40926308.75491921,43699044.92380348,27.868107947103315,28.747620177924386,0
0.219,fly_1,0.0029347656605271835,-0.001950386747647673,0.0011559368499563507,0.0030016683462459268,-0.0021553637505356024,0.0011496126980383914,42767069.33985956,41767130.05250181,28.330115368255107,28.062319336175165,0
0.219,fly_2,0.003479211694253294,0.0028012672114874153,0.001054504683651338,0.0034697196262275746,0.002590197424905578,0.0010110192630638178,40829514.5202032,43599760.968773276,27.806151737930467,28.68467112141159,0
0.22,fly_1,0.002937882798373347,-0.0019366109301688997,0.0011494340332255221,0.003006181435624925,-0.002141118666382431,0.0011428448037428991,42988670.87735684,42019781.33278541,28.390453317344104,28.136718262504505,0
0.22,fly_2,0.003482412062438869,0.00281039120835634,0.0010740093305552183,0.0034726967171817328,0.0025986552372977705,0.0010339465474117628,40674041.06924625,43434693.45142233,27.721117856984414,28.597045969684217,0
0.221,fly_1,0.0029369809947658618,-0.0019243425711895018,0.0011437492422544566,0.003006733835690656,-0.0021283510799686186,0.0011369224204886663,43136987.40227836,42201702.178998776,28.422561553035486,28.183225587484046,0
0.221,fly_2,0.003484095332321011,0.0028237859600685395,0.001088669640394037,0.003474242603520967,0.0026113347571914487,0.0010526287455931232,40469604.50288873,43218202.31391847,27.616823259164125,28.490140314396697,0
0.222,fly_1,0.002932051458088863,-0.0019146106991652315,0.0011379540981505188,0.003003098687624089,-0.002118166259414328,0.0011309568820022224,43207070.433966786,42303046.68756881,28.424873681661374,28.19838898509873,0
0.222,fly_2,0.0034852704786458165,0.0028422055587519137,0.0010998108008633074,0.0034755908894321193,0.0026290303338478956,0.0010682804185859535,40212546.62207934,42950445.02433697,27.491724518289196,28.363926327879533,0
0.223,fly_1,0.002926689425355485,-0.0019077113869636687,0.001133075378118806,0.0029985785070198788,-0.0021109944975653532,0.0011267926360156995,43240429.00223057,42353641.79220019,28.41331335753486,28.19396563514289,0
0.223,fly_2,0.003487248643230994,0.00286442519681083,0.0011079750880025933,0.00347807495793528,0.0026505880540109573,0.0010811226053601534,39930631.617678285,42661389.2142019,27.356792437722195,28.229712146289984,0
0.224,fly_1,0.002933394183286813,-0.001900909253626627,0.001132347213463097,0.003005371927647133,-0.002104191031555678,0.0011271261938706233,43418000.879783556,42527762.971717104,28.45620904667788,28.236981500852277,0
0.224,fly_2,0.0034903337777098856,0.0028880945161912463,0.001112915189662204,0.00348189882822861,0.0026737543697953146,0.0010901404396745596,39657891.02827375,42386838.16679449,27.22560466940144,28.101137734129978,0
0.225,fly_1,0.0029520982610182736,-0.0018934268729309492,0.001129973025031587,0.0030234339975742613,-0.0020969572081180454,0.0011257125889713086,43778294.15588058,42866430.73345502,28.56732277704365,28.342506599205908,0
0.225,fly_2,0.0034944286024989964,0.002911314637954038,0.0011149297215549336,0.0034869791981739866,0.0026966572844713656,0.0010949731953592673,39415387.56970056,42150872.92074225,27.106655200776935,27.98747439708408,0
0.226,fly_1,0.0029791179334125524,-0.0018865694160750495,0.0011262868240816289,0.0030490318314709023,-0.0020906014234329615,0.0011224759451058319,44259102.50260917,43309608.273025155,28.72220360140799,28.48664781757044,0
0.226,fly_2,0.0034996602064229373,0.002932376359515442,0.0011142344970015746,0.0034933761908638237,0.0027175213601820488,0.0010960857676609057,39224682.68308334,41973901.065766245,27.008701264980584,27.89663712513842,0
0.227,fly_1,0.0030098308617529292,-0.0018791937649051207,0.0011243718408983489,0.0030778053394105048,-0.0020838766237728824,0.00112038014455712,44791163.88494493,43796795.5581429,28.8942475692736,28.645787519480383,0
0.227,fly_2,0.003506336940748638,0.002950206200653694,0.0011118543114760858,0.003501357284241987,0.0027352303684584378,0.0010947624841948066,39097477.296048634,41866454.98459606,26.93653755063809,27.83273609463491,0
0.228,fly_1,0.003039938404420574,-0.0018690328459677282,0.0011254239028665645,0.0031058396719393427,-0.002074392929940163,0.0011214496334953754,45328400.22080967,44288319.75553599,29.06613690577547,28.804750765279227,0
0.228,fly_2,0.003514448441637458,0.002964353177099884,0.0011092949778520626,0.003510889104868138,0.002749306303748804,0.0010927508142144651,39032155.56521299,41825428.52367549,26.88953733686159,27.79457436739847,0
0.229,fly_1,0.0030665396186139197,-0.0018544909797493494,0.001128936445801699,0.0031305316391892104,-0.002060470395667254,0.0011259302043624456,45846420.986012116,44763662.211000085,29.229004373989845,28.955929123171,0
0.229,fly_2,0.0035234832402342227,0.0029752216676949697,0.0011074177004140172,0.003521522033220389,0.00276014773714424,0.0010909588416659296,39014264.402623646,41836259.1933985,26.861834914736946,27.776489620200415,0
0.23,fly_1,0.0030882720982976656,-0.0018349445831243266,0.0011332021198028695,0.0031507495497901015,-0.0020414082697496534,0.0011322800965548583,46339795.2026781,45221632.101830974,29.38109961279109,29.099048695338283,0
0.23,fly_2,0.00353261098346721,0.0029832870950660087,0.0011061657676596408,0.003532441393774141,0.0027682320320959724,0.001089348303609718,39029568.37315801,41884034.165871635,26.84762989615468,27.772667655245318,0
0.231,fly_1,0.0031056239137762427,-0.0018113124459850094,0.0011351905385388913,0.0031669897995091714,-0.002018097402630641,0.001137587565876681,46823059.537477694,45675129.65001394,29.52785014092997,29.238975884269877,0
0.231,fly_2,0.0035407720543888925,0.0029892217047669226,0.0011050905429976555,0.003542587378573736,0.002774239327533802,0.0010874605105507013,39060755.91753815,41950495.29978716,26.839895267824257,27.776033124306895,0
0.232,fly_1,0.0031194202113489504,-0.0017847555564286814,0.0011334956937447728,0.0031801934345603764,-0.0019916343868586436,0.0011397647309280955,47304611.70965305,46137278.95218849,29.672334650225256,29.38050903384449,0
0.232,fly_2,0.003547392018810984,0.0029946163217667234,0.0011021248589158426,0.0035513579157188577,0.0027797379240258563,0.001083602391131702,39091340.34388016,42017225.12679388,26.831975399594203,27.77950370581506,0
0.233,fly_1,0.0031306704486737083,-0.001756720766721295,0.00112777306736159,0.0031914719328378985,-0.0019634518760906685,0.0011376200927561192,47787064.10864806,46615782.115848124,29.815501417686324,29.52635118953525,0
0.233,fly_2,0.0035549591984760883,0.0029996755911613437,0.0010916614400495119,0.003560534208578282,0.0027847748626008873,0.0010738251822209727,39171329.59572454,42124103.13646407,26.84391635992388,27.798269220588832,0
0.234,fly_1,0.0031408577680184504,-0.0017294082732505437,0.0011184140674906791,0.003202201511907529,-0.0019358266418605676,0.0011310607331709297,48269318.50462179,47107865.4272848,29.956974960899384,29.675385218593927,0
0.234,fly_2,0.0035635630632644194,0.003003452521361642,0.001073768518011023,0.0035698390760684428,0.002788453852338271,0.0010574063681448535,39313023.79253128,42282874.7884334,26.880479171896614,27.836651043714035,0
0.23500000000000001,fly_1,0.0031514767637031513,-0.001705084934236809,0.0011065616606429202,0.0032136453607774893,-0.0019111323600266728,0.0011210895589754335,48746298.60858722,47602388.62178798,30.095015344660982,29.82357000948897,0
0.23500000000000001,fly_2,0.0035729449682487245,0.003007800423080733,0.0010502622983038642,0.003579096795200972,0.0027927454335601775,0.0010346084657302096,39480047.3676908,42463327.45917041,26.926927516640625,27.883003689254696,0
0.23600000000000002,fly_1,0.003163827660547592,-0.0016857520936101925,0.001094122701451145,0.0032268199125747984,-0.0018914739702798888,0.0011096797452198014,49208725.62915565,48082026.50511923,30.226494136312855,29.964826259842805,0
0.23600000000000002,fly_2,0.0035862225091904225,0.0030122942072865876,0.0010248679536036484,0.0035911925201265417,0.002797125628510733,0.0010104001387840496,39692863.449056014,42680426.80941665,26.99126385102377,27.942868339988504,0
0.23700000000000002,fly_1,0.003178868506185481,-0.0016727621330849616,0.0010834518360838346,0.00324241776375989,-0.0018782842784331446,0.0010993790329496514,49645760.86963771,48528063.941152066,30.347846240231917,30.092783138443608,0
0.23700000000000002,fly_2,0.00360913835394721,0.0030144239282457676,0.0010060157928610863,0.00361222312796796,0.002799041111373935,0.0009945152566833255,40008528.994764104,42993466.00308187,27.095761602421007,28.03828762321656,0
0.23800000000000002,fly_1,0.003197068641652006,-0.0016665937545638566,0.001076755360962693,0.0032607316567634507,-0.0018720843603152275,0.0010926351412393596,50047588.282054245,48925115.77363425,30.455953442375346,30.202404060961143,0
0.23800000000000002,fly_2,0.0036381176316501182,0.0030178318662349647,0.000994642360231273,0.003639326927451571,0.0028022871768966515,0.0009862423323447071,40338294.1838131,43323513.15478295,27.20491090208346,28.139232492622508,0
0.23900000000000002,fly_1,0.003218318214432132,-0.001666831513775911,0.0010756020315327516,0.003281607681623351,-0.0018724544020055755,0.0010912611229982024,50406420.908998184,49263455.67861438,30.548455921160773,30.290713190834662,0
0.23900000000000002,fly_2,0.003669347390562699,0.0030259910800902057,0.000992271265317125,0.0036692484459596698,0.0028103688480975845,0.0009860600458502192,40587014.04932085,43581554.433441915,27.281487553550164,28.212592688689245,0
0.24000000000000002,fly_1,0.003242066668950827,-0.0016724626460271007,0.0010801723017528633,0.0033045532928220834,-0.0018783272734408899,0.001095879401540368,50720273.47925651,49540944.356056795,30.624979257566704,30.35736515759414,0
0.24000000000000002,fly_2,0.0036998667093246064,0.0030398257018511,0.0009991667122037015,0.0036991232662655876,0.002824176793372734,0.000994015835454283,40706311.36856488,43718316.53512406,27.30713596905156,28.24056354314884,0
0.24100000000000002,fly_1,0.0032679757873360625,-0.0016829136550073104,0.00108890159434534,0.00332919006056189,-0.0018890945750064695,0.0011054478008143396,50996268.44071631,49761782.12220435,30.688172830124024,30.404136791467252,0
0.24100000000000002,fly_2,0.0037277359732617583,0.003058438250161558,0.0010133022066777639,0.0037268379520870127,0.0028427803386386285,0.0010085699004409982,40694026.56581653,43726068.758318216,27.28149470212537,28.220751865979533,0
0.24200000000000002,fly_1,0.003294608384273749,-0.0016965739336478943,0.0011008986577685247,0.0033542302014514585,-0.001903120149768333,0.001118659161408274,51230063.31661704,49928966.55247003,30.73680320248817,30.43232069628928,0
0.24200000000000002,fly_2,0.00375208404201186,0.003080402786761835,0.0010309233492191584,0.0037513541083781863,0.0028647380586624936,0.0010264817034084067,40576405.404229134,43626947.62870158,27.214983846164166,28.161573969487915,0
0.24300000000000002,fly_1,0.0033201914061943122,-0.0017117037529654892,0.0011151989856562252,0.0033780746256649205,-0.0019186443181305184,0.0011340847305363285,51414622.878380105,50044043.68718485,30.768748371765096,30.442658965133433,0
0.24300000000000002,fly_2,0.00377290813052785,0.0031040686748296468,0.0010480361485142057,0.003772529230685963,0.0028883922589997444,0.0010441533587365577,40395328.5564197,43460689.33463666,27.12391660536361,28.077755872117475,0
0.24400000000000002,fly_1,0.003342997606027819,-0.001726829673235461,0.0011306575524472064,0.0033991490027113678,-0.001934179930520664,0.0011502643732253803,51543604.40912455,50107895.58654748,30.78212133818741,30.435623281569878,0
0.24400000000000002,fly_2,0.0037906936945228736,0.0031278393537203164,0.0010614662043710152,0.0037907677509471755,0.0029121464957115426,0.0010586163821952378,40194604.08648175,43270960.34391686,27.025333427012786,27.985428911544947,0
0.24500000000000002,fly_1,0.0033616044042791013,-0.0017409495252991272,0.0011461312159572877,0.0034161376079243216,-0.001948715865256205,0.0011659002232113098,51612253.90439704,50120687.00422323,30.775546636019747,30.41140291855304,0
0.24500000000000002,fly_2,0.003806146630114325,0.003150168952066333,0.0010695624656405884,0.0038067137965575844,0.0029344619687101444,0.0010682541765367102,40012671.42561245,43096972.45559777,26.934251360740884,27.899123192897196,0
0.24600000000000002,fly_1,0.0033752562680605946,-0.0017537352247299002,0.0011608343427896828,0.0034283090266860597,-0.0019619216095797995,0.00118020880877299,51618220.15273157,50081550.695788875,30.748408293257125,30.369802040916497,0
0.24600000000000002,fly_2,0.0038201887944832114,0.0031696743497508168,0.0010718893851694798,0.003821266242625356,0.002953966012649146,0.001072426392723864,39881634.11948843,42973143.62383152,26.86327711079709,27.831644895636785,0
0.24700000000000003,fly_1,0.0033840183346543237,-0.001765513750511412,0.0011741399702844008,0.0034356860909435785,-0.001974133789963797,0.001192569784871097,51564718.98180503,49992738.57757938,30.701875084597347,30.311641920157033,0
0.24700000000000003,fly_2,0.0038338407416854624,0.003185096973422435,0.0010691500459310429,0.003835418767740954,0.002969404065594016,0.0010715197111120353,39826864.61693761,42927477.17623608,26.822380049966196,27.793411067138482,0
0.248,fly_1,0.0033884378684325613,-0.001776899456812092,0.0011855246299604062,0.0034387409725960883,-0.0019859695801422777,0.0012025779935287701,51458843.61481189,49858498.0148625,30.63833866817577,30.238381325367982,0
0.248,fly_2,0.0038480640641146554,0.003195597031557728,0.0010627911719254036,0.0038501111998436536,0.002979932249045953,0.0010667970159359186,39863515.81045337,42976744.887223795,26.817433431409896,27.79056952602866,0
0.249,fly_1,0.0033901425276165803,-0.001788722061007694,0.001195327169382083,0.0034389984012083426,-0.001998259805930625,0.001210772979007321,51316018.86180057,49689445.63646639,30.562891727796366,30.15360357528256,0
0.249,fly_2,0.0038635681333993735,0.003200675394285651,0.0010547852799841378,0.0038660182074802285,0.00298504477592251,0.001060167614803552,39997214.323131636,43126814.21734525,26.850426437661067,27.825062420434563,0
0.25,fly_1,0.003391062293015651,-0.0018011917492140085,0.0012042904355076018,0.003438264986965178,-0.0020111876161727276,0.0012186144541805777,51159295.998362765,49500687.111721165,30.48312197969703,30.062401225081,0
0.25,fly_2,0.0038807355184963237,0.003199778477888262,0.0010473821403389498,0.00388339883912296,0.0029841767007855752,0.0010537316600202952,40230459.603400275,43379428.75163349,26.92195540625807,27.897134500336925,0
0.251,fly_1,0.0033932907445354686,-0.00181521862943905,0.001212373785793319,0.003438593559893576,-0.002025686918789041,0.0012258752696191124,51011684.5850449,49313229.85224539,30.406610979252477,29.971878976564636,0
0.251,fly_2,0.003899800648505954,0.003192056061373437,0.0010419693301560106,0.0039022243574159095,0.0029764752123068246,0.001049079823642311,40573367.35024044,43740649.050835244,27.03538259201424,28.008441301364254,0
0.252,fly_1,0.0033981747990571667,-0.0018307115347952303,0.0012192209690435262,0.0034414561463770254,-0.0020416671533992057,0.0012317104814588533,50896695.79601723,49154651.68301621,30.341116794260596,29.891398575745264,0
0.252,fly_2,0.003920664146169082,0.0031771291564237684,0.0010390291985529578,0.003922158022262449,0.002961570069748506,0.0010470031845527584,41030795.02155405,44210561.20855732,27.191777236057142,28.15824503679166,0
0.253,fly_1,0.0034063488073939503,-0.0018469559822028821,0.0012243007999324755,0.003447637451605974,-0.002058385106839692,0.0012354591636667379,50834470.29777263,49048355.656400084,30.293276424654167,29.828920117296608,0
0.253,fly_2,0.003942212178674172,0.0031564568054782134,0.0010395267368767834,0.003942127518672657,0.00294092178612982,0.001048255094909793,41567962.100079924,44753551.10568015,27.376886198442723,28.332785193760138,0
0.254,fly_1,0.0034179026398795925,-0.0018629802130126492,0.0012271111070751484,0.003457364103017965,-0.002074834958692073,0.001236697327752035,50839598.99020682,49011166.99156234,30.267851806675555,29.790141286117723,0
0.254,fly_2,0.003962950092055739,0.0031320645927509936,0.0010436781320717944,0.0039607657308374285,0.0029165629068175192,0.0010529403074468727,42139799.40473837,45323843.86587048,27.57292682814684,28.51503145448577,0
0.255,fly_1,0.0034324509061917294,-0.0018778628221327376,0.0012275214700738734,0.003470349986460602,-0.002090071385719408,0.0012354411431754672,50916865.208630465,49049334.37016917,30.266299224265385,29.77709834053156,0
0.255,fly_2,0.0039812854168654955,0.0031062491882099348,0.0010508635434884825,0.00397667617856674,0.0028907978389843838,0.0010604033027084771,42698183.16748826,45873377.299011126,27.76157769268318,28.68772377160607,0
0.256,fly_1,0.0034492878402444657,-0.0018910306987408234,0.0012258278336869854,0.0034859309776309215,-0.0021035145099948535,0.001232108470933286,51060054.87406483,49157361.58679094,30.286390149637924,29.787768392237393,0
0.256,fly_2,0.003995829848518404,0.003081097891623392,0.00106004631073384,0.003988677845169207,0.0028657165314071933,0.0010695990321415772,43200636.5122254,46360574.17640801,27.927264307322556,28.83648164053167,0
0.257,fly_1,0.003467618655668659,-0.001902471611540576,0.0012220429880171297,0.0035032494328525008,-0.002115163946197796,0.0012269373176052418,51257865.71770139,49321907.28533528,30.324203193396894,29.81743834963564,0
0.257,fly_2,0.004005526375067036,0.003057793773199296,0.0010703644069131745,0.003995837091718616,0.0028424959377803764,0.0010795565676440695,43620157.08997186,46759785.76049351,28.060596600402107,28.952909857058547,0
0.258,fly_1,0.0034865465730382623,-0.0019126838681668183,0.0012158633801979707,0.0035212736487420203,-0.0021255452116188127,0.001219814917070902,51494077.69055632,49523424.896969944,30.37423569716542,29.859329077796605,0
0.258,fly_2,0.0040102409877787884,0.003038486001104846,0.0010816442725811637,0.003998169310641587,0.0028233084807514253,0.0010908336856434268,43921077.227360785,47032499.578708515,28.149200493418416,29.02428774522067,0
0.259,fly_1,0.0035049816203524564,-0.0019224225877642264,0.001207305063131248,0.0035387615413049215,-0.002135443401373055,0.0012108527210429544,51744081.56202498,49734466.052767694,30.428342454891826,29.904103691914695,0
0.259,fly_2,0.004010658129997466,0.0030229218976502467,0.0010936889581822328,0.0039962897306614386,0.002807907715007611,0.0011033836128857557,44113894.01366249,47188508.44540787,28.197653575478768,29.054706628850102,0
0.26,fly_1,0.0035217176190451226,-0.001932113245289772,0.0011972310950892088,0.003554430336508939,-0.0021452990423756865,0.0012008684023014713,51978717.530554935,49925901.99164663,30.477057432562493,29.942017406760435,0
0.26,fly_2,0.004008020796036078,0.0030101209445563344,0.0011064428529434821,0.003991377537744006,0.00279529962642502,0.0011167549427670415,44226406.87037136,47259070.79326658,28.216573016927168,29.055420835382318,0
0.261,fly_1,0.003535629175647478,-0.00194189196444134,0.0011866735423555993,0.003567152946553448,-0.0021552491847594522,0.0011907336375240837,52171846.77321538,50073930.15392781,30.512055887787632,29.965247791992105,0
0.261,fly_2,0.004004093191369784,0.0029988886158905503,0.0011205947063601396,0.003985236561170179,0.0027842570143175875,0.001131046455999365,44291684.137728155,47283649.48203105,28.218244399315154,29.04027923376007,0
0.262,fly_1,0.003545438768903197,-0.0019522279235313464,0.0011758394113243092,0.003575615584525229,-0.0021657675032067006,0.0011805024229871136,52296881.18348144,50153464.35832594,30.524988692259477,29.965636795316907,0
0.262,fly_2,0.004000484577474344,0.002986334730606946,0.0011356723778102435,0.003979243723445718,0.0027719377696552583,0.0011463637398186973,44373536.975380145,47321036.13083164,28.225936021762465,29.029643856995698,0
0.263,fly_1,0.0035502841398168854,-0.0019641294514086785,0.0011656137577566216,0.003578868878697771,-0.002177878463280809,0.0011706939736555514,52322505.918050975,50134739.753986575,30.506053665071125,29.93350989037111,0
0.263,fly_2,0.003998423750571757,0.0029709944295810502,0.0011503111022487579,0.003974637093837802,0.0027568719252845176,0.0011611408798080185,44515186.14683156,47417659.26902135,28.2552292286509,29.03945896682299,0
0.264,fly_1,0.003549557530625461,-0.001975359348563719,0.0011569128587950476,0.00357670740255677,-0.002189292136917919,0.001162126541552091,52259444.02296652,50038055.12579708,30.458872254831327,29.87572700094248,0
0.264,fly_2,0.003999045026343815,0.0029534827638065947,0.0011625830007991951,0.0039728465867059715,0.002739613680395161,0.0011728393592209919,44731325.87143768,47598586.49685869,28.311192297764574,29.078143136751134,0
0.265,fly_1,0.0035492127615553556,-0.001982575563059745,0.0011522347492228277,0.0035755948739490777,-0.0021966089203431724,0.0011572588991420056,52220974.372790284,49982214.35965511,30.419764707185585,29.83169611692444,0
0.265,fly_2,0.0040030462339034996,0.0029353556688887445,0.001171305771235092,0.003974865405145496,0.0027216744893297402,0.0011801222535021505,45014323.5609526,47862940.94493577,28.390731611328306,29.145052287217517,0
0.266,fly_1,0.003560698207593901,-0.0019827546484941236,0.0011481634103680028,0.0035873172017009476,-0.0021967587566436232,0.001153184049236399,52440324.46533208,50192493.61178554,30.46310557196382,29.875829232332553,0
0.266,fly_2,0.004010490922516974,0.0029179503622520624,0.0011761679907771596,0.003980908594932911,0.0027043823456366846,0.0011828854412208652,45348185.28088877,48195963.25768374,28.487763573249364,29.234744578359248,0
0.267,fly_1,0.003582963907466106,-0.001979027230781373,0.001142458678755686,0.0036105508402066106,-0.0021929192060602207,0.0011470106036302983,52882197.15161161,50631648.2335399,30.576617861284724,29.99476414440133,0
0.267,fly_2,0.0040205488263551,0.002902060036162536,0.0011770283427606641,0.003990084458095477,0.0026885588847436093,0.001181579889323654,45714015.21116881,48573206.57863107,28.595269310872478,29.338558928087448,0
0.268,fly_1,0.0036122930928573897,-0.0019754276872662384,0.0011388281325734684,0.0036411432271193454,-0.0021891721201578967,0.001142366935714521,53419266.8054197,51168084.39168644,30.718815468434737,30.14409324411766,0
0.268,fly_2,0.004032063609874603,0.002887713512362307,0.00117356134514957,0.004001045615138077,0.002674261399548894,0.00117632096555741,46101461.03537848,48977626.12419404,28.70938981165491,29.450494346972047,0
0.269,fly_1,0.0036449403157390414,-0.0019746419872991674,0.0011396057978916526,0.003675167666687348,-0.002188215691197868,0.001141634645943766,53946019.95116483,51695722.68719661,30.85610782409312,30.288819199523296,0
0.269,fly_2,0.0040439354913743095,0.002874307744913879,0.001166025934436631,0.004012462908928412,0.0026609100362817613,0.0011675849313989143,46506270.27295555,49398896.947731405,28.828490106104756,29.566931439089842,0
0.27,fly_1,0.003677934025495864,-0.0019782299770636966,0.0011452458334086253,0.00370957915098925,-0.0021916078308561833,0.0011453620667970226,54392077.20972656,52144507.54095882,30.966841259402614,30.40660774541296,0
0.27,fly_2,0.004055034140514859,0.0028611274071362203,0.0011552690272433673,0.004023019395453533,0.0026478067943234325,0.0011562220301896194,46921400.26759983,49825525.8762234,28.95000398519024,29.68395828831555,0
0.271,fly_1,0.0037094206493108097,-0.001987006848249135,0.0011543912427978672,0.003742425040899023,-0.0022001680016049204,0.0011522537670193645,54724545.11246309,52480531.31961085,31.04147308408938,30.487247030435412,0
0.271,fly_2,0.0040642184151393305,0.0028476178992856123,0.0011427595612437261,0.004031444003878609,0.0026344120820346617,0.0011435679074862078,47332853.753942914,50240395.35762989,29.06903318405225,29.795923659192347,0
0.272,fly_1,0.003738638124018518,-0.0020002839805317967,0.0011639716299545076,0.0037729498923571637,-0.0022131915284192855,0.0011590103223856705,54959096.753072485,52721718.80021311,31.08543944057027,30.537083640047996,0
0.272,fly_2,0.004071229098637562,0.002832650814786332,0.0011322195616008783,0.004037392351445091,0.0026196103176288534,0.0011328171208930986,47731518.556771845,50634364.040888004,29.182489830974898,29.899935575875087,0
0.273,fly_1,0.003765623760975307,-0.002017001035030035,0.0011710354138727821,0.0038010676532697334,-0.002229624277967067,0.0011628731207671892,55129659.05288248,52898535.92143306,31.109528386635972,30.566187797002012,0
0.273,fly_2,0.004075164536513832,0.0028170769444473337,0.0011243482794892619,0.004040071047338853,0.0026042391861557323,0.0011246159167664182,48088517.50515593,50979213.37430641,29.28063072729428,29.986983359158987,0
0.274,fly_1,0.0037907840406665016,-0.0020362305797364554,0.0011734261310325169,0.003826948876405442,-0.0022485902157069744,0.0011621555661298717,55269834.349755555,53036490.50902791,31.12420077683817,30.582844754278188,0
0.274,fly_2,0.004075193987290761,0.0028026588989708886,0.0011182924553871842,0.004038856745021354,0.002590029818808729,0.0011181697344479053,48370544.43182199,51244215.09105131,29.35243666549319,30.04744056344273,0
0.275,fly_1,0.003814622653173524,-0.0020561832608997064,0.0011699560115842728,0.003851004741903694,-0.002268342520197175,0.001155944292176571,55419495.92553026,53171678.64211099,31.1416592076224,30.59853037513956,0
0.275,fly_2,0.004072091321061455,0.002791196949970353,0.0011141895636568617,0.004034798992745056,0.0025787354152172442,0.0011132332865651797,48556484.86326059,51416547.7453229,29.39118401021458,30.07757762845318,0
0.276,fly_1,0.0038374871707142102,-0.002074826408729917,0.0011606005513537993,0.003873610277582417,-0.0022868702924362548,0.0011443509821379052,55611364.30799489,53336793.79833491,31.171771017633773,30.623499363848374,0
0.276,fly_2,0.004076519206825143,0.002787527950176818,0.0011191344402831371,0.0040390779252753245,0.002575099890648228,0.0011171329589303447,48653181.093425296,51520568.941450745,29.399580668637473,30.085572759807874,0
0.277,fly_1,0.0038595601750233207,-0.002090113196963238,0.0011469283233466775,0.003895081965443025,-0.0023021118344520694,0.0011288641024933366,55864832.01919906,53555647.49944695,31.220218747241965,30.665077975775137,0
0.277,fly_2,0.004091261438873383,0.0027868897845132502,0.0011268191513477358,0.004054045514044608,0.00257441668532631,0.0011255179873241345,48808382.270886496,51688938.46650246,29.427627581068254,30.114151751252113,0
0.278,fly_1,0.0038809238023963,-0.00210039803216086,0.0011314211641326958,0.003915673018779894,-0.002312391362049279,0.0011118544574520357,56186784.206674136,53840802.64142461,31.288792427470415,30.726943825973695,0
0.278,fly_2,0.004114713329383184,0.0027866012762980505,0.0011303426467383245,0.0040781211380915144,0.00257401605206223,0.0011306071081919747,49089008.97105685,51994770.930601865,29.497520148815727,30.186391614394676,0
0.279,fly_1,0.003901605890600662,-0.002104238868069238,0.0011171115838213628,0.003935656494138092,-0.0023162384405722557,0.0010964168109534383,56577659.16822788,54198520.54465843,31.37726872919688,30.81070264254144,0
0.279,fly_2,0.004143259007134078,0.002786008673418597,0.0011300446504048192,0.004107890003289723,0.0025732237615004967,0.0011318196979661736,49460917.473132685,52408995.40235134,29.597231220729622,30.292352106063955,0
0.28,fly_1,0.003921655269214667,-0.0021008368856102856,0.0011068999359613958,0.003955319075893954,-0.0023128267561094954,0.0010854854807414156,57030918.3380896,54627872.053295806,31.483308663305102,30.915651148996172,0
0.28,fly_2,0.004172906581073325,0.002783540611294292,0.001129090722844824,0.004139214820619227,0.0025704925052087565,0.0011317185998683482,49881925.61956473,52885351.65370922,29.71223078887292,30.416776747519457,0
0.281,fly_1,0.003941185194070314,-0.0020895538310413625,0.0011024393781251568,0.00397504188864965,-0.002301436883546838,0.0010802846436445987,57547442.484541714,55139316.40620218,31.606766102578412,31.044506181254008,0
0.281,fly_2,0.004200671281760522,0.0027770751636563905,0.0011294042186542122,0.004168776259962963,0.0025637482327815824,0.0011318258121066598,50339108.43381233,53403999.288682,29.83793528908426,30.553028614226257,0
0.28200000000000003,fly_1,0.003960333813883781,-0.0020711603311122056,0.001104028413287631,0.003995034224857978,-0.002282806088970721,0.0010809309972958615,58117114.12310201,55725721.1929897,31.744248722612763,31.19450726860859,0
0.28200000000000003,fly_2,0.004225005438371029,0.002765361919878473,0.0011309216453823203,0.0041947399918750156,0.002551786330478771,0.0011319248042668507,50835998.339115925,53963146.903615534,29.975232856368727,30.700235446263452,0
0.28300000000000003,fly_1,0.003979091173983286,-0.002048169502397546,0.0011111439586483517,0.004015109410709805,-0.0022594852863693517,0.0010870636340185996,58707055.00925551,56348643.700963095,31.885873235476392,31.35354984505344,0
0.28300000000000003,fly_2,0.004245624606122943,0.002748289842580929,0.0011324725949865737,0.004216643217930557,0.002534539739892508,0.001130888705497887,51380001.76688899,54567084.178848416,30.12621169130935,30.859394740606444,0
0.28400000000000003,fly_1,0.003996565591572196,-0.002022817682275574,0.0011232805009375282,0.0040342702845343375,-0.00223375097026261,0.0010984402087816513,59272704.3455416,56959001.18969383,32.0187480410404,31.50679123029499,0
0.28400000000000003,fly_2,0.004263421596080651,0.0027271248511408354,0.0011317365280534657,0.004235364413319833,0.0025133109483019838,0.0011264501857333872,51977836.91960479,55223760.77548834,30.292637462892063,31.032551165283557,0
0.28500000000000003,fly_1,0.00401180618351154,-0.001997490232799206,0.001139390529516455,0.004051403586407523,-0.0022080199807786587,0.0011140763661610922,59769824.91748969,57507858.846619666,32.13051157415692,31.6399726729131,0
0.28500000000000003,fly_2,0.004279322226840151,0.002703071716388044,0.0011277888331929762,0.004251670052280337,0.0024893383957251213,0.0011185714123338468,52628168.29921883,55924050.51429145,30.473616303052427,31.2164992694598,0
0.28600000000000003,fly_1,0.004023935848709087,-0.001974292165577887,0.0011579158258420885,0.004065461997853109,-0.0021844264883236317,0.0011324073702197576,60163888.244778365,57955764.125766456,32.21189591815124,31.7420629243539,0
0.28600000000000003,fly_2,0.0042943081430903505,0.0026778401306481766,0.0011203233500040502,0.004266500314365507,0.002464303732413653,0.0011076557828573032,53317424.883109316,56650094.510833904,30.66440590336921,31.40553592374801,0
0.28700000000000003,fly_1,0.004032240838086407,-0.0019546509200244694,0.001177054865600393,0.004075603045663764,-0.0021644341322284645,0.001151712040221751,60436174.838483274,58278833.49565835,32.25823185273782,31.80678999858403,0
0.28700000000000003,fly_2,0.004309340924526744,0.002653733547945263,0.0011097494525878107,0.004280961243829547,0.0024404441404094644,0.0010944602955366865,54016253.40222353,57374075.05457677,30.855525415968216,31.59125148292354,0
0.28800000000000003,fly_1,0.004036325980149604,-0.001938954090987576,0.0011947933887906793,0.0040813746766762225,-0.0021484549116182004,0.0011700637089882954,60591613.33575843,58478412.26257019,32.27143482335413,31.835183287292793,0
0.28800000000000003,fly_2,0.004325196516014932,0.002633182767188059,0.0010974936826196994,0.004296091482558549,0.0024201224906311744,0.0010804715926250104,54682695.12037797,58059304.12153384,31.034000978904164,31.763003187959463,0
0.28900000000000003,fly_1,0.004036233219113001,-0.0019266316058511224,0.0012096873006316572,0.004082835782915251,-0.002135909370781223,0.0011859690772643937,60652426.50676772,58576762.76301283,32.25808680309297,31.834133694792715,0
0.28900000000000003,fly_2,0.004342370249928314,0.0026179782175695765,0.0010854368389947768,0.004312639486432661,0.0024050868287602972,0.001067412570920805,55277869.79381254,58673107.04810554,31.188312246227497,31.91173190129853,0
0.29000000000000004,fly_1,0.004032487558665325,-0.0019164515496807933,0.0012212907637940188,0.004080589928588079,-0.002125533369497475,0.001198874461763133,60649794.679686464,58607812.885093145,32.22710179784109,31.813690974076763,0
0.29000000000000004,fly_2,0.004361158106256766,0.002609036760631877,0.0010757948534032692,0.004331077082445461,0.002396246122606297,0.0010571719550812805,55772082.47092317,59191247.09915534,31.310103971549335,32.031098112150055,0
0.29100000000000004,fly_1,0.004026394089552395,-0.001906483554757605,0.0012302209480093676,0.004076055544649459,-0.0021153606235684136,0.001209348814207872,60627560.41972129,58618920.08780946,32.190814646253955,31.78762547679404,0
0.29100000000000004,fly_2,0.004381646923437111,0.0026062784916744434,0.0010702328299917153,0.004351529960318361,0.0023935368288648335,0.0010511150528121713,56153583.760677665,59604399.61398856,31.396595273646298,32.11914135323852,0
0.29200000000000004,fly_1,0.004019520862979121,-0.0018950269875398242,0.0012372442982231649,0.00407086594884715,-0.002103665903206796,0.0012181387756368652,60628454.77859858,58654916.0021497,32.16116890209686,31.76886795735976,0
0.29200000000000004,fly_2,0.004403824872380357,0.002609678371235256,0.001069393646128857,0.00437407196518474,0.002396946477727407,0.0010496087537926618,56415225.001628295,59908482.13271852,31.44632558187077,32.17533680037526,0
0.29300000000000004,fly_1,0.004013390876576045,-0.0018811236658665379,0.0012428757216903436,0.004066524428428463,-0.0020894863487776675,0.0012257481414641987,60685840.21620822,58748869.941562116,32.14741940030339,31.766863967689055,0
0.29300000000000004,fly_2,0.004427515047367635,0.002619146785084599,0.0010732907448047894,0.004398669666850916,0.0024064055632826912,0.0010522990193907646,56552840.141916215,60103581.75784412,31.458600182242233,32.2002309808142,0
0.29400000000000004,fly_1,0.004009300562379787,-0.0018648157724198559,0.0012474315859368295,0.004064245315283579,-0.002072855777144612,0.0012322011384960868,60817358.22327103,58918811.63391648,32.15434846248425,31.78662726748644,0
0.29400000000000004,fly_2,0.004451894289968818,0.0026325445306650897,0.0010814091581962423,0.004424326515160365,0.0024197806132339192,0.0010589799540589304,56594346.68742442,60210709.63992722,31.44213781315552,32.20013924677096,0
0.29500000000000004,fly_1,0.0040082236595662514,-0.0018466679317591874,0.001250716316881353,0.004064894210911984,-0.002054364310831727,0.0012372182171222323,61033268.03911659,59172330.65308188,32.1845861825297,31.830069557693264,0
0.29500000000000004,fly_2,0.00447594341283453,0.0026474610543648536,0.001092410546896882,0.004449799105004045,0.0024346657652820373,0.0010686160921015697,56577543.93992242,60260008.723072246,31.408401828370454,32.18377853431548,0
0.29600000000000004,fly_1,0.0040106243152963775,-0.001827575203434221,0.0012519164701188187,0.004068805274872721,-0.0020349589771615374,0.0012401486196705084,61337276.527333036,59507469.64926307,32.23884529534165,31.896288498884086,0
0.29600000000000004,fly_2,0.004498162761294966,0.0026625851110358006,0.0011059089575778656,0.004473520413808323,0.0024497309768739253,0.0010810612565307577,56508518.289716646,60252477.17661851,31.359282912646677,32.151544557458564,0
0.29700000000000004,fly_1,0.0040162218045407365,-0.0018088458373212639,0.0012503234483393307,0.004075595386849524,-0.0020159832283541527,0.001240302723480801,61714939.61066013,59906214.15968508,32.312776192335356,31.979804493342463,0
0.29700000000000004,fly_2,0.004517181171996364,0.0026768094155422855,0.0011212145937801261,0.004494047686995471,0.0024638647912450604,0.0010957005815239625,56395007.084995866,60192137.79664781,31.29712451430658,32.10464616071899,0
0.298,fly_1,0.004024308157577071,-0.0017912974034118515,0.001245988925505007,0.00408456576942716,-0.0019982516983315284,0.0012375939272796334,62144459.7623375,60347964.598077014,32.400070290125626,32.07450059070278,0
0.298,fly_2,0.004531983248717733,0.0026895062231980906,0.0011374527721726233,0.004510323563220546,0.0024764405995088778,0.0011116567648678066,56243152.17694114,60083158.72803359,31.223766775894955,32.04429749578297,0
0.299,fly_1,0.004034079031926211,-0.001774994940259623,0.0012392254982695485,0.004095033088514626,-0.0019817931574056665,0.001232109576866473,62609655.82297681,60821755.02677215,32.49606763228123,32.17707744265401,0
0.299,fly_2,0.004542066762688311,0.002700636078965367,0.001153435310675631,0.0045218390511344575,0.00248741597450112,0.0011277533577839522,56058037.47755818,59930185.22575073,31.14071706485056,31.971818674896596,0
0.3,fly_1,0.0040444441233506104,-0.0017597360969761379,0.0012303912218453574,0.004106065764461537,-0.0019663604495278627,0.0012240126447189768,63091980.594785765,61315359.69374136,32.595588181930665,32.28396946794697,0
0.3,fly_2,0.004547507382602277,0.002710652059717668,0.001168465175541216,0.004528714283692971,0.002497254082828122,0.0011431736975374594,55839479.267764114,59734946.01725921,31.04789617968984,31.887686910680948,0
0.301,fly_1,0.004054153337533837,-0.0017450182065592555,0.0012203165753958576,0.0041165895724876445,-0.0019514022268295845,0.001214080494204127,63568993.96473258,61812443.107815176,32.6925611933102,32.390586234351886,0
0.301,fly_2,0.004549076986054501,0.002720702187663984,0.001182691134694755,0.004531836489077534,0.0025071014667509333,0.0011580125355409791,55576420.069301814,59489671.83811416,30.941948497441416,31.789679013522473,0
0.302,fly_1,0.004062507147138308,-0.0017301290149686775,0.001210647796752466,0.004126037732660724,-0.001936169509963165,0.0012041121183342404,64022362.339863196,62298099.5867427,32.78217972172186,32.49286449579419,0
0.302,fly_2,0.004547540966287426,0.002733035955410051,0.0011949525123875573,0.004532123677022783,0.002519141888435954,0.0011716464772938027,55247661.2014949,59173699.890165985,30.816420054859307,31.671882019668843,0
0.303,fly_1,0.004068320373483116,-0.0017155510394429175,0.0012017398963784847,0.004133220918245116,-0.0019211436501500555,0.0011945891146729931,64420860.13696985,62740629.03703143,32.85637999872252,32.58232629231414,0
0.303,fly_2,0.004544801768482374,0.0027484275622742084,0.0012047112879508507,0.00453145529258416,0.00253419258191,0.0011833388586030642,54868374.75947439,58805607.33301822,30.675735126295933,31.539433150596793,0
0.304,fly_1,0.004070029793640109,-0.0017016156008030474,0.001193181231224798,0.004136587154320919,-0.0019066497527437404,0.0011852660405166707,64735182.84131423,63110398.36776473,32.907788856590514,32.65127475170512,0
0.304,fly_2,0.004542698454088315,0.002766516693007184,0.0012121965141762283,0.0045315408537578,0.00255194773653733,0.001193033872367671,54466732.68726346,58415537.60416791,30.528285054384483,31.40079471832507,0
0.305,fly_1,0.004066886852827956,-0.0016892642934677343,0.001185181800303088,0.004135221012511733,-0.0018936905778329139,0.0011767040147585314,64936327.23092858,63370950.03111175,32.9292189645489,32.6903375201031,0
0.305,fly_2,0.004542659957712732,0.002786110920807127,0.001218017946336689,0.004533666184772467,0.002571279107326709,0.001200757009751602,54076926.56121817,58041115.206193924,30.384406247310675,31.266673162370964,0
0.306,fly_1,0.004059917302835124,-0.001681002947577974,0.0011780809417814124,0.004129671143085015,-0.0018849373034017472,0.0011693221603641037,65005691.93418498,63488180.09298606,32.91620485746992,32.69085632993543,0
0.306,fly_2,0.004545695800461933,0.002806213540100516,0.0012217312533153361,0.004538670232118772,0.0025911706529492978,0.001206280232575438,53731936.00554457,57713190.81026534,30.254211627810452,31.145965295967883,0
0.307,fly_1,0.004060056206619489,-0.0016735013252503546,0.0011709172263844197,0.004130437785816612,-0.0018772596054258096,0.0011631369605508907,65192122.11055095,63686205.57273224,32.93365890628605,32.71286028773355,0
0.307,fly_2,0.004552285914944668,0.0028259040272825575,0.0012229758306374439,0.004546919878985115,0.0026106874317940064,0.001209390594122071,53455756.761774465,57454308.65566394,30.145169392200245,31.04525693845218,0
0.308,fly_1,0.004073363565437911,-0.0016658752502472405,0.0011608134360030404,0.00414345645875201,-0.0018697864276669128,0.0011545881651685995,65644423.09663064,64112628.75197096,33.01959435170173,32.79510800055395,0
0.308,fly_2,0.004562339774730289,0.0028442114122565402,0.0012219257617005575,0.004558254841540358,0.002628853508423072,0.0012102714687546431,53262301.01880454,57277562.94080037,30.06167414736557,30.968417532634295,0
0.309,fly_1,0.004095891733309934,-0.0016579873694342543,0.0011505533033749156,0.004165025442067397,-0.0018622641736785353,0.0011457518944189289,66271447.90770766,64692271.98078026,33.14925937181676,32.91665568204827,0
0.309,fly_2,0.004575253105723498,0.0028605921855540547,0.0012191407815532714,0.004572089726823028,0.0026451235212780807,0.0012094050886739692,53149083.01930036,57180578.08834751,30.003032822143076,30.914804339237538,0
0.31,fly_1,0.004123294521621276,-0.001648927113247026,0.001143950719264127,0.0041909942629467355,-0.0018537071005819716,0.0011402849617235756,66974343.77618881,65337550.93931912,33.29642255992391,33.053721973356154,0
0.31,fly_2,0.004589720729256861,0.002874882300747175,0.0012146325406643553,0.0045872345229269204,0.0026593374210741347,0.0012065233118724217,53103481.91780164,57152999.80726547,29.965363476535156,30.881406792031306,0
0.311,fly_1,0.004151649123240564,-0.001637212293791184,0.0011428524330436309,0.004217658689199703,-0.001842562491598609,0.0011404924692476938,67684984.11467437,65986715.16873896,33.44345263679337,33.18994875422702,0
0.311,fly_2,0.004604301574775957,0.002887474071653503,0.0012080641215769673,0.004602432444110953,0.0026718838526434336,0.0012010712834887608,53104299.92690873,57176294.902538866,29.942104351870693,30.8628162593987,0
0.312,fly_1,0.004177977955088206,-0.0016214472730693326,0.0011468766185106492,0.004242302381522427,-0.0018273442892472284,0.0011463084110412867,68369535.9067398,66613454.62723914,33.58191702041459,33.31861676948495,0
0.312,fly_2,0.004617767956383013,0.002899146526709325,0.001199788189530741,0.004616657108729632,0.0026835359341488268,0.0011932786304072547,53120401.863020904,57221116.79312439,29.92365033959793,30.850518333935227,0
0.313,fly_1,0.004200729795163161,-0.0016010769920922817,0.0011542605798192307,0.004263574537168469,-0.0018074237690146196,0.001156016148909322,69020729.57624634,67216579.40639912,33.71024484801508,33.43960560844813,0
0.313,fly_2,0.004629648636847445,0.0029106146846797024,0.0011912944388105182,0.004629559541388515,0.0026950034400415575,0.001184712705424105,53121708.539419845,57256614.98839706,29.900770094357174,30.83562219301184,0
0.314,fly_1,0.00422009466096732,-0.0015768173812324075,0.0011610638215435462,0.004281682335529333,-0.0017834924513971243,0.0011659535742196802,69668070.58084771,67821605.14543249,33.83589187755673,33.559498981089696,0
0.314,fly_2,0.004639053795113073,0.002921857897450328,0.0011832846955411825,0.004640236157877535,0.002706264005699268,0.0011762553410397955,53093391.55047536,57264517.7512015,29.868947290392374,30.81290695355461,0
0.315,fly_1,0.004236505606547584,-0.0015494904700620992,0.0011649090574024788,0.004297227065159253,-0.0017563117457534397,0.0011732397447846087,70330815.37087509,68454672.90029821,33.963561389709824,33.68480523814308,0
0.315,fly_2,0.004644565651991836,0.002933412344174568,0.0011760638389641245,0.0046473053053038066,0.0027178509172647806,0.0011684940638599939,53007430.7297494,57212592.40279189,29.81963891673609,30.77317741229848,0
0.316,fly_1,0.0042507062002533555,-0.0015203024342310642,0.0011641874689307125,0.004311098446823184,-0.0017270668061000985,0.0011757116628996378,71022618.06487583,69135760.17886291,34.09643755397171,33.820271843078665,0
0.316,fly_2,0.00464513875316492,0.0029455400042462526,0.0011687949439943503,0.004649709780871658,0.002730027969790303,0.0011607200026854424,52854103.19581795,57088795.473946035,29.749885333467933,30.713026107634985,0
0.317,fly_1,0.004263831097872163,-0.0014912372958899673,0.0011581503047239257,0.004324417813661607,-0.0016977845455977143,0.0011722577309525304,71746723.5783541,69867717.58835466,34.235104912807,33.96626478038742,0
0.317,fly_2,0.004641181836181046,0.002956044269869212,0.0011612658792727773,0.004647384731537638,0.002740586862894542,0.001152829894699111,52682002.19650653,56936342.07368646,29.674564087632998,30.644856379110767,0
0.318,fly_1,0.004277029498063053,-0.0014644847922987863,0.0011472079489290034,0.0043381809415271875,-0.0016707304167941823,0.0011631697566442274,72493198.12470455,70634396.47920394,34.3770177991515,34.11851861921128,0
0.318,fly_2,0.004642848025107914,0.00296471658354071,0.001153114125555778,0.004649934054941412,0.002749276438267015,0.0011449368428513309,52611661.38195149,56880390.24057679,29.630664057512785,30.60459733930262,0
0.319,fly_1,0.00429135570303655,-0.001442211456741557,0.0011330674323822318,0.004353188765587357,-0.0016481594167967889,0.0011502035372913722,73238011.10430944,71401486.04206066,34.51644726470823,34.26858559048462,0
0.319,fly_2,0.004658231862596181,0.002968579818134692,0.0011443345260519781,0.004664997336247846,0.002753097838423028,0.0011370351594636324,52789607.01267502,57074570.26935732,29.66297823685873,30.636153389225086,0
0.32,fly_1,0.004307638815744841,-0.0014260334920852679,0.0011183210560059707,0.004370006159702003,-0.0016317673784785418,0.0011360810775157843,73951139.44365749,72128166.13709676,34.646514695633336,34.40682660723851,0
0.32,fly_2,0.004683695175892171,0.0029694846292120432,0.0011354961365073438,0.004689264851523184,0.002753924750859441,0.0011296264240137838,53136808.18713871,57438397.80169624,29.746617859022038,30.71578836215352,0
0.321,fly_1,0.00432642912292219,-0.001416738416323216,0.0011058302539739338,0.004388975130178106,-0.0016223951543575062,0.0011238535456882385,74604801.17986375,72777722.51995057,34.76112019018849,34.52494747242284,0
0.321,fly_2,0.004714630965927242,0.002970846811381463,0.0011299404868934469,0.004718665707488884,0.0027552196863630937,0.0011254460699541896,53512466.59440607,57832244.94395415,29.8381249283148,30.80317729296199,0
0.322,fly_1,0.004347859730226272,-0.0014142439894312979,0.0010979821865243758,0.004410128588759167,-0.0016199790035883396,0.0011160716633988733,75178015.88369575,73324694.96508119,34.85591179739879,34.61754945969258,0
0.322,fly_2,0.004747296060714552,0.002974576683987426,0.0011296206726033402,0.004749629698310113,0.002758900680422859,0.0011264660587172947,53821921.415978365,58156175.02851116,29.908877615805494,30.870068908198775,0
0.323,fly_1,0.004371889427488049,-0.0014179734936852599,0.0010956856488501456,0.00443338502857848,-0.0016239037813794985,0.0011141935829184128,75666384.84934667,73759254.72703782,34.93037741786958,34.682960829421646,0
0.323,fly_2,0.004778949081031621,0.0029820873888240043,0.0011343919329859888,0.004779532107620033,0.0027663823386435966,0.0011328021614785742,54005081.06368452,58345016.334480196,29.941197608131947,30.898540118809233,0
0.324,fly_1,0.004398361756815106,-0.0014272331702102003,0.0010982074925793759,0.0044585689488514085,-0.0016334264807883099,0.001117979914452372,76080219.08907303,74087728.2127235,34.98726455365574,34.72318833757225,0
0.324,fly_2,0.004808031794374861,0.002994226788592227,0.0011424197170219856,0.004806965953784817,0.002778518115693916,0.001142830066953754,54038742.02851793,58374085.29756376,29.92857984693573,30.882132022538986,0
0.325,fly_1,0.00442597648092178,-0.001440170987358782,0.001105199416340581,0.004484554961784592,-0.0016466689158755826,0.001126616770632279,76417425.08434156,74320687.04330343,35.02644534836863,34.741080426481766,0
0.325,fly_2,0.004834373774056591,0.0030103128336925423,0.0011500135240975744,0.004831772687621677,0.0027946410341761958,0.0011532454290342055,53961129.52403667,58280498.393437,29.88273540641212,30.83149850795615,0
0.326,fly_1,0.0044531404475109376,-0.0014546830245787453,0.0011157264741518947,0.004509951361533096,-0.0016614920536518044,0.0011388366777123583,76680584.07496601,74473710.68607187,35.04879071125954,34.740506520889696,0
0.326,fly_2,0.004858026905293085,0.003030023434076465,0.0011547969363553045,0.004854261184632161,0.0028144399220073712,0.001161208226290998,53797316.71370778,58097914.90308468,29.81123117141203,30.75611627712682,0
0.327,fly_1,0.004477963233039831,-0.001469463241893265,0.0011292973599303629,0.004532973744941456,-0.001676611440623603,0.0011536900496114558,76852081.00374252,74540294.0134248,35.050649976317715,34.72018178256111,0
0.327,fly_2,0.00487944939007434,0.0030523115153042284,0.0011550649202583896,0.004875078584119098,0.0028368512360662165,0.0011645147928903495,53586750.18694547,57874865.95064333,29.725868483573873,30.66956381048529,0
0.328,fly_1,0.0044987570208841424,-0.001483472750937272,0.0011449230248553313,0.004552038288745796,-0.0016910055012402906,0.0011698789863375174,76922009.7783855,74519730.83322585,35.03007231758677,34.68010185867926,0
0.328,fly_2,0.004899325870445356,0.0030752615020240024,0.0011499911349156947,0.004894937600052974,0.0028599288005230184,0.0011619955805102253,53381985.19953687,57669989.34885055,29.642413384096567,30.58830118086635,0
0.329,fly_1,0.004514448021880924,-0.0014961255046404744,0.001161177414885986,0.004566145400051147,-0.0017040758790876334,0.0011859878728501577,76893478.3988657,74419319.99068004,34.987923651604774,34.622029509765795,0
0.329,fly_2,0.004918283802100071,0.0030967259379729656,0.001139813362463967,0.0049143618024575534,0.002881499974172182,0.0011537395389531718,53231333.92072191,57533558.44098185,29.575429550299997,30.526505248785977,0
0.33,fly_1,0.004524772614046479,-0.0015074991180594496,0.001177016029370071,0.0045750293650039554,-0.0017158906230300844,0.001201073785002145,76773675.30707157,74245765.84161454,34.92589011189567,34.5475335172856,0
0.33,fly_2,0.004936871080312228,0.0031145014303669573,0.0011261207996021015,0.004933685406312296,0.00289935499668623,0.0011413982183111288,53173608.8025658,57501863.85429337,29.536634930123974,30.49440444689381,0
0.331,fly_1,0.004530146585440228,-0.001518205895410102,0.0011914375436669839,0.004579050108753511,-0.0017270632963163207,0.0012142096200112005,76575790.75878154,74008997.27029786,34.84691326879272,34.45887603993503,0
0.331,fly_2,0.004955555587318977,0.0031270375844177356,0.001111231174085192,0.004953178050491106,0.002911956740642577,0.001127544172778823,53229222.19206014,57590239.10242252,29.532110266330335,30.496207962948414,0
0.332,fly_1,0.004531889827429075,-0.0015291374475762452,0.0012041203486637868,0.004579430824928399,-0.0017384815831322517,0.0012252490597427425,76319090.56855595,73721575.31001443,34.755231663978705,34.35889551896106,0
0.332,fly_2,0.004974734317825219,0.003133250834904224,0.0010979034597809734,0.00497304741399198,0.0029182322201941778,0.0011150989722889118,53406580.08597447,57802427.98778105,29.56415386424943,30.532698041359602,0
0.333,fly_1,0.004532092350452111,-0.0015412793927913223,0.0012153180829297327,0.004578168037882877,-0.0017511345264815672,0.0012345376005722768,76029248.47872406,73402341.88895199,34.656490440952965,34.251867110999385,0
0.333,fly_2,0.0049947151569721395,0.003132469225250273,0.0010888771669865683,0.004993403517318307,0.0029175024043508494,0.0011067400189591495,53706066.90489657,58135930.92643247,29.632470100136814,30.602743811605727,0
0.334,fly_1,0.0045328128113704316,-0.0015552159790082978,0.0012252778967167715,0.004577287335044377,-0.0017655995369758772,0.001242375008977563,75736050.19612688,73076671.14034465,34.55726908504677,34.14359263374374,0
0.334,fly_2,0.0050156970692802234,0.0031244401421763775,0.0010857258344396776,0.005014252562231609,0.002909522843965741,0.0011041650398457565,54126993.76769356,58585797.03056483,29.736273355750445,30.70439868256978,0
0.335,fly_1,0.0045356486089542,-0.001570875390386728,0.0012339548561892916,0.004578401037973348,-0.0017817728524681755,0.001248989026181267,75472209.43009076,72773075.67030111,34.46483920908368,34.040644575566525,0
0.335,fly_2,0.005037828592406374,0.003109119703207488,0.0010882293806414424,0.005035553672294714,0.0028942900180434494,0.0011075831161358083,54676372.748453006,59152537.390726,29.876885580840916,30.837115733437805,0
0.336,fly_1,0.0045415765917101135,-0.0015876526624748497,0.0012409843209007282,0.004582547113684508,-0.0017990241834973616,0.0012542143018741112,75269303.26320204,72521855.3386176,34.38625443108437,33.95005591432589,0
0.336,fly_2,0.005060331641441052,0.0030885276259928463,0.001096203757046788,0.00505664131340106,0.00287380778952919,0.001116533766263679,55306192.802450374,59789485.811062306,30.039356333843497,30.987385525203557,0
0.337,fly_1,0.004551049131299426,-0.0016046934767610938,0.001245745828861595,0.004590320956796521,-0.001816491496339073,0.0012571851728879072,75155399.8035118,72356861.64684838,34.327785430152176,33.87970328886755,0
0.337,fly_2,0.005082116405032566,0.0030654605063733065,0.0011085164229910898,0.005076661885443745,0.0028508642949418963,0.0011297355233990103,55953188.39708014,60435112.14229371,30.204763817056378,31.138100999905216,0
0.338,fly_1,0.004563965889957554,-0.0016208993492164505,0.0012478632748368535,0.004601757428454209,-0.0018330580211271667,0.0012574566849665968,75149220.20620227,72301497.95794076,34.29356598824455,33.835008814500924,0
0.338,fly_2,0.005101950563443607,0.0030425146223559407,0.0011237842169241855,0.005094607975235948,0.002828050147443453,0.0011457526343843568,56556800.96324427,61030144.38427937,30.355650165772605,31.273376130884902,0
0.339,fly_1,0.004579787009719801,-0.0016354091030489938,0.0012474647685683695,0.0046163869531615845,-0.001847851846791137,0.0012552146548997234,75252267.44115818,72359529.5626238,34.28380332515717,33.816753878751825,0
0.339,fly_2,0.0051182705023303495,0.0030212409605786107,0.001140982993230921,0.005109014757405883,0.0028068766124639244,0.0011632044560549429,57071870.27787636,61532835.92596124,30.479547874137538,31.382515400874443,0
0.34,fly_1,0.004597749791260927,-0.0016479400811290456,0.0012446648926952707,0.004633411244551301,-0.0018605966346001955,0.0012507465850396166,75453688.3799577,72518402.07438445,34.295878525815205,33.82185304620987,0
0.34,fly_2,0.005130025668933302,0.0030026549938506836,0.0011584978628790146,0.005118925300269027,0.0027883470527395897,0.001180416443102685,57475461.04415706,61922291.01425402,30.570603463583566,31.460591899260525,0
0.341,fly_1,0.0046169658783730486,-0.0016587591144514996,0.0012392282956654444,0.004651816306569162,-0.0018715821695034253,0.0012440584985279723,75736025.39537472,72755636.55571267,34.32567835716343,33.844896399923094,0
0.341,fly_2,0.005136861079361109,0.0029870623395108005,0.001174770926120886,0.005124035708878766,0.0027727734781389612,0.0011959210970594841,57768648.15866101,62200617.15214347,30.62975664654724,31.508739908284106,0
0.342,fly_1,0.004636358108772579,-0.0016685583903942515,0.001231086691136262,0.004670356147338361,-0.0018815331317215583,0.0012352614841882627,76069066.05564272,73035627.94340454,34.366313192174616,33.87750720841307,0
0.342,fly_2,0.005139183691970784,0.0029738761552988843,0.0011890238380396752,0.005124726363783158,0.002759579919668754,0.001209014961650207,57975186.337292686,62392196.26807472,30.664157812556375,31.53378824802439,0
0.343,fly_1,0.004654599279498577,-0.001677920480220711,0.0012209008855515711,0.004687587213839059,-0.001891054581611847,0.001225046603694601,76410043.98631921,73314014.63777646,34.408271660449785,33.90945021589363,0
0.343,fly_2,0.005137885149298136,0.002962058323037194,0.001200891334537631,0.005121823650339059,0.0027477465434286954,0.0012194392546098734,58131214.267208576,62533054.76103285,30.684210415716194,31.545418256619154,0
0.34400000000000003,fly_1,0.004670486648821928,-0.001687256357814165,0.001209805757128711,0.004702259098800564,-0.0019005656732372976,0.0012144082936956944,76715043.70907226,73549220.50884019,34.441992828799584,33.93131204389812,0
0.34400000000000003,fly_2,0.0051346694731685604,0.00295008875552973,0.0012108888199512157,0.005116944556445345,0.002735770475248772,0.0012277718893210995,58284723.59107047,62671510.146302745,30.70343857087915,31.55635190894144,0
0.34500000000000003,fly_1,0.004682696857701222,-0.0016973463167173795,0.0011980310700291461,0.0047129710961731144,-0.0019108546166760115,0.0012034359104988095,76941930.43443151,73700346.67207995,34.45848808794503,33.9339845662756,0
0.34500000000000003,fly_2,0.005131384087538577,0.002936775446348596,0.001219560366898462,0.0051118776977372255,0.0027224894724440143,0.0012348102230113258,58477662.46586665,62847961.107634015,30.73350143901015,31.577089010365178,0
0.34600000000000003,fly_1,0.004690036614222126,-0.0017089907334166354,0.0011856088318985475,0.004718466322592288,-0.0019227269349221918,0.0011919431680708851,77052576.22448236,73731570.16989389,34.449751859650505,33.90958544699543,0
0.34600000000000003,fly_2,0.005129616289891642,0.0029215816487235375,0.0012271749478627218,0.005108193864189696,0.0027073900507513173,0.001241123962234077,58737313.22539237,63087937.02167449,30.781815382296106,31.614124315661318,0
0.34700000000000003,fly_1,0.004691728802445392,-0.0017212487047600414,0.0011745115575444059,0.004718217033995938,-0.0019352155280411274,0.0011814475571916,77024075.25612919,73633765.5585408,34.4110738133608,33.85622708430958,0
0.34700000000000003,fly_2,0.0051304658030241436,0.0029045287485955167,0.0012334767601174538,0.005107108008523245,0.0026904545925904954,0.0012460547223360461,59078585.541116714,63414374.7577561,30.85221868888678,31.673141383507932,0
0.34800000000000003,fly_1,0.0046898602028166885,-0.0017309380828439203,0.0011668393666934027,0.004714894955497333,-0.0019450731841065044,0.0011739776810786341,76928316.79091927,73493336.73523462,34.35809789984929,33.7934843471032,0
0.34800000000000003,fly_2,0.005134614902300402,0.0028863237172120585,0.001237946963511727,0.005109449367194676,0.0026723684579989587,0.0012489641711742193,59499774.05660522,63830469.37008801,30.943856900133802,31.75458883032017,0
0.34900000000000003,fly_1,0.0046976256072861385,-0.001735322122535661,0.0011599753117497078,0.004722189723352181,-0.001949526857240028,0.0011666440296854421,77101064.50138119,73641158.11960468,34.363192998957174,33.79601222958206,0
0.34900000000000003,fly_2,0.005142265662098495,0.0028679829570797924,0.001240187833340202,0.005115550392704294,0.002654133790338975,0.0012494810691724562,59986308.73281552,64324035.73812997,31.05233461684011,31.854918252044182,0
0.35000000000000003,fly_1,0.004715917081802541,-0.001734704611882729,0.0011516144983009105,0.004740919149127337,-0.0019488829769409835,0.0011574506389126532,77583423.23467356,74110382.8725932,34.43449609514853,33.87055839294777,0
0.35000000000000003,fly_2,0.0051528731361674025,0.0028506235666585843,0.0012399346666805177,0.00512494583454583,0.0026368605450770143,0.001247482672724193,60511522.645210266,64867684.59982221,31.170071325238403,31.966784671819745,0
0.35100000000000003,fly_1,0.0047417834024514995,-0.0017326308642004779,0.00114543052647265,0.004767764072320093,-0.001946726782922842,0.001149843954435877,78217060.08248049,74739972.97431488,34.53706020555458,33.979887081333594,0
0.35100000000000003,fly_2,0.005165398280429591,0.0028348850291990144,0.0012368371649175943,0.005136567647215097,0.0026211920772288193,0.001242808164289229,61053825.11351847,65436290.42023072,31.291053556435074,32.083604357855776,0
0.35200000000000004,fly_1,0.004771899281891237,-0.0017321405059165333,0.0011440895586090115,0.004799144241420025,-0.0019461100385157653,0.0011465970007961102,78853348.97074297,75378180.79324153,34.63883220142653,34.089690902521156,0
0.35200000000000004,fly_2,0.005178966966861132,0.0028205756547232817,0.0012307656538267085,0.005149394702923729,0.0026069548615932662,0.0012355795830846538,61609271.688709356,66019777.02333313,31.414134418683005,32.202731434790714,0
0.35300000000000004,fly_1,0.0048034667034540035,-0.001735191829059645,0.0011483662138804317,0.004832135765438041,-0.0019489896542809607,0.001148699053739785,79390374.0906089,75920858.99150415,34.71855785507389,34.17719648806293,0
0.35300000000000004,fly_2,0.005192470473786813,0.002807177326423697,0.0012218190995905332,0.0051621371418007,0.002593651001988204,0.0012260539207755972,62175784.74507122,66609664.45686677,31.53869282533767,32.3219972025211,0
0.35400000000000004,fly_1,0.0048346270861201295,-0.0017430347328057298,0.0011573681130456486,0.004864754551682074,-0.001956622437487243,0.0011553274772434486,79774028.87483093,76311638.47490773,34.76550750661527,34.23067202512547,0
0.35400000000000004,fly_2,0.005204894088286375,0.002794037273372888,0.0012110165089939903,0.005173620078015258,0.0025806468126351742,0.0012152572063999245,62745963.350534976,67193261.97144268,31.662736346329428,32.4382763784764,0
0.35500000000000004,fly_1,0.004864522695129109,-0.0017553564193659654,0.0011681713365198005,0.004896132555335771,-0.0019686839192914907,0.0011632999424666644,80023009.70271577,76572402.51913607,34.78413423848028,34.255475259141036,0
0.35500000000000004,fly_2,0.005215879978602017,0.0027805596259183555,0.0012004324543824197,0.005183407988396193,0.00256735642840053,0.001205069521022949,63308278.3311021,67757284.9560637,31.78326886979745,32.54840429066523,0
0.35600000000000004,fly_1,0.004892990728540409,-0.0017716944065737758,0.0011778098754276914,0.004925930651178043,-0.001984727739780986,0.0011698539715800254,80175669.95783025,76734698.52873275,34.78273182507047,34.25881577983305,0
0.35600000000000004,fly_2,0.005224205646075555,0.002767070232433833,0.0011905095688537206,0.005190299921433225,0.0025541055489880188,0.0011957993144131257,63835304.05490649,68273492.28347856,31.89330588139966,32.64571934905074,0
0.35700000000000004,fly_1,0.004920237073805723,-0.0017912690428821233,0.001183691125922618,0.0049541155330022355,-0.002004024510670055,0.0011727871406149715,80281342.59733784,76836703.21291155,34.771660033661405,34.249144332850406,0
0.35700000000000004,fly_2,0.005228408780359044,0.002753542244770248,0.0011808509479889627,0.005192807095115018,0.002540874885233004,0.0011869048857176413,64312356.91724805,68725967.79387493,31.989329601575385,32.726696797666584,0
0.35800000000000004,fly_1,0.004946580482160814,-0.001812432292811645,0.001183766521940675,0.004980895809075467,-0.002024966405211358,0.0011702297065106153,80403051.55165756,76936285.85561529,34.763941806900846,34.23900841048494,0
0.35800000000000004,fly_2,0.005227613119320244,0.0027406790957508445,0.001171976614610041,0.005190209179404093,0.002528336041618713,0.001178527080804781,64705199.00565925,69085566.17385453,32.0629423575987,32.784735256116434,0
0.35900000000000004,fly_1,0.004972159113665266,-0.0018330687207044505,0.0011772401617549727,0.005006419486405553,-0.002045457721540819,0.0011614707245358924,80595057.43632756,77087806.49956387,34.77064748574168,34.24005924320265,0
0.35900000000000004,fly_2,0.005223425989240691,0.0027312174164682615,0.0011651664830585333,0.005184663899137356,0.002519115381340297,0.0011716289154316602,64955576.969105154,69309905.31846604,32.09983326458396,32.810190660022634,0
0.36000000000000004,fly_1,0.004996896347211224,-0.0018508227699740867,0.0011650684525299265,0.005030738957719106,-0.0020631326471890277,0.0011474409252566781,80891684.20992291,77331632.78554267,34.798599421014174,34.260796299872496,0
0.36000000000000004,fly_2,0.005229137957567128,0.0027247353339411506,0.0011599699281897235,0.005189959131478249,0.002512690536153197,0.0011657629657473325,65245956.87730193,69613257.81429438,32.14650216633243,32.85409160831909,0
0.36100000000000004,fly_1,0.005020680542418064,-0.0018638397376904844,0.0011494459284348353,0.005053900848050185,-0.0020761067465229783,0.0011301932864915792,81303091.158858,77686765.65257116,34.84953224342175,34.30498826689463,0
0.36100000000000004,fly_2,0.005246693482907776,0.002720025737026369,0.0011519429860337653,0.005207987426700591,0.002507869019837955,0.0011567288539281043,65675126.96124056,70097936.22492093,32.22753161469089,32.94013697131612,0
0.36200000000000004,fly_1,0.00504339943648621,-0.0018706955569314776,0.0011331976779295645,0.005075977701479574,-0.002082929397176722,0.0011125339495254463,81824849.10795054,78156808.59773183,34.92211728698989,34.37298985266095,0
0.36200000000000004,fly_2,0.005271795301998954,0.002715589074597331,0.0011442240042038184,0.005234154104255364,0.00250321952639655,0.0011479457237264198,66193658.35749939,70696494.04633394,32.32994179410261,33.051722986792,0
0.36300000000000004,fly_1,0.005065009230293304,-0.0018702245846968972,0.0011194924122885793,0.005097178652223574,-0.002082412100717655,0.001097741037518379,82445696.95979738,78738468.95128791,35.013612823254974,34.46360534854348,0
0.36300000000000004,fly_2,0.005300354665914688,0.002709821178668908,0.0011403435259204361,0.005264175706519646,0.0024971811008083714,0.001142954301923332,66752924.34841054,71346988.60534379,32.44123364193787,33.17390213667579,0
0.364,fly_1,0.005085669099783994,-0.0018614648802668546,0.0011104485337694887,0.005117959647599137,-0.002073516418787941,0.00108757930773495,83167208.10855538,79447765.85680142,35.12383042450243,34.57958815075624,0
0.364,fly_2,0.005329096817755987,0.0027012334902853335,0.0011420197900281364,0.005294606574515632,0.00248830071469522,0.0011432816012231545,67329693.40039614,72018060.00247929,32.55548684363775,33.29919575863208,0
0.365,fly_1,0.005105809895364831,-0.0018450456155590911,0.0011069380971608636,0.005138832103096223,-0.002056834380438248,0.0010827185010806942,83976468.16089489,80276928.84633787,35.2496794213459,34.71858940842263,0
0.365,fly_2,0.005355774966163146,0.0026883872979670265,0.0011488446408773393,0.0053229765243137436,0.002475184460503921,0.0011482544911399352,67933934.15258917,72714684.81620112,32.67502406300696,33.428615362464264,0
0.366,fly_1,0.005125229056912926,-0.0018229229829605238,0.0011093874861365183,0.005159527737907351,-0.0020343607944746543,0.0010839083120734094,84822164.38577344,81168554.32729265,35.38069379173433,34.86816659165828,0
0.366,fly_2,0.005379433626758613,0.0026707691393510137,0.0011586251763111219,0.005348146826226168,0.002457359619417655,0.0011556170405035394,68588367.95770907,73456847.77164356,32.80514796933841,33.566492875283764,0
0.367,fly_1,0.005143220717713532,-0.0017974155553251684,0.001117916627282049,0.005179242430847241,-0.002008445039995392,0.001091449123631096,85635542.63487415,82048688.10967013,35.50348006957779,35.0130547422215,0
0.367,fly_2,0.0054004204637001915,0.002649384069443677,0.0011677012746633202,0.005370451427527513,0.002435853959857342,0.0011615137761615743,69312109.97795245,74269150.74427098,32.95008812875582,33.71799632996924,0
0.368,fly_1,0.005159044123234255,-0.0017711807793704141,0.0011317207955642665,0.005197046245652263,-0.0019817765835455675,0.0011045770684375799,86349711.12612116,82843045.86997116,35.60554408093775,35.1385929317743,0
0.368,fly_2,0.005419279482644847,0.002624906854085662,0.0011734689598882023,0.005390204036491912,0.002411376249703971,0.0011639381996783338,70125839.37618211,75164186.30007264,33.11423419856109,33.88540086554558,0
0.369,fly_1,0.005171949054179387,-0.0017466539472172909,0.0011493090896879845,0.0052119827608878184,-0.001956824179528274,0.0011217897920168716,86911776.57342482,83490258.7287653,35.67746015538682,35.23324123241336,0
0.369,fly_2,0.005436825718188668,0.002598686377051218,0.001173967102322507,0.00540807886095139,0.002385266997402004,0.0011614242734587765,71031562.02173015,76138702.61261892,33.29736668910833,34.0673858960962,0
0.37,fly_1,0.0051812765053221715,-0.0017256144350893492,0.0011687878303107706,0.005223227259847581,-0.0019354016623601413,0.0011412017933434496,87292745.08988535,83952987.14815083,35.71447393001401,35.29047096705392,0
0.37,fly_2,0.00545388609434539,0.0025728102160682657,0.0011685158732839599,0.0054249343855896,0.0023595716778611726,0.0011535940654108273,71998714.17162365,77161327.92313987,33.49170336389841,34.256620054511366,0
0.371,fly_1,0.005186729530910855,-0.0017090567803090587,0.001187786989359726,0.005230356820395114,-0.001918547117019161,0.001160547415131681,87498208.53728294,84227595.8044305,35.718243577595445,35.31032733592977,0
0.371,fly_2,0.0054711090196094105,0.0025495549359270306,0.001157867187211386,0.005441591728755094,0.002336518549128224,0.001141261061621364,72971514.08914948,78179541.94895883,33.684069712039026,34.44164637440526,0
0.372,fly_1,0.005188188815326345,-0.0016965590086288386,0.0012049235502080817,0.005233283610889136,-0.0019058436697233759,0.0011785052608903508,87556197.47677213,84340304.2616683,35.69440986539006,35.298455051097946,0
0.372,fly_2,0.005488939859987497,0.0025310382784571265,0.0011440369597588422,0.005458747328147697,0.0023181816845851628,0.0011263729445553496,73877978.75590983,79126657.3455145,33.858302819002986,34.60862927021917,0
0.373,fly_1,0.005186078855981204,-0.0016865897276688168,0.001219392748618067,0.005232541916228242,-0.0018957348488032833,0.0011942722728082824,87521677.43383062,84349187.52378535,35.653445436607356,35.26645077745869,0
0.373,fly_2,0.005507686499221562,0.002518794540883808,0.0011298521762689888,0.005476965746562786,0.0023060617197175172,0.0011116170968480006,74646978.10123691,79937306.69961244,33.999178005798626,34.74465433353206,0
0.374,fly_1,0.005181213808974074,-0.0016774545067784418,0.0012309409770712217,0.0052290571429213,-0.0018864803477784675,0.0012074729316087897,87452443.67874934,84317976.28675403,35.606219028317604,35.22682934428573,0
0.374,fly_2,0.005527605730542282,0.0025132742706451,0.001118294399415346,0.0054966523463806875,0.002300611240872796,0.0010996434009490547,75231381.27596872,80569721.20277102,34.09729896147368,34.842106036959706,0
0.375,fly_1,0.005174952803148627,-0.0016673032568446668,0.0012400358756634775,0.0052242881831213684,-0.0018761888308632968,0.0012184865551026517,87408790.64233536,84312501.9470861,35.5640034869415,35.19241879454593,0
0.375,fly_2,0.005548808921846816,0.002514191132893582,0.0011116688308508962,0.005517961144715923,0.0023015592967855288,0.001092494554171408,75608789.9416735,81003795.40680467,34.14880033960645,34.8978725046849,0
0.376,fly_1,0.005168769851376292,-0.0016548490589460983,0.001247131566389367,0.005219736425034646,-0.0018635507406895427,0.0012277008594087572,87440734.25647049,84385264.8471812,35.5360984680882,35.17337536702071,0
0.376,fly_2,0.005571487435845969,0.002521733794811235,0.0011108155044223201,0.005541246256879606,0.0023091049515357167,0.0010906665077023811,75762317.42345294,81229049.19225064,34.15082180338308,34.910635995965166,0
0.377,fly_1,0.0051640040932913606,-0.0016397045427417023,0.0012523989554489596,0.005216678341718209,-0.0018481799687910336,0.0012352246649833508,87580927.57886344,84567666.16171503,35.52848005845377,35.17565176664746,0
0.377,fly_2,0.005595424994631062,0.0025351438758900316,0.0011154797869991557,0.005566335700467559,0.002322493060622544,0.001093916399094594,75707081.701906,81260093.96355063,34.10719068129643,34.88391103025178,0
0.378,fly_1,0.005161767288041817,-0.0016222246810376063,0.0012557686570847245,0.005216113574796791,-0.0018304474317586844,0.001240892395293719,87846361.66058773,84873625.43023992,35.544093013347585,35.20168702960508,0
0.378,fly_2,0.005619744013401746,0.0025520661034599957,0.0011247303834081056,0.005592160350675425,0.00233937600819996,0.0011016305804726265,75500786.19613644,81144899.98869444,34.03070787104117,34.827687943983754,0
0.379,fly_1,0.005162782510592386,-0.0016034318242222196,0.0012571752542096524,0.005218659594213914,-0.0018113813429509948,0.001244280094140692,88233606.84804246,85300232.33918692,35.581983611788466,35.25056088354894,0
0.379,fly_2,0.005642893241423866,0.0025707223551239677,0.001137824953556823,0.00561705684631844,0.002357953185620778,0.0011134672614728054,75176150.23727214,80906165.76143433,33.928500232111176,34.74662536568926,0
0.38,fly_1,0.0051670408938067755,-0.0015846306881614083,0.0012559219625716141,0.0052241871858428515,-0.0017923369193472778,0.0012447882839400702,88729120.91306102,85826617.7454587,35.63927773197976,35.3178665412898,0
0.38,fly_2,0.0056632649007408034,0.0025893332273395023,0.0011537435565683854,0.005639277854328556,0.0023764431535801844,0.0011285647149359879,74771268.07128786,80574463.50012484,33.80881022947919,34.64688660783869,0
0.381,fly_1,0.00517406614275697,-0.0015667361672946313,0.0012518937498166589,0.005232182383119878,-0.0017742533333453372,0.0012423719659950744,89308865.5384332,86425537.0870375,35.7111945139723,35.398046156867096,0
0.381,fly_2,0.005679509944142455,0.002606417755366244,0.0011710072201351718,0.005657330679404717,0.002393360711009226,0.0011455845524481372,74327846.9843834,80185663.09891167,33.68071161555618,34.53569358073777,0
0.382,fly_1,0.00518322758581336,-0.0015499796066363166,0.0012454149392333693,0.005242095279772327,-0.0017573426058514114,0.0012372468836964296,89951850.37519658,87080344.60116076,35.79359498095949,35.48765656138525,0
0.382,fly_2,0.005690781903622447,0.002621267986794108,0.001188115326019667,0.005670287757936456,0.0024080019314837086,0.001163033148846951,73875276.50733173,79767368.18044168,33.55064409329247,34.418615333945404,0
0.383,fly_1,0.005193542276035683,-0.0015343556055115593,0.0012368016641500085,0.005253082085519305,-0.0017415591548221696,0.0012295053495652388,90633417.10074367,87775055.83470316,35.88178961956284,35.58346798419008,0
0.383,fly_2,0.0056969314720190425,0.0026340259585018178,0.0012035994982761424,0.005677989719433911,0.0024205162405649757,0.0011793849092374198,73429176.27029365,79336946.18913884,33.42206452074924,34.299169524851806,0
0.384,fly_1,0.005203769017879302,-0.0015195334688951558,0.0012266619929860681,0.005264070035118672,-0.0017265265087331831,0.0012196473835678168,91323908.61679119,88488963.57888743,35.970350142888755,35.68148189238845,0
0.384,fly_2,0.005698369236107865,0.002645356689666087,0.0012173237124538543,0.0056808476597539,0.002431568758998429,0.0011945366321298313,72981368.41890861,78887103.81058748,33.29314704393687,34.175818561725485,1
0.385,fly_1,0.005213070952108449,-0.0015047133766586823,0.0012165727704623087,0.005274387651592595,-0.0017114005905146377,0.0012093482317494318,91995445.63805863,89200955.4560571,36.054347227643284,35.77776541749891,0
0.385,fly_2,0.0056964059903286445,0.0026562438124070322,0.0012296440109334844,0.005680184656272312,0.0024421364935927705,0.0012089930952544794,72519700.44910751,78406594.04968414,33.161144343379284,34.04618010065258,0
0.386,fly_1,0.005220369550006371,-0.0014898557034773816,0.0012072757892733176,0.005283016476541067,-0.0016961228622593592,0.0011994810621743551,92612104.32651317,89877075.38389356,36.12761598792772,35.86620474227528,0
0.386,fly_2,0.0056929489525062655,0.002667854147999583,0.0012405760371378021,0.005678005760641948,0.0024534220374972902,0.0012224899383539464,72038096.60007063,77897454.81462002,33.0246396203453,33.91060102981348,0
0.387,fly_1,0.005224020254283057,-0.0014753345675243665,0.0011984906078460443,0.005288328635802991,-0.0016810583308939457,0.0011899056664877942,93132189.73840801,90475626.74958923,36.183178909862704,35.93950570016021,0
0.387,fly_2,0.005689900425045044,0.002681283035682996,0.0012499916918233315,0.00567630081474313,0.0024665489362940426,0.0012346341814120818,71533411.76430418,77364464.82135674,32.88285570999148,33.77000215186583,0
0.388,fly_1,0.00522269230615592,-0.0014617672621183046,0.0011902637265049816,0.005288921801679517,-0.001666850216583847,0.0011809808564124497,93510480.36866656,90945084.96479458,36.21360996525508,35.988828490898086,0
0.388,fly_2,0.005688725549919527,0.0026969579858952103,0.0012578747878357567,0.005676638370444757,0.0024819876372919746,0.001244714799973742,71012789.01951794,76827290.61092597,32.73734736196572,33.62845345461037,0
0.389,fly_1,0.0052169952462737465,-0.001451867473159759,0.001183018306496425,0.005284919069052099,-0.001656371237453603,0.0011732152123112509,93700334.1880916,91216714.34076402,36.21131840710136,36.002435988839636,0
0.389,fly_2,0.005690521115150877,0.0027147231764748586,0.0012633926867328176,0.005680080788378174,0.0024995639501893306,0.0012520329821648112,70503571.11546478,76314364.69212142,32.59433255715166,33.49195449803379,0
0.39,fly_1,0.00521334557449091,-0.0014443407666144003,0.0011759521445497498,0.005282333626087091,-0.001648508924714049,0.001166595439897985,93887420.47219855,91444638.01523188,36.20853844295738,36.00814713034394,0
0.39,fly_2,0.0056960578286389734,0.0027339265897281958,0.0012655053449349813,0.00568732410234878,0.002518614914454454,0.0012557002196077163,70043683.47968444,75863457.23526016,32.46258157921909,33.36859244311931,0
0.391,fly_1,0.005222731913278358,-0.0014363348192148243,0.0011656917115127484,0.005291861676348523,-0.0016405224373447426,0.0011579439100778835,94435534.06161833,91970271.5805365,36.267341077688386,36.06624276188391,0
0.391,fly_2,0.005705564539961268,0.0027534198324237784,0.0012637766208257835,0.005698486924441356,0.0025379881933368237,0.0012553711341866372,69669299.12054464,75509369.62533447,32.350587055056984,33.265921244874846,0
0.392,fly_1,0.0052421760396873214,-0.0014281479182418901,0.0011540242116576008,0.005310708456699111,-0.0016325960492019462,0.001148040439248603,95247312.11418521,92721515.97749567,36.369934312165114,36.16300741021082,0
0.392,fly_2,0.005718616644864055,0.002771820793652391,0.0012589078495401124,0.005712995330441928,0.002556295444794044,0.0012519249568418022,69401122.86539754,75267635.28446743,32.26331279762904,33.1874037212544,0
0.393,fly_1,0.005267439087327911,-0.0014190917828034136,0.0011451779612039498,0.005334836194685466,-0.0016239543529491104,0.0011406510152229905,96175968.21959478,93573321.06098938,36.49049431003789,36.27573661620494,0
0.393,fly_2,0.005734223773522296,0.0027881610168113144,0.0012517234756326768,0.005729824933298778,0.0025725697203761986,0.0012460156675687655,69241829.93829724,75140622.94413215,32.20149418753715,33.13362507451024,0
0.394,fly_1,0.0052946338510038585,-0.001407909458336916,0.0011416708653939696,0.005360544648663507,-0.0016132809177939087,0.001138529789279892,97116639.20590146,94431640.88290559,36.61107586938728,36.3878263472895,0
0.394,fly_2,0.005750808472585467,0.002801999808254716,0.0012423252494453345,0.005747462896219272,0.0025863688920313484,0.0012374620144901046,69183365.10647212,75122391.04115604,32.16328460897938,33.10330259311138,0
0.395,fly_1,0.005320632670544375,-0.0013931417172304559,0.0011437695565855673,0.005384952100888741,-0.0015990360301968206,0.0011423277746791971,98017348.57322505,95253788.37417899,36.723147145792694,36.49203888763437,0
0.395,fly_2,0.005766818183654024,0.002813743842730727,0.001231161670187166,0.005764498938215992,0.002598093912636235,0.0012265503018848189,69191942.04756966,75179871.4949863,32.14079139249074,33.08928663638625,0
0.396,fly_1,0.005343605796181054,-0.0013739290849485233,0.0011501497858764861,0.005406446636849685,-0.001580283238618015,0.0011508764042003172,98867771.29438633,96037864.14550883,36.82527981973959,36.58826787261738,0
0.396,fly_2,0.005781287553860515,0.002824162990203172,0.001219696453880684,0.005780099082662948,0.0026085112617191286,0.0012147512031451182,69218906.26297948,75262130.41039181,32.12267414553243,33.08062768940509,0
0.397,fly_1,0.005363456739414096,-0.0013506960123014617,0.0011573039056486717,0.005424970181452518,-0.0015574181165543676,0.0011609922695972718,99709784.73165439,96819717.80053028,36.92446807540645,36.68268446273208,0
0.397,fly_2,0.0057934704680228395,0.002834187896119678,0.0012090502919412792,0.005793612728442664,0.002618550827167062,0.0012033784119815044,69217882.85362086,75318076.6197665,32.098182492300616,33.066429075255584,0
0.398,fly_1,0.005380487576431617,-0.0013240226050747362,0.0011625671068290495,0.005440998067125813,-0.001530952767429472,0.0011696328262241966,100580889.56396554,97645558.72797033,37.02672958153722,36.78293007442453,0
0.398,fly_2,0.005801815431962221,0.002844633780821197,0.0011987202028349699,0.00580358025515676,0.0026290328698715883,0.0011920367483710325,69155643.94528505,75311011.44892387,32.059660462662876,33.038935612928796,0
0.399,fly_1,0.00539531378386305,-0.0012948862832617522,0.00116405087462623,0.005455324728482376,-0.0015018262987415447,0.0011743490533924089,101508093.6793773,98553414.45136464,37.1361833578441,36.89500110275809,0
0.399,fly_2,0.005804964579047768,0.002856221119170818,0.001188686617481731,0.005808676271366447,0.002640676797450093,0.0011810443219585,68998113.22777808,75199585.20546718,31.99925184693383,32.989424364758904,0
0.4,fly_1,0.005409030276897415,-0.0012651386000949215,0.0011604723153001424,0.005469063629488965,-0.001471918017905346,0.001173503236732691,102506384.35744467,99558791.07499179,37.254889041484056,37.02097740022542,0
0.4,fly_2,0.005802842116180357,0.0028667439325857644,0.0011801964747498441,0.005808359211493746,0.0026512639043665062,0.0011718625042248631,68792672.02188773,75022899.9544791,31.92792280271382,32.9262321614559,0
0.401,fly_1,0.005422746771032477,-0.001236952838560193,0.0011516214590161784,0.005483214470312895,-0.0014434655798408647,0.0011667105610191468,103566695.95299238,100645856.91699186,37.381092824522625,37.15780281066547,0
0.401,fly_2,0.005799843154739449,0.0028750666605344964,0.0011730824555235043,0.005806603576933304,0.0026596279940317587,0.0011645963707924048,68622071.96319146,74865472.6873084,31.864861967127172,32.86733785905202,0
0.402,fly_1,0.00543746523274183,-0.0012126156995507168,0.0011386583166115563,0.0054985533881407415,-0.0014188401833499723,0.0011551275460552764,104654886.17760918,101766987.12930185,37.50929425305859,37.297527354861586,0
0.402,fly_2,0.005810264856420523,0.0028793597174010736,0.001163774451045804,0.005817097275562355,0.002663885517752167,0.0011563096468880265,68734212.0792742,74995002.61939384,31.867592738530913,32.86967817089492,0
0.403,fly_1,0.005453965964720795,-0.0011939561496148601,0.001123853453939166,0.0055155988542769435,-0.0013999506587250295,0.001141150422118605,105720151.50442588,102855426.83420298,37.631750161373475,37.429611341803586,0
0.403,fly_2,0.005831910329662546,0.0028806923086191765,0.0011533274485566486,0.005837937200079527,0.002665149049865188,0.0011473011391164806,69063483.16392964,75351940.46208268,31.920438838946225,32.920118724587425,0
0.404,fly_1,0.005472759180676059,-0.0011820402897047798,0.001109970222466599,0.0055346435668734715,-0.0013879244135809549,0.0011276785890623627,106709664.46812227,103845125.32285142,37.74078501963398,37.54413822803582,0
0.404,fly_2,0.005860340324238891,0.0028823452722740125,0.0011456230664348493,0.00586513919476392,0.0026667315154123654,0.0011412396134043168,69426447.31528634,75744712.0124278,31.980561971514767,32.977630307577066,0
0.405,fly_1,0.005494055838033138,-0.0011771153072897879,0.0010997228625404653,0.005555753399457062,-0.0013830411683669222,0.001117597051214706,107577078.27885629,104680482.40952054,37.830007519360514,37.633208234998385,0
0.405,fly_2,0.005891748596712708,0.0028862799792619158,0.0011432637154169872,0.005895070148490325,0.0026706099516619662,0.0011406288614160373,69695034.93608946,76035894.32078685,32.01859622959239,33.01334209639224,0
0.406,fly_1,0.0055178721428452635,-0.001178791205342611,0.0010945425285290489,0.005578875888126286,-0.0013848893108069267,0.0011128086160271545,108302735.59156656,105332343.29637204,37.89713166062314,37.69315364218347,0
0.406,fly_2,0.005923230399187891,0.0028939098267242377,0.0011466393748093449,0.005924942434140624,0.0026782062550818513,0.0011458816916177668,69789211.8982853,76138549.37055981,32.016607544303724,33.009419661807826,0
0.40700000000000003,fly_1,0.005544207029720908,-0.0011864908843035801,0.0010940051786825806,0.005603973142946408,-0.0013928349857929721,0.0011135412851839492,108900240.08559144,105803678.70415697,37.944698042446646,37.725127398352434,0
0.40700000000000003,fly_2,0.005953029904257758,0.002906167471435654,0.0011544865423040863,0.005953150154862589,0.0026904600835808263,0.0011558446039446487,69673832.69614121,76014517.66183014,31.966892806656436,32.95821397623162,0
0.40800000000000003,fly_1,0.005571947890985705,-0.001198345084602859,0.0010980861908607704,0.005630110615396837,-0.0014049696031283607,0.0011194155555948628,109369293.51704481,106112357.8319634,37.973102001217896,37.732344039353926,0
0.40800000000000003,fly_2,0.005980627574167478,0.0029227770658046552,0.0011635093209102227,0.005979241336449327,0.0027071067959837207,0.0011675029442192722,69387132.2489028,75701871.62128955,31.878216196049536,32.86772320158772,0
0.40900000000000003,fly_1,0.0055996177558578775,-0.0012122724858275285,0.0011061071141717622,0.005656006321898171,-0.0014191844169728573,0.0011293303425522186,109716593.59308855,106286439.37986386,37.98366745202633,37.71935622506727,0
0.40900000000000003,fly_2,0.00600620698386551,0.0029428496618477515,0.0011702340154395357,0.006003515380691442,0.0027272727379002016,0.0011773671143766283,68996977.45790254,75275154.50429955,31.765936670121615,32.75339259152038,0
0.41000000000000003,fly_1,0.005625376278507227,-0.0012269202746753069,0.0011177322230459886,0.005679922191808192,-0.0014341485052888356,0.0011424858035088252,109920505.62170222,106322400.88015765,37.97358245226087,37.68585926567018,0
0.41000000000000003,fly_2,0.0060299732503209845,0.0029655550302743164,0.0011726738054375024,0.0060264235600523295,0.0027501141250050546,0.0011828792942811643,68553447.02195245,74799061.74625538,31.641375099405813,32.628652773993494,0
0.41100000000000003,fly_1,0.005647513797200295,-0.0012410813937264319,0.0011321712851611074,0.005700257889345732,-0.001448661343981308,0.001157864882860094,109971362.78169444,106224777.35959348,37.94170887899369,37.63266985993548,0
0.41100000000000003,fly_2,0.006052386266046194,0.002989304358881878,0.0011692606708794005,0.006048533206317966,0.002774012260240437,0.0011821448534330304,68125912.27875915,74353916.39301358,31.520453391975213,32.51042666947377,0
0.41200000000000003,fly_1,0.005664719542649197,-0.0012539571486649519,0.0011482834665485302,0.005715794461124862,-0.0014619307852625724,0.0011741650265835375,109872015.48131818,106007214.30018379,37.88861245966505,37.561880400822886,0
0.41200000000000003,fly_2,0.006073851164723064,0.0030119912999782067,0.0011598524249771553,0.006070196458344326,0.0027968310972588603,0.0011748279467989607,67780970.30824536,74012057.1786914,31.41868161206929,32.41418217879419,0
0.41300000000000003,fly_1,0.0056760407059930984,-0.0012654454586722085,0.001164901891279706,0.0057256602021782356,-0.001473848588754924,0.00119015217715612,109623845.85801701,105677406.2949995,37.81455314934089,37.47462834055969,1
0.41300000000000003,fly_2,0.006094689339656691,0.003031273736215541,0.0011458288816688395,0.006091533185309536,0.002816216650631593,0.0011623220498501348,67574100.92814314,73827909.25454491,31.349121779539878,32.35167747221581,0
0.41400000000000003,fly_1,0.00567746974099632,-0.0012759700580026695,0.0011827169756120387,0.005726313123051137,-0.0014848084705802833,0.0012057902811465756,109101140.22257024,105143842.37523046,37.701491276586225,37.35712383632351,1
0.41400000000000003,fly_2,0.0061152077288107575,0.0030454195170756225,0.001129476545036577,0.006112648505012092,0.0028304442665514555,0.001147101186945004,67534259.20643415,73825011.58515462,31.318607410934803,32.32798663479507,0
0.41500000000000004,fly_1,0.0056732432783865895,-0.0012849271119035463,0.0011985646391351862,0.005721931314993789,-0.001494132593010097,0.001218416030348228,108498236.48730487,104583139.09308252,37.57707120608277,37.235691819714624,0
0.41500000000000004,fly_2,0.0061357280355528315,0.0030534122976684543,0.0011135444949065415,0.006133708856846245,0.0028385160695119796,0.0011321743099419082,67666852.54670505,74001551.76414031,31.32828174360896,32.34255581840792,0
0.41600000000000004,fly_1,0.005670034072594079,-0.0012966033932781064,0.0012135153718380962,0.005718175439832984,-0.0015062050278261375,0.0012302813946802394,107880830.91356659,103986968.725837,37.45066045035195,37.109020275934405,0
0.41600000000000004,fly_2,0.006156580572372178,0.003054542396989858,0.001100959671363041,0.006154873818912039,0.0028397223257441307,0.0011204778667045106,67968702.77192086,74350120.65709262,31.37705014515454,32.3934182443948,0
0.41700000000000004,fly_1,0.005670565983514749,-0.0013136064730003203,0.0012287914619818958,0.005717312456429165,-0.001523722439813181,0.0012428479098667358,107237724.62776798,103315733.61644801,37.32059642725081,36.971011505701966,0
0.41700000000000004,fly_2,0.006178118402274201,0.0030483169032009924,0.0010937300196433488,0.006176286431809871,0.002833578368227289,0.0011141148534259912,68441571.68826053,74867399.45255709,31.464730299535994,32.479281580405626,0
0.41800000000000004,fly_1,0.005674684154330851,-0.0013335503875214275,0.001242818282847145,0.005719507809812965,-0.001544218009275364,0.0012547148798623309,106643722.54000956,102656741.80865458,37.197755013548544,36.83485927873025,0
0.41800000000000004,fly_2,0.006200722911341248,0.00303449358739162,0.0010921080584963766,0.006198117518997209,0.0028198818927670814,0.0011137082535857261,69098877.09728858,75559102.64728966,31.59355217229029,32.60055419916117,0
0.41900000000000004,fly_1,0.005681864168916144,-0.0013538978067588513,0.0012540196309907279,0.005724661549745554,-0.0015650916105492806,0.0012638734323613982,106169250.55902585,102106704.76058334,37.09254005250987,36.71544950155074,0
0.41900000000000004,fly_2,0.006224009339779261,0.0030152371539028397,0.0010959804739444185,0.006220117980171606,0.0028007870673509676,0.0011189490103601053,69875759.80543178,76360653.06448245,31.747758920773137,32.7429297402532,0
0.42000000000000004,fly_1,0.005692051492065813,-0.001373159180028139,0.001260730073262872,0.005732887714287106,-0.0015848158634804831,0.0012688163128974504,105878246.41078493,101733055.44719446,37.01448236906128,36.623348418447975,0
0.42000000000000004,fly_2,0.006246865262851079,0.0029927783633459377,0.0011051244421807379,0.0062412989751701176,0.002778497196550308,0.0011292933057232564,70696035.50645545,77196755.94069785,31.909535206580188,32.89036480555114,0
0.42100000000000004,fly_1,0.005705197455485555,-0.0013902698430114334,0.001262571247541807,0.005744249905414231,-0.0016023139271284094,0.0012691855133621064,105801222.13220835,101569923.86961639,36.96813707646268,36.56396599541657,0
0.42100000000000004,fly_2,0.006267831864767444,0.00296942103744131,0.0011188569392669946,0.006260353143385078,0.0027552954786325226,0.001143873928656007,71479249.55763304,77986590.49169344,32.060834077267515,33.026343554916735,0
0.42200000000000004,fly_1,0.005720999198999573,-0.0014045265344065291,0.0012602885035635427,0.005758526436261506,-0.0016168812759199045,0.0012656463190750032,105932907.12306078,101617162.36177903,36.952626816540274,36.537256792660386,0
0.42200000000000004,fly_2,0.006285545241844597,0.002947346405919324,0.0011357963030813052,0.006276101103762854,0.0027333512880301143,0.0011612606652813796,72155181.38779527,78660003.86180013,32.186582203221406,33.13714358652821,0
0.42300000000000004,fly_1,0.005738922466045812,-0.001415739712425158,0.0012551413211240449,0.005775206983419296,-0.001628335658812042,0.0012593760992314438,106241232.45451662,101846376.33589643,36.962987497892954,36.53864188613403,0
0.42300000000000004,fly_2,0.006298951454296492,0.0029282605285949766,0.0011540064753949519,0.006287665569384322,0.0027143453247949812,0.0011793925020973808,72678242.07573295,79175704.64776593,32.277553221961455,33.21520906411175,0
0.42400000000000004,fly_1,0.00575827261215743,-0.0014244768043238005,0.001248418516080222,0.005793501642567224,-0.0016372665785477688,0.0012517296139161233,106672289.143834,102200416.89355175,36.99102596249386,36.55905395780293,0
0.42400000000000004,fly_2,0.006307445793171218,0.002912651498106296,0.0011720996563868184,0.00629448707607592,0.002698765880180988,0.0011969300825356746,73041259.98797238,79527746.42484647,32.33296231796376,33.260061992285245,0
0.42500000000000004,fly_1,0.005778089212839351,-0.0014320120339128108,0.0012408534617270044,0.005812260397775645,-0.0016449821500794418,0.00124360949271413,107159330.73259431,102603618.82611954,37.02679716045516,36.586697662579724,0
0.42500000000000004,fly_2,0.006311162966897601,0.0029000239375367542,0.0011886341867550151,0.006296684533625088,0.002686118321451223,0.0012124312105988315,73278864.4828696,79754486.96417333,32.36087026968639,33.27980766935252,0
0.42600000000000005,fly_1,0.005797006626866044,-0.0014395226350072089,0.001232842012898218,0.005829986087723467,-0.001652682409162399,0.0012354500409737263,107632824.7609834,102982668.5195797,37.06017494734031,36.6103634316387,0
0.42600000000000005,fly_2,0.006310735699285716,0.002889313931172203,0.0012027315211312567,0.006294815920237088,0.002675359269629068,0.0012251257035406744,73443341.80525634,79909329.51481321,32.37286235083087,33.28526021297398,0
0.42700000000000005,fly_1,0.005813794080672066,-0.0014475402953785955,0.0012248995937690589,0.0058454198505415115,-0.001660902938110115,0.0012276797616717716,108038044.06421448,103285884.47135764,37.083391021858795,36.62233323026305,0
0.42700000000000005,fly_2,0.006307754119862041,0.0028788096960165547,0.0012146236407998023,0.006290352858513866,0.0026648011011803957,0.0012353372451825758,73602854.37021989,80061406.93818888,32.383713018634985,33.29013099231551,0
0.42800000000000005,fly_1,0.005827197407989895,-0.001456386464767583,0.0012170723891018061,0.005857317368447201,-0.0016699612862389331,0.0012202535181956653,108333678.68603024,103476488.15809475,37.09074395823239,36.61725142901007,1
0.42800000000000005,fly_2,0.006304079824535623,0.0028669418088580535,0.0012247928031540072,0.006285076151556848,0.0026528928438479676,0.001243592722255093,73819963.29680163,80275315.31878874,32.40680074532338,33.3070652889365,0
0.42900000000000005,fly_1,0.005835899406168693,-0.0014669870235489192,0.0012086339415684963,0.00586429250820671,-0.0016807894998433772,0.0012123580325712532,108477337.3996132,103512777.69872087,37.076442755181596,36.58905349008916,1
0.42900000000000005,fly_2,0.006301391426155649,0.002852819877193335,0.001233548835069093,0.006280665326568559,0.0026387555353928798,0.0012502348271649954,74136040.06215584,80595065.94126022,32.450778077675736,33.34449431853407,0
0.43,fly_1,0.005839075935982207,-0.0014792297744235115,0.0011995251295355144,0.005865613856388562,-0.0016932613257480949,0.0012037405518012779,108450933.34278022,103385673.49975306,37.03813226565012,36.536527052617885,0
0.43,fly_2,0.006300951132511508,0.0028364448472088925,0.0012408011966131025,0.00627844831971,0.0026224073073573815,0.0012553988305691135,74565981.98446427,81034900.7636965,32.51847292047373,33.40486294155424,0
0.431,fly_1,0.005836494615065852,-0.0014905170959068261,0.0011913126451931796,0.0058615266561210825,-0.0017047245229340911,0.0011957971846063955,108282286.36120155,103146682.80465582,36.979870484212654,36.46744764841283,1
0.431,fly_2,0.006303622517568456,0.0028184289363839166,0.0012462256251167265,0.006279373381124609,0.0026044656527212215,0.0012590017196993934,75105418.7111808,81589277.67830963,32.6085078039904,33.48666234547507,0
0.432,fly_1,0.005839552617008176,-0.0014970191767687791,0.0011877539106557229,0.005864053003308683,-0.0017113030126609335,0.001191455898398901,108280386.95950946,103121247.07179356,36.94550053473364,36.430696796044685,1
0.432,fly_2,0.006309818896300838,0.0027996334480269013,0.0012493402244821356,0.006283988111818455,0.0025857568389343224,0.0012603448881691997,75740524.84236005,82251635.5240204,32.71748269690161,33.5881422250641,0
0.433,fly_1,0.005854404885091232,-0.0014965711615471992,0.0011861177766303924,0.005879623914030521,-0.001710794010929946,0.0011881444360681659,108711846.03562824,103567075.90636683,36.97251066058325,36.464635505934446,1
0.433,fly_2,0.006319387906249214,0.0027811371072605034,0.0012499175765380603,0.006292246615866394,0.002567339017525993,0.0012591513812257418,76441258.19443862,82994334.78251798,32.83868707023127,33.703545565623756,0
0.434,fly_1,0.005878240701438327,-0.0014937196847679974,0.0011868872868517912,0.005904759055710675,-0.0017077950915069546,0.0011870691742256764,109384033.95203793,104259607.04284966,37.03289637622368,36.53474990592028,1
0.434,fly_2,0.006331388567125691,0.0027640335248303193,0.0012476221313324437,0.006303249551791808,0.002550298879045897,0.0012551873791292857,77169586.74778593,83776667.13971466,32.963975152189356,33.82482757359614,0
0.435,fly_1,0.005907678605426334,-0.0014926889073025064,0.0011909065310851663,0.005935609368410872,-0.0017065782239916868,0.0011892426043687949,110086632.48989287,104973768.4243969,37.09667345405377,36.607083268192284,1
0.435,fly_2,0.006344861576123888,0.002748586950475374,0.001242292169988045,0.006315945135878856,0.002534912485071896,0.0012485049217836612,77910421.78157324,84576763.91622081,33.090143104228154,33.947728666877886,0
0.436,fly_1,0.0059394597242233395,-0.0014956477178704032,0.0011979385301797644,0.0059687650305759316,-0.0017093337591016782,0.0011946202822584796,110681477.2855403,105566205.88218507,37.144710720017656,36.6606634924741,1
0.436,fly_2,0.0063588501470630806,0.002734437650315185,0.0012340138257041242,0.006329202581137699,0.002520841095964703,0.001239405464701902,78664587.86450374,85386932.1416931,33.21730148931647,34.07075626483697,0
0.437,fly_1,0.005971195548138147,-0.001503578448547856,0.001207066011597975,0.006001780152163455,-0.0017170562531280233,0.001202234354012061,111094240.59893616,105964071.75766052,37.16715816908403,36.68533060751537,1
0.437,fly_2,0.0063721244375815455,0.0027211372619376276,0.0012233820135126232,0.006341623731965256,0.002507656444255441,0.0012285957842626506,79424655.01709712,86191294.54210386,33.34391309272667,34.190987478201336,0
0.438,fly_1,0.006001512246425121,-0.0015166758591899432,0.0012167261262126224,0.006033225751261981,-0.001729945938895871,0.0012102714627845092,111310976.7313681,106157931.09720564,37.16254334575438,36.680203329358285,1
0.438,fly_2,0.006384161034090343,0.0027079149363182327,0.001212366430554947,0.006352556109553595,0.002494603057172064,0.0012179078136798852,80180673.61251745,86975619.60959005,33.468003320034484,34.30591250127969,0
0.439,fly_1,0.006029892257722503,-0.0015344004684174654,0.001224999684578291,0.006062523566002923,-0.0017474609894831976,0.001216517464946177,111369354.35088643,106190401.23479284,37.136322250135485,36.651770216176246,1
0.439,fly_2,0.006394046051788542,0.0026945216852895183,0.001201949291705583,0.006361041073183951,0.0024814404311433833,0.0012081610938274425,80915319.3385807,87720333.73812902,33.58623434747973,34.41216497381593,0
0.44,fly_1,0.006056415029664013,-0.0015545668792343527,0.0012294792057787097,0.006089873446334277,-0.0017673654802457682,0.0012181290635644515,111381981.0212068,106188839.41269532,37.10401091983302,36.61858081166223,1
0.44,fly_2,0.006400217746314975,0.002680866819789892,0.001191614070946694,0.00636547749933417,0.0024680899545018067,0.0011987314303354766,81620425.29692502,88414745.09191638,33.69716666089066,34.50807284274977,0
0.441,fly_1,0.006081386096289258,-0.0015753879019979242,0.0012289347803159034,0.006115502721036853,-0.001787869289884598,0.001214127630544076,111434230.94697167,106232816.53020817,37.07727233405799,36.59213843866695,1
0.441,fly_2,0.006401510574916953,0.0026674745381626555,0.001182052252312036,0.006364822280964839,0.0024550507715469807,0.0011899039037608205,82251897.1822546,89019452.10905567,33.79251158080619,34.586965940119214,0
0.442,fly_1,0.006105111492994142,-0.0015954104563086309,0.0012233145307529365,0.00613954903100077,-0.0018075727084802186,0.0012050725271266305,111577932.82179889,106357571.93442756,37.063109142723434,36.57746954994775,1
0.442,fly_2,0.006397884067810463,0.002657409298291508,0.001174233403685818,0.006359571985838898,0.002445289699907119,0.0011825398062182055,82685823.96620488,89420342.38203913,33.84899689162457,34.62928745450495,0
0.443,fly_1,0.0061279233973014074,-0.001612853785634793,0.001213269410955539,0.0061623205842748436,-0.0018247378486817864,0.0011919735587351515,111861164.14834313,106604921.41430627,37.06790990334984,36.5804664094014,1
0.443,fly_2,0.006398995532814266,0.0026497156650825988,0.0011676376101128557,0.006359846444993086,0.0024377242774854292,0.0011752885234032318,83076483.87901737,89822138.89812289,33.89668687367455,34.67133748275386,0
0.444,fly_1,0.006150102425838379,-0.0016260099709930283,0.0012002933724513038,0.006184175926254302,-0.0018376754467569307,0.0011764551907709124,112312569.6056544,107006420.42740068,37.09527752990758,36.605412567733765,1
0.444,fly_2,0.006412498985039668,0.0026442545159274973,0.001158561388781606,0.006373524243110095,0.002432189264186758,0.0011649515736334363,83578547.04998414,90400985.109265,33.96495404755913,34.74358319079484,0
0.445,fly_1,0.006171757515712168,-0.0016334123262074197,0.0011864957627997683,0.0062053863928197145,-0.0018449196668728367,0.0011607027514224748,112938692.89780593,107576354.45518214,37.145677893098764,36.65396212725782,1
0.445,fly_2,0.00643437413408584,0.0026396042647129424,0.0011496562702062447,0.006396207370512484,0.0024273568434302235,0.0011547421608806546,84153980.60733315,91088231.46994618,34.046230329191,34.83355934076929,1
0.446,fly_1,0.006192885313470885,-0.0016339965094101794,0.0011744837019939426,0.0062261772738542555,-0.0018453994852642914,0.0011474288846661865,113722101.36782506,108307006.92099202,37.21626763550083,36.72451439224234,1
0.446,fly_2,0.006454684582455116,0.002635717276913425,0.0011512835674011824,0.006417090140879063,0.002423392833808806,0.0011573271416481681,84524512.70481111,91504779.57288009,34.08837963992434,34.87627851420882,1
0.447,fly_1,0.006213423793630764,-0.001627508247741242,0.0011668276665486176,0.00624669140779053,-0.0018388327992310105,0.0011391376728226235,114619159.33852439,109167276.84772223,37.3007569859683,36.81215018309018,1
0.447,fly_2,0.006470260404004639,0.0026313342993563747,0.0011620764717794848,0.006432797056827329,0.002419050122355789,0.0011700427620225506,84712801.54157978,91684549.92537752,34.096267927873626,34.87834863549026,0
0.448,fly_1,0.006233339225452406,-0.0016138377915989929,0.001164771890698752,0.006267125852098543,-0.0018249997402347813,0.0011364764621812056,115608173.6616047,110160346.98322415,37.395886934871506,36.916780869511996,1
0.448,fly_2,0.006481361381062166,0.0026244042428729074,0.0011769623730142492,0.006443432420850362,0.002412278131112631,0.0011867318486142389,84870299.27102306,91804083.1073086,34.09837962505971,34.870173211921454,1
0.449,fly_1,0.0062524109328787845,-0.001594144569602951,0.001168944054087237,0.0062873120715070605,-0.0018050186521220046,0.0011398654053741725,116631256.95429005,111236595.23454882,37.49384105291699,37.03104774413439,1
0.449,fly_2,0.00648838474494853,0.002613984288952804,0.0011927493164437476,0.006449217891082759,0.0024021741577057503,0.0012043235043696426,85084387.27166998,91951070.76494822,34.11093262854595,34.866686660837686,0
0.45,fly_1,0.006270092290173336,-0.0015708717007033189,0.0011793367017063525,0.006306572059725817,-0.0017813673509142617,0.0011494645805488095,117590349.5428702,112288538.724504,37.58201358193024,37.14008646941317,1
0.45,fly_2,0.006494300158116217,0.0025988387984595706,0.001203226527902567,0.0064532475189590325,0.002387445228394566,0.0012158350694591014,85536399.22922502,92343109.86435695,34.16716354241262,34.90452205858189,0
0.451,fly_1,0.006285695010635991,-0.0015466331641596411,0.0011950535576090821,0.006324033927601408,-0.0017567028235934998,0.0011645183058819058,118395791.62210673,113213113.61583176,37.64937083273912,37.23028719223764,1
0.451,fly_2,0.006500657613402245,0.002579769592997002,0.0012061966221080592,0.006457263505829797,0.002368871902265028,0.001219259984565412,86258097.31651646,93019466.26281744,34.27201243161994,34.989532323316865,0
0.452,fly_1,0.0062984887507907695,-0.0015237465964049817,0.0012145545299988817,0.006338776933410735,-0.0017333885925923985,0.0011835927512625745,118982932.51270282,113930528.23085359,37.688357151253186,37.29164166011971,1
0.452,fly_2,0.006508251905895522,0.002558785629395355,0.001202512875122731,0.0064623556204173515,0.002348426652427331,0.001215710138288011,87179866.00445816,93911063.56568784,34.41156637311211,35.10907419383154,0
0.453,fly_1,0.006307808750568548,-0.0015038544086612103,0.0012358345681642484,0.006349980452001037,-0.0017131109135378082,0.001204773358723857,119326657.45904692,114400913.35416244,37.69643615045249,37.31961437866334,1
0.453,fly_2,0.006517055465287332,0.002538464201950049,0.0011949564116847007,0.006468802262892479,0.002328637365898007,0.0012082177576877083,88166454.86646739,94878930.22593725,34.56052497423507,35.23929496805531,0
0.454,fly_1,0.006313201822477817,-0.0014877026226964676,0.0012569036692775476,0.006357103059476041,-0.0016966427627084489,0.001226110240618495,119441659.58016992,114628700.91165859,37.675896612759864,37.31540031092621,1
0.454,fly_2,0.0065263962800218255,0.002521615202159002,0.0011876637149676624,0.006476190355355091,0.0023122555706373564,0.0012010594525083769,89037562.52240911,95737680.47826868,34.686730920655194,35.34979191237113,0
0.455,fly_1,0.006314577610839416,-0.0014750542149728973,0.0012760781973489605,0.006360041176383382,-0.0016837575522090542,0.0012459531711862964,119379867.8246644,114660541.07895236,37.63345723036931,37.28549814021496,1
0.455,fly_2,0.006534708877107446,0.0025108749529922634,0.0011850920316834866,0.006483038249973007,0.0023019062183148352,0.0011990114492585584,89596157.02957731,96275199.47194892,34.7564012929861,35.407050235042185,0
0.456,fly_1,0.006312384046625311,-0.0014647561103784278,0.0012924402683917413,0.006359303520730396,-0.0016732896085494692,0.001263390671887979,119217396.4061181,114573662.96738249,37.57869168315962,37.24020123014996,1
0.456,fly_2,0.006540580029508113,0.0025089680866153164,0.001190834790841774,0.006487941528436606,0.002300319418635985,0.0012058832964877315,89655573.67714183,96291674.90046114,34.738179025109346,35.380111625963615,1
0.457,fly_1,0.006307347015450292,-0.0014553967548995056,0.001305620934453592,0.00635570042222375,-0.001663794511718166,0.0012779829357356719,119029973.65591586,114449745.99370652,37.52106030307806,37.1902712310321,1
0.457,fly_2,0.006545556767672984,0.0025162440776709417,0.0012031288034727386,0.006492454871719615,0.0023078237395767736,0.001219642049115285,89250600.4639014,95835287.70983428,34.63876998150359,35.27721707118363,1
0.458,fly_1,0.006300758360120814,-0.0014452720459290698,0.0013161722944124584,0.006350617297792439,-0.0016535322118691157,0.0012902237764651407,118889915.55015999,114368628.3575671,37.469587590429086,37.14618774988842,1
0.458,fly_2,0.006551201749248184,0.002531980817437209,0.0012189081890541086,0.006498055857210347,0.0023237195317594578,0.001237191706607732,88482322.5169616,95014302.68917209,34.47540155380939,35.11528401865303,1
0.459,fly_1,0.006294027461107338,-0.0014331074736486553,0.0013247966346423621,0.006345502723601704,-0.0016412048209399823,0.001300768997050835,118853037.18385598,114390689.28583273,37.43122302916363,37.11584081501913,1
0.459,fly_2,0.006558300152084594,0.002554743354149186,0.001235549467733955,0.0065053793274006625,0.0023466409827871885,0.001256148625849433,87461453.51016821,93935372.512843,34.266579658168894,34.910618182186255,1
0.46,fly_1,0.006288438794841298,-0.001418394393324202,0.0013320167315517663,0.006341604827369091,-0.0016262986025581778,0.001310090748453406,118952615.85827579,114549470.12887976,37.41005017407242,37.10353043786475,1
0.46,fly_2,0.006566793760233546,0.0025826870671281773,0.0012516522926323403,0.006514196325605789,0.002374814426805591,0.0012751897360507808,86280928.4884471,92686010.31083706,34.02781419905731,34.67653440996621,1
0.461,fly_1,0.006285016803540976,-0.001401420698715324,0.001337971831643745,0.006339849413718473,-0.0016091124448376925,0.001318247242407336,119202276.72831011,114855431.24090368,37.407620251176,37.11044235720353,1
0.461,fly_2,0.006575794470249824,0.0026143936202149384,0.001266976789901775,0.0065235092100605525,0.0024068568181857828,0.001293926063310016,84987308.5732558,91310448.71505308,33.766621166428195,34.419472286070985,1
0.462,fly_1,0.006284502122729186,-0.001382933618341909,0.0013425214709300202,0.006340867528323651,-0.0015904119916486424,0.00132499430262068,119603859.95171615,115306231.18474686,37.4239330259321,37.136007985477335,1
0.462,fly_2,0.006584172441923358,0.002649185923598677,0.0012832743637815171,0.0065321477994398315,0.0024420888987316597,0.0013138651276240916,83564297.5588916,89790399.08284539,33.47913885144308,34.135423544204194,1
0.463,fly_1,0.006287268577713817,-0.0013638677121718976,0.0013454881591600644,0.006344942592680803,-0.0015711538097448808,0.0013300700620877107,120147092.18698227,115887398.12347867,37.45742261854984,37.17803256388415,1
0.463,fly_2,0.006590656893055668,0.0026843359101377195,0.0013036258138366518,0.006538668802007129,0.002477766258772866,0.0013376515906964488,82046921.73302895,88159068.45126992,33.17088059584536,33.82899898833449,1
0.464,fly_1,0.006293024781231188,-0.0013452621124203277,0.001346655110457969,0.0063517314549154345,-0.0015523936154075444,0.001333179098363558,120803774.99898021,116568443.70312709,37.50430582547813,37.23226796869808,1
0.464,fly_2,0.006594027411050237,0.002716921663174961,0.001329459641219059,0.006541815776049284,0.002510809393013053,0.0013658356391574318,80506146.07932839,86505006.62396552,32.85453220542482,33.514821346674296,1
0.465,fly_1,0.006300930782986788,-0.0013278306690701143,0.0013455026476674996,0.006360425764936674,-0.0015348390452158238,0.001333695222246182,121549287.60255797,117327662.22285195,37.5612907762139,37.295663583738225,1
0.465,fly_2,0.006594336985554541,0.0027469310025437163,0.0013578383718601719,0.006541783763100357,0.002541289247142281,0.0013963242551406406,78995823.5281911,84871946.26451606,32.54024660712301,33.20042011434572,0
0.466,fly_1,0.006310058523671528,-0.0013117761182530041,0.0013418447394185633,0.006370217718891684,-0.0015186587205807858,0.001331261920733134,122361301.3785328,118152717.01541811,37.62543412382948,37.36641952521906,1
0.466,fly_2,0.006592259983178341,0.00277456022251564,0.0013852453747454996,0.006539465038983228,0.0025694181473041497,0.0014260002371810244,77576317.48192605,83324127.3722963,32.24010618271666,32.897573419652254,1
0.467,fly_1,0.006319509953780287,-0.0012964826734803761,0.0013348140880206983,0.006380360420096909,-0.0015032022464775594,0.0013250276251411672,123259309.35806656,119070828.36598778,37.69884548211798,37.44770245815704,1
0.467,fly_2,0.006588701738148546,0.0028004300738473467,0.0014095053640335842,0.006536094287833509,0.0025956748877227643,0.001452392493725593,76271032.32194903,81905567.98478508,31.959468123018233,32.615030027544094,0
0.468,fly_1,0.006328318158567537,-0.0012812063704693956,0.0013255862084975557,0.006390079767576592,-0.0014876703158410946,0.0013161163151008228,124205108.79921983,120058430.91165684,37.776740917329995,37.53627260993146,1
0.468,fly_2,0.006585242630758735,0.002825112914981669,0.001428995913659208,0.006533409042450871,0.0026205926920858523,0.0014738990707481834,75100138.48151979,80644916.84202239,31.703249265239812,32.35907802272597,1
0.46900000000000003,fly_1,0.006335334754252057,-0.0012652998281803053,0.0013162322270357763,0.006398378142778735,-0.0014713746593000585,0.001306733221360447,125124688.7884222,121050961.6922535,37.850335576362134,37.624003174629436,1
0.46900000000000003,fly_2,0.006583117246288669,0.002848539430530647,0.0014431666488084536,0.00653267060634437,0.0026440879163613725,0.001489924010143349,74082232.37459771,79565152.45482323,31.476171583752397,32.135113970557114,1
0.47000000000000003,fly_1,0.006338739427645166,-0.001249141067011879,0.0013082885799508357,0.00640346567270626,-0.0014546849687845141,0.0012986059351079654,125909008.38996683,121940386.8885181,37.907128766537,37.697849387431084,1
0.47000000000000003,fly_2,0.0065836931187504754,0.0028704444570040698,0.001452033228385956,0.0065351813755599375,0.0026658799845750386,0.001500319078893412,73232309.47811484,78686028.61858542,31.282260128376745,31.947962720494658,1
0.47100000000000003,fly_1,0.006337369622371912,-0.0012333077114117103,0.0013004302701177372,0.006404101560534515,-0.001438202335208865,0.0012906028831371878,126542516.08323377,122702224.58077508,37.94575795105334,37.755262538946724,1
0.47100000000000003,fly_2,0.006588207167002113,0.0028907732927676024,0.001455795210777519,0.006542051048885985,0.0026859341397169885,0.001505212516498671,72553325.4166073,78011172.93567483,31.12298060914018,31.799266724229216,1
0.47200000000000003,fly_1,0.006330933237890043,-0.0012184400507559514,0.0012908761972152435,0.006399860480671725,-0.0014226098188702993,0.0012811152055940468,127046166.90627494,123343956.92276026,37.96901214843151,37.797543721609074,1
0.47200000000000003,fly_2,0.006597674723437882,0.0029096604823546277,0.0014545271672304506,0.006554117697115281,0.002704434530555355,0.001504693192913137,72042114.87302956,77535115.83231503,30.998349626666766,31.688684637098714,1
0.47300000000000003,fly_1,0.006321077174635391,-0.001204165746096104,0.0012796291739898082,0.006392255839526982,-0.0014075855548740298,0.001270381740411609,127474694.55499801,123906094.22050491,37.98340190659331,37.829820642070416,1
0.47300000000000003,fly_2,0.006612458048658249,0.0029261835053396444,0.001448686139662276,0.006571488963667442,0.0027205263340609456,0.0014992647709549524,71718969.32087865,77272897.01323391,30.91311699292709,31.619597706953947,1
0.47400000000000003,fly_1,0.006319391021779156,-0.0011868547507305688,0.0012655725332344206,0.006392609102441638,-0.0013896039197935862,0.0012576086726668993,128300718.8460222,124829644.36559072,38.04249865676268,37.90409803370539,1
0.47400000000000003,fly_2,0.0066324755219379725,0.002940021936469903,0.0014383682105092723,0.006593939466309251,0.0027339253415155813,0.0014890703005213711,71588261.57186338,77225934.60241392,30.86849386998758,31.59248389878374,1
0.47500000000000003,fly_1,0.006327740178100601,-0.0011680763737988492,0.0012476746705004248,0.0064025871119579286,-0.0013702836093554332,0.0012412166253239479,129575491.39654344,126164344.81459981,38.150803760930714,38.024868026920736,1
0.47500000000000003,fly_2,0.006656632638018075,0.002951118515805937,0.0014253039252069865,0.006620229014681716,0.0027446485087037056,0.0014760626519637703,71614181.05443972,77345914.64117977,30.85697715680093,31.59787999570499,0
0.47600000000000003,fly_1,0.006344216493824959,-0.0011483663160654406,0.0012280157747689108,0.006420129105955236,-0.001350231035950294,0.0012236059956193094,131180985.43646178,127780742.23074415,38.29344931366665,38.1754662069136,1
0.47600000000000003,fly_2,0.006683137569725683,0.002960810585856345,0.0014123672996848053,0.006648549846422603,0.0027540745275689824,0.0014633126386992279,71694004.64020526,77515499.32935297,30.85684691862344,31.612849964317263,0
0.47700000000000004,fly_1,0.006365882943457748,-0.001128003886125187,0.0012087624078925038,0.006442196469612778,-0.001329757376691566,0.0012069428648597371,132969414.44895755,129532795.97843105,38.45282179723587,38.33803814284513,1
0.47700000000000004,fly_2,0.006710140116024771,0.002970175022596493,0.0014013724274330038,0.006677097344036964,0.0027632679935188724,0.001452648079592828,71750652.12600094,77650331.61989613,30.851865855936108,31.621030220021424,1
0.47800000000000004,fly_1,0.006389724202808877,-0.0011069078119603476,0.001192337620513469,0.00646580905018304,-0.0013087543328752524,0.0011931211773906216,134785390.3020758,131288568.66203061,38.61148154783005,38.497332422562984,1
0.47800000000000004,fly_2,0.006736353564404538,0.0029791246087649175,0.0013923591578613025,0.006704637579216531,0.0027720767148515946,0.0014439033318908898,71778099.69933234,77748370.32943511,30.84079939299433,31.622084488151117,1
0.47900000000000004,fly_1,0.006413614201195118,-0.0010844017438686314,0.0011791207058749666,0.006488944653196143,-0.001286501821543648,0.0011826445633996375,136568298.91725475,132994858.8674674,38.763027458906286,38.64763538197801,1
0.47900000000000004,fly_2,0.0067608092918511175,0.002987177037171563,0.0013844051234097982,0.006730277247491358,0.0027799380236359257,0.0014358961080845015,71801590.53868048,77843701.03344238,30.828962505837453,31.622619889689126,1
0.48000000000000004,fly_1,0.006435995968451819,-0.0010595605995391895,0.0011689556307823534,0.00651031245485262,-0.0012619692149986369,0.0011752284454304724,138292499.43163618,134647955.9357725,38.90507887422324,38.788894689352865,1
0.48000000000000004,fly_2,0.006782712359717772,0.0029939155737182892,0.0013767029311063505,0.006753257795375437,0.00278642516025818,0.0014278076562140825,71844173.65585585,77961191.63394582,30.82117991625963,31.627413472001333,1
0.48100000000000004,fly_1,0.006455582526829012,-0.0010313500037187103,0.0011616895845315055,0.006528948029199422,-0.0012339996950010046,0.0011707527877129846,139939298.4519443,136250037.85371682,39.03611144531644,38.92168272961948,1
0.48100000000000004,fly_2,0.006801372105621795,0.0029990939871332853,0.0013688370364137337,0.006772928456214752,0.0027912920606118267,0.0014192439219469642,71918054.78518726,78113169.97773218,30.819979550053322,31.638792499070103,1
0.48200000000000004,fly_1,0.006472113457295112,-0.0009998797098820034,0.0011566417525560929,0.006544768904651796,-0.001202632891789617,0.0011686362997555084,141506246.10798484,137804408.23126963,39.156312906635414,39.04665492966939,1
0.48200000000000004,fly_2,0.006816055807962591,0.003002234204392776,0.001360728706107732,0.006788551109992139,0.002794082923950273,0.0014102067012821652,72038058.81405899,78311775.84376433,30.828409781597784,31.65901562602526,1
0.48300000000000004,fly_1,0.006486455219636123,-0.0009664347034893137,0.0011523160457678077,0.006558705866923039,-0.0011691351063838778,0.0011672802229848694,143024374.56016746,139340207.57792962,39.269155134703674,39.1670763388429,1
0.48300000000000004,fly_2,0.006826427781743026,0.0030035420210156893,0.0013523351803809856,0.006799844611654301,0.002794981353934229,0.001400577476982111,72197337.56266181,78552183.21913117,30.844970860163478,31.687071170491993,1
0.48400000000000004,fly_1,0.0064997757072651294,-0.0009330510999532554,0.0011476793190909257,0.006571875236501892,-0.0011355656193786378,0.0011655975576350508,144507997.85525566,140858994.549439,39.37628747978166,39.28324061650568,1
0.48400000000000004,fly_2,0.006832118828465003,0.0030051677528826395,0.001344802355266329,0.006806530458636105,0.0027962005720560037,0.0013918075532091962,72302254.1662021,78728002.41521145,30.850168025333712,31.702687134263524,0
0.48500000000000004,fly_1,0.006513412076636279,-0.0009022362121183433,0.0011423818385851692,0.006585467153010306,-0.0011044997206839163,0.001163095965123788,145952664.36232856,142338478.2357096,39.47746809487278,39.393049613134316,1
0.48500000000000004,fly_2,0.006832754866388456,0.0030118429716694804,0.0013462926840317158,0.006806911269082677,0.002803246765084804,0.001394782549401299,72060552.59503996,78434813.82557818,30.78341301422082,31.629209366516832,1
0.48600000000000004,fly_1,0.006528706925719824,-0.0008764395967149087,0.0011364927434710807,0.006600640992936832,-0.0010784810467211728,0.0011596504294471449,147350319.26575285,143751692.47145778,39.57212691312254,39.494061180359566,1
0.48600000000000004,fly_2,0.006828899378533865,0.0030150016630101062,0.0013509537189390032,0.006800403806091335,0.0028076724241108374,0.0014032425802328126,71864609.61168095,78084222.51349366,30.726281293989516,31.544854284462353,1
0.48700000000000004,fly_1,0.006546945631263592,-0.0008577805073013424,0.001130083060386674,0.006618455210116459,-0.001059716459358207,0.0011553770787695616,148703703.83043608,145074307.19399393,39.66073453906308,39.58421478330503,1
0.48700000000000004,fly_2,0.006822296788469168,0.0030140747182061316,0.0013570837731484147,0.006789593169971413,0.0028081946579502698,0.0014125401532410304,71770428.17729801,77824527.38312235,30.690475219690768,31.477928590955415,1
0.48800000000000004,fly_1,0.006569462055673995,-0.0008480394735736969,0.0011228694047107864,0.006639945316212303,-0.001050040355116961,0.0011504246184899192,150037465.05033594,146290227.77555454,39.745766502228804,39.66233372682081,1
0.48800000000000004,fly_2,0.006814283647617425,0.0030106111456493067,0.0013636800500815979,0.0067765874540040676,0.002806012354763078,0.0014206876611676472,71747141.25068423,77663283.47808866,30.66955621801585,31.429962956620376,1
0.48900000000000005,fly_1,0.006595802756614985,-0.0008466922900879023,0.0011160706962304342,0.006664674100806211,-0.0010489377267114278,0.0011458206085165831,151311295.56302336,147366215.87044197,39.8236311852788,39.72564439884842,1
0.48900000000000005,fly_2,0.006806223658213234,0.003005960178937106,0.0013690205337277067,0.006763261490669851,0.002802505267192172,0.0014263955022559439,71782846.91697598,77588374.40621895,30.661004723624064,31.39866577886065,1
0.49000000000000005,fly_1,0.0066245964490015035,-0.0008518487742820873,0.0011110545213038566,0.006691431848214641,-0.001054461814850588,0.0011428746591160659,152470211.1638605,148267578.21957332,39.889572730265485,39.771317545243285,1
0.49000000000000005,fly_2,0.006799700633719048,0.003000669431939341,0.0013709957079362407,0.006751555098146084,0.0027983875713919228,0.0014284029571705302,71901578.29094234,77612334.3669667,30.66975201474255,31.386414927252286,1
0.49100000000000005,fly_1,0.006654028671872488,-0.0008608892619411835,0.0011087466333321743,0.006718661273301754,-0.0010638711756979153,0.001142695204538058,153470561.65313572,148975181.42041516,39.94004189498768,39.79802909611626,1
0.49100000000000005,fly_2,0.006797020710314334,0.0029964449275195885,0.0013677857457431285,0.006744370711270687,0.002795279192209826,0.0014251604832568366,72088516.3747645,77729862.75941288,30.692594588912442,31.392110722782274,1
0.49200000000000005,fly_1,0.006682343939007714,-0.000871498593614344,0.0011098503693092994,0.006744827060589731,-0.0010747874084215375,0.0011459204851731843,154271325.93823564,149477480.26514804,39.971819659856294,39.80512706763103,1
0.49200000000000005,fly_2,0.006800385940288414,0.002994700924523284,0.0013585627977664998,0.006744388747270663,0.0027945132785124212,0.0014161888051376745,72322542.25935164,77925224.4874165,30.72503029597881,31.41261765213646,1
0.49300000000000005,fly_1,0.006707925601088815,-0.0008819151664469924,0.001114905783013218,0.006768447083594567,-0.0010854511593448803,0.0011528766365348005,154830670.01685888,149759993.14786953,39.98164888908085,39.79161283950442,1
0.49300000000000005,fly_2,0.006811104722747487,0.002996027773993979,0.0013436884709470904,0.006753159294461197,0.00279665372584928,0.0014022021636513973,72584936.81351417,78178010.20989023,30.76309580777775,31.443908598670212,1
0.49400000000000005,fly_1,0.0067297263404211575,-0.0008912854166822939,0.0011236505177756085,0.006788529684010881,-0.0010950629032896668,0.0011630007236382404,155134841.62161028,149829152.2322224,39.9687275202473,39.75834364270013,1
0.49400000000000005,fly_2,0.006828667155124927,0.0029991734453483645,0.0013239642167327988,0.006770026592146134,0.0028005838448115455,0.0013844207374641283,72900509.29329565,78498422.2785826,30.8117989617159,31.48777940350532,1
0.49500000000000005,fly_1,0.006745803266632931,-0.0008987575205836763,0.0011374401762387712,0.006803311068439051,-0.001102869533860196,0.001176970857164026,155081603.70453453,149622626.9044688,39.92432813337064,39.6996782899712,1
0.49500000000000005,fly_2,0.0068524049598496905,0.0030032285005876665,0.0013006749440201623,0.006794185789806742,0.0028053726555973754,0.001363881975349505,73273708.60722762,78892047.13240935,30.87188879912006,31.545096578160706,1
0.496,fly_1,0.006755851148022124,-0.0009044611647045172,0.001157182781325305,0.0068125142278602155,-0.0011090431359538505,0.0011954848490211838,154621133.96538663,149101162.15980852,39.84418615100432,39.611979530573485,1
0.496,fly_2,0.006881400071671868,0.0030089206232403612,0.0012770511570628477,0.006824690669378651,0.0028115446497855535,0.0013430686150652084,73620447.24546096,79286085.79487717,30.926125454235066,31.60201076365573,1
0.497,fly_1,0.006760447381382738,-0.0009097387703730714,0.001180845830160232,0.006816606127234603,-0.00111486051801831,0.0012169401492989737,153809147.3616023,148297038.55407894,39.73307543750398,39.49807026490776,1
0.497,fly_2,0.006914613502035175,0.003015399512497455,0.0012559561681725476,0.006860197598718366,0.0028181362415196044,0.0013242031267576401,73918401.04752466,79663242.20766243,30.970087063258294,31.655303206382555,1
0.498,fly_1,0.006760957257438119,-0.0009162062186010866,0.0012055587093372424,0.006816781420064459,-0.0011218902128843627,0.0012388647647855518,152758815.016034,147292401.54733768,39.60071683712683,39.36533505873538,1
0.498,fly_2,0.006951050903361773,0.003020532792063427,0.0012392875420996193,0.00689924630118298,0.002823039469654789,0.0013088878780461897,74209341.69400442,80061023.37998034,31.012320842498845,31.711980056621012,1
0.499,fly_1,0.006759357678931738,-0.0009256427673954507,0.0012293096443620746,0.0068147454743332425,-0.001131906776255111,0.0012596227889776338,151573560.17737323,146151938.09141833,39.456039310989354,39.219565281693185,1
0.499,fly_2,0.0069898513048040735,0.0030216741193490305,0.0012277496423943079,0.006940520415132069,0.0028237158503777197,0.0012978247666313113,74576525.45433912,80554349.68059206,31.069527050454894,31.785782761612506,1
0.5,fly_1,0.006757838336433956,-0.0009387022636185455,0.0012509388061291641,0.006812537899680099,-0.0011455785234930618,0.0012781731015632945,150559031.50546646,145146711.2454617,39.326598969276276,39.086455968746,1
0.5,fly_2,0.007030452350997001,0.003015991280931103,0.0012206763960091345,0.006983055968841157,0.002817545685800433,0.001290708279451979,75144579.31212091,81257838.55922848,31.166253673297906,31.897304604993472,1
0.501,fly_1,0.00675810771703586,-0.0009555778545138831,0.0012691758650261232,0.006811749047856587,-0.0011630901223532815,0.0012935233965377924,149423798.9490503,143991702.5446116,39.18597073098426,38.938737244818064,1
0.501,fly_2,0.007072633254564335,0.0030009389583452836,0.0012162761522923542,0.007026290953925715,0.0028022381572033648,0.0012862898564070485,76030825.35196832,82268788.14983828,31.324671308949785,32.06308366432421,1
0.502,fly_1,0.006761203531749064,-0.0009755109698002304,0.0012833906550124502,0.006813438158068159,-0.0011836706949435662,0.0013051302182172653,148446490.09054977,142949627.0506636,39.05966061999713,38.801660906095,1
0.502,fly_2,0.007116340518673595,0.0029770959247400037,0.0012134048491015158,0.007070177679610089,0.002778346296477178,0.0012833985168277193,77251998.12234491,83610935.46940532,31.545916497161052,32.28530287416924,1
0.503,fly_1,0.006767597361326377,-0.0009969370550845964,0.0012933238240838355,0.00681820554601922,-0.0012057254403439349,0.0013127598162034557,147692978.75466418,142095761.62658682,38.95403412013386,38.682806054609856,1
0.503,fly_2,0.007160892643159279,0.0029459021813856763,0.0012111070741103811,0.007114093186982441,0.002747376553632463,0.0012813133558344956,78780597.17535987,85249590.95908149,31.821870911389112,32.555157115286356,1
0.504,fly_1,0.006777316053193813,-0.0010179122846602842,0.0012993074683334805,0.0068262668433843885,-0.0012272749122707908,0.001316704199823142,147204102.98674726,141487693.8720959,38.87314878638643,38.588112352465465,1
0.504,fly_2,0.007204817851488158,0.002909716453089866,0.0012083462926645765,0.007156680344379677,0.002711734116167244,0.0012791792697502467,80548275.97754875,87107677.76424384,32.13665746948366,32.85663764783391,1
0.505,fly_1,0.006790125129527302,-0.00103673406943612,0.0013018587095550676,0.006837544444300799,-0.0012465885772923043,0.0013174801718947955,147001907.45034862,141160784.35969174,38.81920987999723,38.521288305287044,1
0.505,fly_2,0.007246627232602467,0.0028718065953932887,0.0012043784167446447,0.0071966705681916895,0.0026746654102138183,0.0012762896172196997,82438337.4359392,89063574.26603124,32.46634653345127,33.16719606426324,1
0.506,fly_1,0.006805493449421529,-0.0010522058898723714,0.0013018781056525792,0.00685162366852668,-0.0012624585763478195,0.0013159261191046097,147073139.81426716,141114599.07263285,38.79096731427609,38.48236209198819,1
0.506,fly_2,0.007284223106615806,0.002835575980103525,0.0011999458141502904,0.007232157641281412,0.0026394933760352764,0.0012732420327983788,84286373.79441154,90948551.3131147,32.78029641902353,33.45833475442363,1
0.507,fly_1,0.0068228505130976886,-0.001063946144823055,0.0012997350569604372,0.006867924830330663,-0.00127450856384583,0.0013125143209470381,147401472.40147978,141331297.4391445,38.786724102865215,38.469463183763814,1
0.507,fly_2,0.00731487447680912,0.0028051493751474633,0.0012000570419758653,0.0072605065986637,0.002610038671597327,0.0012742694611044463,85797567.80447935,92472332.18529367,33.027461245149226,33.684289269522424,1
0.508,fly_1,0.006841506435107234,-0.0010724667040653746,0.0012958753744418661,0.006885644950481635,-0.0012832795951761306,0.0013077603384236704,147936508.0086484,141753126.57244056,38.80151693349324,38.47667181081669,1
0.508,fly_2,0.007337407633853677,0.002784641047383564,0.0012071713339297638,0.007280827884258609,0.002590233669879607,0.0012815759001510243,86714054.79078251,93380230.365147,33.16634828271038,33.80764814323257,1
0.509,fly_1,0.006860481346487634,-0.001078835116760739,0.0012906202492692937,0.006903641484363271,-0.0012898754008690049,0.0013020542751936606,148603451.4064894,142294918.56914172,38.8281500425816,38.49539909412256,1
0.509,fly_2,0.0073523328857325685,0.0027757873523520525,0.0012196839611331321,0.007294035832568033,0.0025816839540881505,0.0012935545259171986,86969448.00609136,93621839.82645607,33.189012425345396,33.82365564745656,1
0.51,fly_1,0.006878546714706913,-0.0010843304658518479,0.0012840720286850103,0.0069205220210487835,-0.0012956069116631,0.0012955556287151302,149317548.53083968,142861947.64152908,38.858660935791455,38.51628086305372,1
0.51,fly_2,0.007359417404429498,0.002775482139569859,0.0012339526469406237,0.00729983280061388,0.0025814700860979827,0.0013070316046681569,86760612.93048766,93388865.27505082,33.131109855690184,33.76413914578632,1
0.511,fly_1,0.006894500178803007,-0.0010903570092923017,0.0012762543558069628,0.006934956059590087,-0.0013019046608978811,0.0012881895464919345,149990345.21345037,143362418.69596353,38.88496691886071,38.53045423395831,1
0.511,fly_2,0.007359261338732422,0.0027794486286842625,0.0012480310258928097,0.007298568090091963,0.0025854346844615766,0.001320186794777941,86320066.68737046,92914248.58032936,33.033021084857815,33.66617793197691,1
0.512,fly_1,0.00690682786399132,-0.0010980132261704104,0.0012667970404068,0.006945377534354882,-0.001309873238359601,0.0012794775024187824,150544221.28711313,143721301.03038126,38.90017960204962,38.53085542767461,1
0.512,fly_2,0.007353765011025397,0.002782501345793267,0.0012635209120345485,0.0072916579992000395,0.002588486990430359,0.0013344623312621093,85858637.82658422,92407499.74002585,32.9312851401323,33.563058690517224,1
0.513,fly_1,0.006914307569788069,-0.0011079284840158838,0.0012555942479600102,0.006950593085392618,-0.0013201342026417807,0.0012691452739934683,150914475.88461143,143884008.15761563,38.89871224537392,38.51246705705751,1
0.513,fly_2,0.007345232480966556,0.0027804875451685387,0.0012792237701306302,0.007281183132141894,0.002586588071893924,0.0013487378776610034,85593012.34383862,92088480.56721205,32.8639100254922,33.49016809156815,1
0.514,fly_1,0.006916242997817631,-0.0011203278198373132,0.001242637648392307,0.006949986458985287,-0.001332900061994995,0.0012569888385611948,151063453.52091333,143826333.3890195,38.877438719541786,38.47315486981615,1
0.514,fly_2,0.00733536445397953,0.0027710487264208973,0.0012931792768348903,0.007268864278981556,0.002577405309442245,0.0013610872274213352,85669862.05696437,92112659.44637986,32.85675026143639,33.47270964039022,1
0.515,fly_1,0.0069174401666497205,-0.0011347111828587165,0.0012308896525152133,0.006948476153742002,-0.0013476815501125845,0.0012454473358384966,151061094.07514,143630261.98951095,38.84277968761944,38.420833837446104,1
0.515,fly_2,0.007326109602740364,0.002753752867748806,0.0013036145440317671,0.007256848701458185,0.0025604537574516546,0.001369719895393745,86152976.97724736,92556427.31137544,32.92051517676907,33.522636638779126,1
0.516,fly_1,0.006926936761880122,-0.001149108559583677,0.001221061241820162,0.006955181380130423,-0.0013625213021982471,0.0012348009214526259,151268810.75062612,143647457.3748889,38.82701765634848,38.38910605680642,1
0.516,fly_2,0.007319361497653532,0.0027298321979519623,0.0013093822295269246,0.007247329955221289,0.0025368717818236098,0.0013734858227895904,87028282.99322206,93417541.59820321,33.05138560280444,33.63838226296172,1
0.517,fly_1,0.0069441883052205906,-0.001163852020746227,0.0012098709467037562,0.006969636541196019,-0.001377729538669654,0.001221717067563925,151779446.71230045,143968069.82255965,38.83818189365654,38.386425171405214,1
0.517,fly_2,0.007316596794887934,0.002701296737263991,0.0013101874149852467,0.007242060468959874,0.0025085756961577077,0.0013721105318224732,88234687.08192545,94643242.40377215,33.23681114458468,33.80966066435748,1
0.518,fly_1,0.00696729678460468,-0.0011789682223606987,0.0011965246928818604,0.006990213564499186,-0.0013932879416323322,0.0012050929539292206,152554613.88273656,144578368.26489806,38.872427433619876,38.41111249728773,1
0.518,fly_2,0.007318286977162957,0.0026705517453417425,0.0013060152608185222,0.007241699220635995,0.0024779267526325536,0.0013656932609587113,89684316.10362634,96147124.561404,33.45973473675262,34.02081784366166,1
0.519,fly_1,0.006993699543089701,-0.0011929103100134014,0.0011812406518165797,0.0070148070873448844,-0.0014075383296129013,0.001185803627281414,153554629.33780992,145449350.11323485,38.9257471383935,38.45989665653113,1
0.519,fly_2,0.007324641332724704,0.0026397169040365412,0.0012976348318360432,0.007246547898401826,0.002447040004151875,0.0013551549477371183,91281767.7538259,97830328.42648768,33.70251604719312,34.25483355931696,1
0.52,fly_1,0.007021314035492335,-0.0012060135397099904,0.0011655974759188154,0.007041405318620945,-0.0014207833547308247,0.0011669401839820867,154636864.21857306,146399471.26819694,38.98527721145251,38.515278938546835,1
0.52,fly_2,0.007335081005506453,0.0026105956648175732,0.0012859983868020242,0.007256027138563649,0.0024177539042539832,0.0013416228191218695,92930609.72321516,99587982.15483147,33.948376536884446,34.494757038616996,1
0.521,fly_1,0.007048945441859082,-0.0012200964385999187,0.0011510824941142021,0.00706866634978311,-0.0014349029975168554,0.0011502084210639441,155631376.25673532,147246651.87089914,39.03628246372354,38.56028843260674,1
0.521,fly_2,0.007348771457663731,0.0025840114715082,0.001272955246828259,0.007269166564067753,0.002390957513640511,0.0013270363547493646,94549796.83642456,101326600.16989511,34.1841257951637,34.72646684685621,1
0.522,fly_1,0.007075770745070768,-0.0012365219898701598,0.0011401334968952092,0.007095664748674648,-0.0014512952546523225,0.0011372683054180906,156355970.51875198,147837531.64170957,39.06351987379655,38.58113434119169,1
0.522,fly_2,0.007363872045332822,0.002559942026310672,0.0012595982490722774,0.007283913179349845,0.002366720944607557,0.0013125485021687003,96099345.37313488,102990946.92939542,34.403906353492964,34.94234097000803,1
0.523,fly_1,0.0071018994774158725,-0.0012560218190340935,0.001133176420175289,0.007122307506811628,-0.0014707046198505552,0.001128043844159097,156758860.3776415,148130665.67626977,39.063129993203084,38.57449946968384,1
0.523,fly_2,0.0073777833240601795,0.002538463406154161,0.0012460580835084516,0.007297464616376059,0.002345181801714627,0.0012982372225202512,97545846.81487286,104536059.90584567,34.60326188885854,35.13673329682959,1
0.524,fly_1,0.00712796288671803,-0.0012784450894080617,0.0011290766009909527,0.0071489999780603025,-0.0014929834108207828,0.0011211844910037968,156901626.9285735,148184150.5469224,39.04072197956377,38.54602429087598,1
0.524,fly_2,0.007387960830671847,0.0025199568444394128,0.00123293396220041,0.007307070643686979,0.0023267708877464702,0.0012845818058433557,98827611.50371546,105888657.0117143,34.773708553026594,35.30039967099832,1
0.525,fly_1,0.007154579425772405,-0.0013025054951381915,0.0011262543336023796,0.007176224602770817,-0.0015168466687751781,0.0011152596274486308,156913241.9668659,148115955.68611836,39.00737355917638,38.50661411958634,1
0.525,fly_2,0.007392612415254285,0.0025055215884039793,0.001221367473679889,0.007310811159525124,0.0023126305722179275,0.0012726816666738879,99839493.19334006,106931286.06005847,34.90064848578171,35.41845557229375,1
0.526,fly_1,0.00718217561987237,-0.0013261427143342358,0.0011230242956634688,0.007204374922757194,-0.00154023653714375,0.001108791869552055,156960179.30425262,148084853.3271364,38.97717986506797,38.470783022998546,1
0.526,fly_2,0.007392021687498962,0.0024920384526583086,0.0012132034270971861,0.007308668579572989,0.00229984936401245,0.0012646538845425403,100682123.99227375,107737640.9929221,35.00049286936322,35.502480758822315,1
0.527,fly_1,0.00721089639762987,-0.001346097691647781,0.0011181119493521364,0.0072338043183309735,-0.001559838607394623,0.0011001791840429603,157247920.84383035,148322802.88304484,38.96738856398366,38.45960608457745,1
0.527,fly_2,0.007386053735289949,0.0024687192862983143,0.0012094103422486157,0.007299235873441003,0.002277947284945967,0.0012604028743565421,101848894.37643008,108790070.23421964,35.1465455200856,35.61856973829086,1
0.528,fly_1,0.007240583356755555,-0.0013601958427015722,0.0011109825637064697,0.007264457150604705,-0.0015734227421768067,0.0010887144862365343,157905880.37503406,148976351.08208287,38.988560686162096,38.486050734561644,1
0.528,fly_2,0.00737583636177958,0.0024408716623731436,0.0012055869158271255,0.007284259524437694,0.0022523323834244355,0.0012565590564800313,103195559.91424489,109932419.12960488,35.31612273767532,35.74479440532428,1
0.529,fly_1,0.007270715141873873,-0.0013677599897059926,0.001101809090197239,0.007295748977282903,-0.0015803242963302268,0.0010749528320652367,158960525.35959047,150061023.3402257,39.04224789362513,38.55071798017432,1
0.529,fly_2,0.007365006654761425,0.0024159768950080232,0.0011991865582770354,0.007268542442407866,0.00223024279287202,0.0012514267248686585,104454750.30397293,110921524.49509767,35.47001993268324,35.848711320451045,1
0.53,fly_1,0.007300696578042144,-0.001368509354297398,0.001091348540395415,0.007327084259531851,-0.001580297104016173,0.0010600248225216427,160395790.2708665,151553248.48341322,39.12616741387011,38.65032997028898,1
0.53,fly_2,0.007356348602009393,0.0023979772299903665,0.0011897604321751288,0.007255392809248213,0.0022152217018692826,0.0012439810999681936,105474815.81635377,111662660.39954332,35.587426586052715,35.91862888105712,1
0.531,fly_1,0.007329952962536039,-0.0013627258504698612,0.001080946817518553,0.007357925243300499,-0.0015736745817410626,0.001045595434933354,162143566.51459205,153381077.82268062,39.23365906995699,38.77718926931491,1
0.531,fly_2,0.007351243385263955,0.002388821777520435,0.0011773908130793289,0.007246399781184043,0.0022089662312811615,0.0012338827340706347,106173203.6953027,112109959.9988548,35.65799330090587,35.94943429881569,1
0.532,fly_1,0.007357947396301687,-0.0013515997714414682,0.0010720553384049884,0.007387717842406013,-0.0015616874347223345,0.0010332168234653656,164080572.51541618,155421893.01632506,39.35384752279322,38.91945382106963,1
0.532,fly_2,0.007349744239996486,0.002388505181255142,0.0011628145969731823,0.007241575419546652,0.002211489078368104,0.0012219444673261413,106530015.49333015,112242225.11031035,35.680099555853225,35.93905096123248,1
0.533,fly_1,0.007384072196091441,-0.0013368467638133778,0.0010662357491950081,0.00741580522235488,-0.0015460701989710964,0.001024401490605325,166038949.02106118,157512801.4739971,39.47295333471556,39.062553291959276,1
0.533,fly_2,0.0073510719646447615,0.0023966480631726055,0.0011466111515670428,0.007240122401334744,0.002222468744846542,0.001208927244477019,106535665.81304316,112040568.33621904,35.65314175623717,35.88537600019398,1
0.534,fly_1,0.007406649344474379,-0.00132096148405639,0.001065985723248867,0.007440347017836435,-0.001529451942294818,0.0010220797828729322,167718822.42707115,159335404.44356042,39.567895106185794,39.180037305750325,1
0.534,fly_2,0.00735428713852156,0.0024125393697051636,0.0011297307553287824,0.007241065232094942,0.002241287081225491,0.0011959500090423163,106186071.5003987,111487351.57425465,35.57679568399095,35.78606698638866,1
0.535,fly_1,0.0074246482841470625,-0.0013061003442722326,0.0010756761323495196,0.007460209000239379,-0.0015141447553426626,0.001031128467313738,168766632.0263059,160517921.08215225,39.61270497969768,39.24263290221482,1
0.535,fly_2,0.007358850750705763,0.0024354277767789545,0.0011136402073032555,0.007243798300050256,0.0022672431484971286,0.001184410260112669,105474585.46971458,110569354.00036573,35.44986021737044,35.63887968255975,1
0.536,fly_1,0.007437366497734535,-0.001293173166273825,0.001094787285830042,0.007474559319710211,-0.0015010217096234624,0.0010506600494821802,169100677.89050913,160983505.5825098,39.602591883654846,39.24582823872102,1
0.536,fly_2,0.007364594727569997,0.002464854640018056,0.0011005094021301215,0.007248085682725118,0.002299894531906097,0.00117630743091587,104373624.29546218,109255558.42586415,35.26760231385512,35.438645730656404,1
0.537,fly_1,0.00744429345248761,-0.0012823273832948182,0.0011207532974627777,0.0074827923110889795,-0.0014902023204814072,0.0010778885760377639,168782352.0541349,160786823.29649,39.54293962489724,39.19503505220871,1
0.537,fly_2,0.0073720211350078915,0.0025005651068841293,0.0010919135698558733,0.007254396131931717,0.0023389816226391325,0.0011730718857412903,102872767.0174918,107535684.41412434,35.026977534149935,35.18220575258629,1
0.538,fly_1,0.007445647506825208,-0.001273092281524008,0.0011497411820319849,0.007485097676926474,-0.0014811768939896404,0.0011088020308342708,168005589.98968965,160111397.75889468,39.44851410685454,39.10534110233873,1
0.538,fly_2,0.0073820366786763805,0.002542457168766973,0.001088547413694409,0.007263715075876383,0.0023844144009648686,0.0011754612665779982,100981335.75612435,105417388.51737139,34.72701339837249,34.86806683364455,1
0.539,fly_1,0.00744222855984871,-0.0012644198540959209,0.0011778959723623714,0.007482319417718866,-0.0014728674653778709,0.0011395051865816074,167032472.50713414,159207058.69962502,39.339089357177464,38.99694499367709,1
0.539,fly_2,0.007396032406925111,0.0025905256196861815,0.0010897411644122308,0.0072774374106899,0.002435849811573664,0.0011821649558270532,98737337.29392311,102972832.17251526,34.370319421821115,34.50312398388324,1
0.54,fly_1,0.007435042334794534,-0.0012548966683844853,0.0012028762354061573,0.0074756014651454405,-0.0014638071743737619,0.0011676215421120289,166087784.1368717,158299280.08769083,39.231835852829526,38.88825028112777,1
0.54,fly_2,0.0074150261270096015,0.002644268082710672,0.0010945771178060043,0.007296606083102952,0.0024927291848226207,0.001192271496328018,96200326.11959377,100264385.1815068,33.96249431931409,34.093048461755586,1
0.541,fly_1,0.0074251412281076574,-0.0012426827076085867,0.0012251555609969205,0.007466239263987392,-0.0014520766510835626,0.0011935855776328559,165283459.94026643,157519577.81101817,39.13549850085051,38.79020541149869,1
0.541,fly_2,0.007439002030694237,0.0027025123841391396,0.0011025160451632015,0.007321154386567611,0.002553981503400709,0.0012053851182981846,93441461.42977133,97350294.35796267,33.51114996154587,33.64322400615467,1
0.542,fly_1,0.0074144149757614745,-0.0012273988528102493,0.0012449214332955895,0.007456363610313294,-0.0014370799093137232,0.001216536532915187,164695263.27426028,157002394.18602628,39.056131211122214,38.71417981479554,1
0.542,fly_2,0.007467134698001867,0.002763682675575757,0.0011130576850960873,0.007350107598706397,0.0026181384852854354,0.0012210071300692018,90542235.9320991,94300128.53073749,33.026223614271736,33.161260666294595,1
0.543,fly_1,0.007404065231139124,-0.0012091900903125265,0.0012613447494087906,0.00744726741162178,-0.0014189314815896631,0.001235389858666279,164394394.08902526,156827089.02091062,38.99943552546847,38.66695367801284,1
0.543,fly_2,0.007497916017149322,0.0028258606744194746,0.0011256564567943429,0.007381746812920314,0.002683297205574266,0.001238403560111461,87596144.89958587,91203879.71745858,32.52080047041365,32.658923833250014,1
0.544,fly_1,0.007395413833193338,-0.0011886344443334436,0.0012734042715911906,0.007440188711510987,-0.0013982849870869166,0.0012494585796697926,164447445.14317995,157029349.41015035,38.97064624784297,38.65146740202445,1
0.544,fly_2,0.0075291231860449255,0.00288668511832825,0.0011396093008369833,0.00741366110080059,0.0027469781184020973,0.0012565793696984007,84716129.23983094,88180305.11050054,32.01298713958339,32.15424521928033,1
0.545,fly_1,0.007389775211119287,-0.0011664950545451816,0.00128056621317312,0.007436310917041583,-0.001375944803630826,0.0012582779505881901,164893724.72486183,157630854.53111663,38.97264025721328,38.66920387019746,1
0.545,fly_2,0.007559124574570943,0.002943688505921883,0.0011533803121788054,0.007444176356719177,0.0028065900297177377,0.0012738894446210592,82035331.03567126,85370392.67169657,31.526744796660683,31.67133583442207,1
0.546,fly_1,0.0073882497266459365,-0.001144299687709973,0.001282773441394717,0.0074365249626387265,-0.0013535003402523709,0.00126188984657831,165713885.44961762,158588078.5741742,39.00345299538656,38.71594927933391,1
0.546,fly_2,0.007586340687489427,0.0029941841641977344,0.0011662599349224496,0.007471659108647803,0.0028593577623286666,0.001289554350044197,79676259.98761517,82900668.79346353,31.086732562755742,31.234534834227617,1
0.547,fly_1,0.007391117596796686,-0.0011241802111016219,0.001280290894165721,0.007440869743906476,-0.0013331595221132422,0.00126069733925971,166822986.77742064,159787996.37499142,39.055904019558014,38.781712897865454,1
0.547,fly_2,0.007609809071043173,0.0030364065105473823,0.0011783021259926462,0.007495165272558142,0.002903434293446705,0.0013036285993134685,77704654.21206418,80839507.99671614,30.70906707845822,30.859940712537085,1
0.548,fly_1,0.007398070540446087,-0.0011072037865490756,0.0012744211882256275,0.007448978676424158,-0.0013160063115769751,0.0012559440888863902,168112210.09534115,161121036.4598375,39.1210998837227,38.857043132893914,1
0.548,fly_2,0.007628746970482759,0.0030688208049473955,0.0011903409769757412,0.00751397945145054,0.002937322278904256,0.0013171009477490573,76161403.2917499,79221037.64613518,30.405684024082586,30.558015904505403,1
0.549,fly_1,0.0074084165788667064,-0.0010933544897614611,0.001266830017646034,0.007460257543376736,-0.0013019958599443284,0.0012491430446527245,169483918.3336191,162508367.59121853,39.19128413033267,38.93530643014428,1
0.549,fly_2,0.007643016384889869,0.0030914916664784697,0.0012039722754683755,0.00752799373637474,0.0029609205056485115,0.0013314575618933709,75008096.31859812,78013165.713794,30.17300426184769,30.32674760700467,1
0.55,fly_1,0.007421087688222783,-0.0010820451789835654,0.0012586919137572681,0.007473790031446119,-0.0012905023859464183,0.0012413831919443638,170870122.43712685,163903537.95714283,39.26122410451675,39.01271486535995,1
0.55,fly_2,0.0076526975539399885,0.003105158874803779,0.0012210331698982732,0.007537434899756953,0.0029749150563042523,0.0013486364780847188,74176294.50248095,77144902.9296785,30.000402252836224,30.155776659181846,1
0.551,fly_1,0.007434404912138209,-0.0010722354269666013,0.0012508366692435202,0.007488091804833599,-0.0012804314700332006,0.0012334107927690046,172211566.46494943,165276119.7269904,39.32656507706752,39.08690519734846,1
0.551,fly_2,0.007658641739253469,0.003110789859129769,0.0012425422333538804,0.007543189227890835,0.0029799534268932174,0.0013693652659089006,73603188.9295356,76571594.72964044,29.877194028125338,30.03843207786745,1
0.552,fly_1,0.007447021572712995,-0.0010626401398891984,0.0012441794984070862,0.007501974388714096,-0.0012704638608428708,0.0012262623281701394,173464533.835611,166600643.89316827,39.38427428220013,39.15600710284232,1
0.552,fly_2,0.007663843129058701,0.00311147043437307,0.0012663223061579745,0.007548336833873077,0.002978411353333843,0.0013907614989079613,73193326.47236907,76250720.76016963,29.785547670666762,29.967693376588638,1
0.553,fly_1,0.007457220552548005,-0.001053467716453285,0.0012384577879246362,0.007513688539576455,-0.0012608200278437745,0.0012198051374760562,174562465.54289037,167808643.1888656,39.42980043920811,39.21496136519472,1
0.553,fly_2,0.007670654632798895,0.003108590692103999,0.0012882590630739728,0.007555543470974976,0.002971752404193149,0.0014089083040660126,72956280.39644966,76199526.15926987,29.727685520138813,29.947127361893866,1
0.554,fly_1,0.007463926964438969,-0.0010455741975319004,0.0012325791926686449,0.007522038726186141,-0.0012523952231689366,0.0012130952898803205,175476944.63262406,168854338.82215875,39.4614588732273,39.26061991869507,1
0.554,fly_2,0.007680632872614414,0.003102174782327932,0.001303598158994739,0.007566633709876996,0.002960554884599587,0.001419699543264529,72972665.63061145,76479198.23587698,29.719572783328914,29.98799826503242,1
0.555,fly_1,0.007466749358704226,-0.0010394518734998764,0.001225516449734495,0.0075264943758638495,-0.0012457101692914792,0.0012050326925468974,176219762.7469743,169741564.28976548,39.48042490529039,39.293635015449674,1
0.555,fly_2,0.007693578539099259,0.0030906130955144656,0.001309250664630143,0.007581488815231881,0.0029442094851332423,0.0014212033896414571,73365936.37368706,77159973.76600938,29.78510051021697,30.102439167584706,1
0.556,fly_1,0.0074653062313671335,-0.0010350821697406205,0.0012168662692922715,0.007526508349276208,-0.0012407994090768899,0.001195273349848885,176793291.06118077,170460840.6620918,39.48713269369047,39.31360812825472,1
0.556,fly_2,0.007708045989741713,0.0030718446884122797,0.0013048190243078797,0.007598419037434216,0.0029213237064051167,0.0014137084235630404,74237800.68704373,78304314.28731637,29.942666552819382,30.299853275350564,1
0.557,fly_1,0.007468061760602081,-0.0010307328336798438,0.0012118939306582368,0.007530223095471315,-0.0012361028111095732,0.0011897427053068504,177347390.3680159,171099140.74275887,39.49231225546174,39.32724985947797,1
0.557,fly_2,0.007722048537111176,0.003044201638480062,0.0012916864084238134,0.007615018530523903,0.0028903694853493057,0.0013985123524630054,75651287.07849832,79966503.84039968,30.201183789062572,30.586429553904367,1
0.558,fly_1,0.007480092021454338,-0.0010259044413846311,0.001210965185271439,0.007542370197553862,-0.0012312805787380065,0.001189202672679722,178096462.83039063,171812902.32951307,39.510940021900325,39.34619228992953,1
0.558,fly_2,0.007734599938997176,0.003009019352207119,0.0012737676933894213,0.007629958802467744,0.0028524536483463475,0.0013789767656559831,77504570.13056286,82054160.55205995,30.536541492521742,30.940840300099712,1
0.559,fly_1,0.007500321768329721,-0.001021363513206747,0.001212437891164228,0.007561565302974377,-0.0012272359359650027,0.001192505230061016,179047889.28652495,172558968.41915712,39.54323665574287,39.36716849559607,1
0.559,fly_2,0.00774643577475759,0.0029710137851278683,0.0012573553010846866,0.007643955872413605,0.002812223928381633,0.001361351392246123,79498407.59247181,84254258.11997867,30.88932454080231,31.305029622546886,1
0.56,fly_1,0.00752524247367026,-0.001015443893645079,0.0012169242950699419,0.0075846896395912865,-0.0012220386853321842,0.0011991433367577425,180096301.20416248,173340215.0043676,39.58162573431137,39.390339827408184,1
0.56,fly_2,0.0077585273612757995,0.002935136507822449,0.0012477821767795541,0.007657998805216771,0.0027744838316624163,0.0013508174281554155,81314627.76012227,86241156.39687797,31.201553112374892,31.623992133384384,1
0.561,fly_1,0.007550882035166155,-0.0010053083213365428,0.0012253046895337283,0.007608478923076905,-0.0012125390762153406,0.0012088867511083129,181151176.33530748,174204300.13976038,39.61977933443319,39.419087906314154,1
0.561,fly_2,0.007770858682843575,0.002902908617272117,0.0012451571306416403,0.007672041679440238,0.002740538458274353,0.001347150597453031,82866635.52297555,87941507.82806449,31.46035825775607,31.88846589202724,1
0.562,fly_1,0.007574740036067291,-0.000989773971838171,0.0012361904920249322,0.007630728749385856,-0.0011975152747732414,0.0012206872342204777,182227654.18611008,175181003.30586305,39.65871485925616,39.45540195367847,1
0.562,fly_2,0.007782376715835306,0.002872947602631011,0.001246181989989168,0.007684935256992738,0.002708805614058453,0.001346651416447464,84265432.30555037,89490870.15316401,31.68750549618297,32.12303365909598,1
0.5630000000000001,fly_1,0.007595604535395777,-0.0009687545621386218,0.0012474592140203412,0.007650318187887575,-0.0011769192240634503,0.0012331265337577715,183387285.7734332,176299059.34728748,39.70251162108167,39.50110992577911,1
0.5630000000000001,fly_2,0.007792053279635119,0.0028440937106437737,0.0012476313277343732,0.007695623790357318,0.002678005130997144,0.0013458528797245972,85619978.7316432,91017544.54251774,31.902851023438192,32.3492890601054,1
0.5640000000000001,fly_1,0.007613256086366363,-0.0009427952745557073,0.0012568737848169082,0.00766705707332767,-0.001151321613545077,0.0012444739575414785,184716144.20737657,177608385.19637245,39.75670411302873,39.55942424653912,1
0.5640000000000001,fly_2,0.007799120138043021,0.0028159347917713243,0.0012472816387479133,0.007703421681277863,0.002647801794124554,0.0013426998573534766,86991436.36701752,92581622.77585553,32.117033397134335,32.576816140342586,1
0.5650000000000001,fly_1,0.007628210127003528,-0.0009131910230227596,0.0012626682277377458,0.007681462812760504,-0.001122004495627143,0.0012530442428381472,186277829.14765596,179151624.9675819,39.825086952353715,39.632861307014466,1
0.5650000000000001,fly_2,0.007803117628465818,0.002788805764052235,0.001244252722951671,0.007707965380682385,0.002618633933748127,0.0013365518772245595,88380821.3835009,94175843.87766993,32.330164156285676,32.80430807151204,1
0.5660000000000001,fly_1,0.007641498685618994,-0.000881898483585384,0.0012638005576266857,0.007694517262882004,-0.001090901868880621,0.0012576238783475243,188094952.9589805,180937937.88035297,39.908557377808634,39.72144364389128,1
0.5660000000000001,fly_2,0.007804328498899915,0.0027644712782538146,0.0012382888291534591,0.007709595154636825,0.002592167424870178,0.0013269934601524193,89707100.28504981,95729108.58453274,32.52907949925305,33.02099693836792,1
0.5670000000000001,fly_1,0.007654401449591008,-0.0008512381186194587,0.0012598906945343173,0.007707419961850083,-0.001060318736621577,0.0012574681957278802,190155285.5556448,182949425.93013543,40.00565770105096,39.82327600470049,1
0.5670000000000001,fly_2,0.007804010747552168,0.002747031094866663,0.001228199181681441,0.007709734712003519,0.0025723842639652746,0.0013127098292006292,90793259.79514864,97079568.41573176,32.686057025832525,33.20346009191851,1
0.5680000000000001,fly_1,0.007668239835145002,-0.0008237145516060212,0.0012514386764751648,0.007721350172452029,-0.001032782319491995,0.0012526619790097298,192396303.45269403,185116980.7405197,40.11178772698115,39.93310159978175,1
0.5680000000000001,fly_2,0.007799208097946335,0.002730853700414387,0.0012191081545800003,0.007703696808449847,0.0025535330573231104,0.0012963514007520423,91788277.3258027,98412145.86689502,32.826177641002616,33.38002595069659,1
0.5690000000000001,fly_1,0.007684058227184033,-0.0008014642943335368,0.0012396671998715014,0.007737208492450929,-0.0010104805512297524,0.001244001899622873,194718802.18688098,187338655.20593277,40.22033594746308,40.04381466136025,1
0.5690000000000001,fly_2,0.007782396511415504,0.002702686510234989,0.0012186491805614955,0.007681062158848434,0.002523448077877245,0.0012829645700303594,93152684.44841594,100139313.99481305,33.02187535793317,33.609872912365276,1
0.5700000000000001,fly_1,0.007702512547458822,-0.0007860135630231357,0.001226466447084951,0.007755491455121209,-0.0009950118191390373,0.001233137297869757,196987298.99891275,189470099.44291997,40.322925114512586,40.146049669125524,1
0.5700000000000001,fly_2,0.0077493686045683055,0.0026604952608501368,0.0012235926801065565,0.007638440747225113,0.0024825825614794273,0.0012743235172241977,95028356.43881816,102141095.82595497,33.29220765730545,33.87317830437556,1
0.5710000000000001,fly_1,0.0077239766533556,-0.0007780581874298919,0.0012138262929947197,0.007776411554029456,-0.0009871349037005649,0.0012221355571965652,199072000.27273694,191360643.06511238,40.41206861786255,40.23063830727568,1
0.5710000000000001,fly_2,0.00770224839525895,0.0026151339281208614,0.00123314919558413,0.007579896817961078,0.002442166041824989,0.001273692232098945,96858182.21934325,103735551.24439424,33.54929612800061,34.074151734379086,1
0.5720000000000001,fly_1,0.007748289991254431,-0.0007770399707357008,0.0012037058130121782,0.007799773803768901,-0.000986293563981136,0.0012133953294928745,200859216.44553852,192875005.18524402,40.481664549378785,40.28985764581934,1
0.5720000000000001,fly_2,0.007644764817298334,0.002574938530093332,0.0012451480449179638,0.0075104947203911455,0.002409871139017633,0.0012805857853478591,98250393.79876876,104544225.39584112,33.73603043781576,34.164271257516326,1
0.5730000000000001,fly_1,0.007774735855507015,-0.0007816168954647525,0.001197520948250568,0.0078249510513557,-0.0009911060640751897,0.0012086680692944452,202265451.83889586,193931657.04804528,40.52761995796772,40.31954730836239,1
0.5730000000000001,fly_2,0.007577312774843474,0.002541757578036277,0.0012565143206502314,0.007431055279876095,0.002386946674628137,0.0012907760386253067,99162661.04457435,104613359.05667919,33.84932805454597,34.152875049082866,1
0.5740000000000001,fly_1,0.007802327290837444,-0.000790441532153139,0.0011964377057971233,0.00785103922742524,-0.0010001992311293513,0.001209102259514168,203205046.6166078,194471193.9207199,40.5457581708107,40.316828271956155,1
0.5740000000000001,fly_2,0.007500605754664513,0.0025170599279785437,0.0012644689582119936,0.007342674660230878,0.0023741783825530004,0.001298735112863241,99584185.73985618,104073744.25452258,33.88988429812978,34.0584983374842,1
0.5750000000000001,fly_1,0.007829744736425523,-0.0008020585654121393,0.0012008497025563865,0.00787681005791697,-0.0010121016861882228,0.0012149308564271123,203631173.52675217,194485328.0660349,40.53404899104368,40.281721877103045,1
0.5750000000000001,fly_2,0.007416086217902131,0.0025009905493445467,0.0012660689333586434,0.007247119215083096,0.002371017462920952,0.0012990641562046492,99592611.53862368,103132449.56268528,33.870195064434164,33.908764156647095,1
0.5760000000000001,fly_1,0.007855472379027732,-0.0008150748991229425,0.0012105085436941462,0.007900841352262638,-0.0010254106020283703,0.0012257428575175742,203533761.5403096,194003035.59781948,40.49232880241225,40.21620525558512,1
0.5760000000000001,fly_2,0.007326355983835943,0.002492853247932281,0.0012590752603999164,0.007147290136511882,0.0023760451764056217,0.0012877603212351194,99304158.06911765,102002410.74346927,33.807453801083334,33.73207042339554,1
0.5770000000000001,fly_1,0.007877965251304849,-0.0008283073756871185,0.0012243823393648615,0.007921684784941681,-0.001038938639810535,0.0012403388088719329,202956031.2974456,193103033.39030138,40.42319560335544,40.1250295737682,1
0.5770000000000001,fly_2,0.007234962265876131,0.002490446774054094,0.0012427547531306245,0.007047111787865683,0.0023864503609478263,0.0012634545101112555,98876569.87206374,100885002.95835209,33.724524904331446,33.55601785987429,1
0.5780000000000001,fly_1,0.007895943121411725,-0.0008410015347500859,0.001241090480192587,0.007938129909771678,-0.0010519296570789807,0.0012572502470677616,201971320.63882366,191880211.56418234,40.33073217535876,40.01378903863371,1
0.5780000000000001,fly_2,0.007146170841386029,0.0024908871747933376,0.0012191834805736128,0.0069513407523201865,0.002398790029814862,0.0012287170134020076,98437815.6759094,99912281.11634895,33.64000220466121,33.399415370922895,1
0.5790000000000001,fly_1,0.007908644933470458,-0.0008529512941588819,0.0012591000866599815,0.007949441487629196,-0.0010641808307488957,0.0012748880570020442,200672450.06266326,190434607.89258018,40.22002159907325,39.88839055603617,1
0.5790000000000001,fly_2,0.007065214858240153,0.0024921994138577814,0.001191543746801115,0.006865719731093168,0.0024102022158489383,0.001188430913672343,98066437.39424524,99159732.86154741,33.565422383738834,33.27356677576479,1
0.5800000000000001,fly_1,0.007915983317091662,-0.0008643281509746551,0.0012770390487288731,0.007955517892733112,-0.0010758655618467777,0.0012918875199346908,199158619.15999526,188858462.8495239,40.096525482367305,39.754355750569566,1
0.5800000000000001,fly_2,0.006996084175868642,0.002493501243695289,0.0011642671307720868,0.006794336839876801,0.0024188129494978955,0.001148417616683029,97766611.90675612,98642840.88749376,33.50146877089625,33.18127356766796,1
0.5810000000000001,fly_1,0.007918644628028968,-0.0008748760045073539,0.0012945535149570856,0.007956900875446798,-0.0010866920394962446,0.0013087648773784557,197511255.21980262,187168526.7028705,39.964761305192425,39.61251831132887,1
0.5810000000000001,fly_2,0.006946203635619172,0.002493064118548705,0.0011441392535770113,0.006744302714183639,0.0024215039395401225,0.0011187090614715003,97589817.88724583,98415329.96723443,33.45579064256107,33.13066688170822,1
0.5820000000000001,fly_1,0.007918085807465853,-0.000886017205482401,0.0013109115108446245,0.007954830956600914,-0.0010981230918852352,0.0013247831702655755,195785251.03437525,185387143.20535326,39.82779232117602,39.464092521312544,1
0.5820000000000001,fly_2,0.0069207520168294194,0.0024887216718151597,0.001137291525870646,0.006720199370535576,0.0024153999438281362,0.0011067285378571349,97603049.18842277,98556043.06139609,33.43829184786942,33.13320884206635,1
0.5830000000000001,fly_1,0.007916315198638517,-0.0008989220588834713,0.0013258942170608886,0.007951230171841475,-0.0011113634001730778,0.0013393536793120408,194026694.87778714,183558907.39042193,39.68826019155118,39.31180109919984,1
0.5830000000000001,fly_2,0.006910251291970768,0.002481859401915037,0.0011441893936078818,0.006712209097948868,0.0024035822979415833,0.001109787063057438,97638671.68497941,98873704.02443908,33.42417594734138,33.16110228433749,1
0.5840000000000001,fly_1,0.007915367854713548,-0.0009142803602799685,0.0013392092384904776,0.007948156278090571,-0.0011271003747904355,0.001352019261245903,192302166.27530617,181745453.2468074,39.5501746895675,39.15962400996097,1
0.5840000000000001,fly_2,0.00690509082359411,0.0024741540216258765,0.00116197506300689,0.00671048910771428,0.002389515120630342,0.0011232715156026171,97560747.78355497,99174720.28473872,33.39341397817768,33.18640952440316,1
0.5850000000000001,fly_1,0.007916873799368434,-0.0009322583580486286,0.001350304217176183,0.007947352596064966,-0.001145474573029376,0.0013621964242041386,190697230.92050976,180028214.0614527,39.41888983176077,39.013059557082876,1
0.5850000000000001,fly_2,0.0068977714811762686,0.0024653132963862612,0.001186713105243402,0.006706845207962125,0.0023746008853845714,0.0011437020293024367,97358020.64645717,99342878.21956061,33.34437257547199,33.19262768422612,1
0.5860000000000001,fly_1,0.007921656506502346,-0.0009519617012520193,0.001358764623893659,0.0079498680951707,-0.0011655591312680967,0.0013693372357807523,189302468.8656631,178515549.15601763,39.30026695357876,38.87967145340809,1
0.5860000000000001,fly_2,0.006883353837815373,0.0024539172578595574,0.001214808454306555,0.006695259203197137,0.0023587711933720514,0.0011689917454859452,97093179.39053892,99325323.99616182,33.286280198968115,33.1724073484138,1
0.5870000000000001,fly_1,0.007929892490431533,-0.0009718156531323847,0.0013643100721472067,0.007956114740990535,-0.001185746848150127,0.0013731062838705723,188207724.76659617,177316920.64898342,39.20026926259073,38.76734005556061,1
0.5870000000000001,fly_2,0.006861394593234549,0.0024397386987475267,0.001243757604181435,0.0066747530442394665,0.0023423344943802452,0.0011967587836954569,96814932.3368805,99135113.86526975,33.2263149732387,33.127696776710856,1
0.5880000000000001,fly_1,0.00794128770137752,-0.0009903229876844658,0.0013670051423179863,0.007965949792984981,-0.0012045158827595761,0.0013736925112825676,187463107.93159184,176489532.05702898,39.12239412692722,38.680450121790905,1
0.5880000000000001,fly_2,0.006834286272642128,0.002423259215812431,0.0012711622885845232,0.006647556829073806,0.002325835018612444,0.0012245556724084514,96578319.66184825,98828650.27461906,33.17263594542037,33.06650705287844,1
0.5890000000000001,fly_1,0.00795520388277193,-0.0010065056921285166,0.0013673598846296424,0.007978777265745833,-0.0012208792952058888,0.0013718084670523176,187057268.28910172,176020347.5380261,39.06614771201371,38.61842374134028,1
0.5890000000000001,fly_2,0.006806548333893709,0.0024062448384674887,0.0012956682941870372,0.00661849528715512,0.00231061653365837,0.0012506925796463093,96396149.76414472,98459848.48725379,33.12716472380101,32.996473367511186,1
0.5900000000000001,fly_1,0.007970901979024312,-0.0010202005490796801,0.0013657565029344919,0.007993754565765981,-0.0012346851446362358,0.0013681342150566596,186948479.30502933,175850115.58724812,39.02895419896517,38.57728617084942,1
0.5900000000000001,fly_2,0.0067831424302461345,0.0023905483200627057,0.001316342368022534,0.006593061051784642,0.002297865018988834,0.001273793440527125,96281596.22248942,98098131.53113249,33.09187151440766,32.927508208566195,1
0.5910000000000001,fly_1,0.007987613293667891,-0.001031899644495875,0.0013619872381776881,0.008009917612672396,-0.0012464538378659852,0.0013627298200433796,187103001.3708912,175919886.5993117,39.008623930561406,38.55293544263893,1
0.5910000000000001,fly_2,0.006767602291676012,0.002376328472753831,0.001331554404015188,0.006575184197834167,0.00228723333500105,0.0012919454459644603,96316311.72713254,97861577.92415895,33.07888150077887,32.87662608178774,1
0.5920000000000001,fly_1,0.008004422333929416,-0.0010424909459918921,0.0013557790371538454,0.008026136250690855,-0.0012571067113203124,0.0013554398349215023,187466334.68607354,176157098.7708397,39.001580166682565,38.54026152673267,1
0.5920000000000001,fly_2,0.006762305188671225,0.002363001767155556,0.0013402652530492903,0.006567535363371901,0.0022776863530226663,0.001303967440016208,96584588.3705054,97859248.62141645,33.100564446018296,32.85958753526653,1
0.5930000000000001,fly_1,0.008020160961836654,-0.0010525595567461182,0.0013474542400143293,0.008041105710621714,-0.00126725037343777,0.001346613589443186,187950275.5753927,176470715.65036863,39.002116569407654,38.53289231825309,1
0.5930000000000001,fly_2,0.006767415214410731,0.002349851632058057,0.001342012075504415,0.006570451342061093,0.00226819543664551,0.0013093159793067966,97134654.69202787,98150949.26567988,33.16359781679866,32.884845119160104,1
0.5940000000000001,fly_1,0.008033745881477218,-0.0010622625680967361,0.0013379039802995716,0.00805373185613909,-0.0012770443662896746,0.0013369680590403043,188453077.47298136,176778943.56216282,39.00375680456381,38.52516329160542,1
0.5940000000000001,fly_2,0.0067802410023559065,0.002335263047287663,0.0013367313970543513,0.006581211409485851,0.0022571182012832143,0.0013082333239317493,98003618.52814627,98757216.12158197,33.2725362210239,32.95479393041367,1
0.595,fly_1,0.00804387919016996,-0.0010713735129914137,0.0013276226861046792,0.008062785694966296,-0.0012862536077960691,0.0013268321799952177,188914352.49966508,177045157.46518368,39.00272222421328,38.51457661260409,1
0.595,fly_2,0.006798036258693069,0.0023185481275127136,0.001326471723849214,0.006597195905475668,0.002243704808420496,0.0013021167228524832,99144980.28803708,99643193.83515732,33.41929349403107,33.06353320004748,1
0.596,fly_1,0.008049399867447888,-0.0010793715304374513,0.0013168439860864495,0.008067224999138166,-0.0012943448566349706,0.001316324687925683,189312993.2680189,177269920.0711429,38.99774135886033,38.501201300629376,1
0.596,fly_2,0.006818772253784789,0.002300112952397486,0.001313776616211098,0.006616430098175273,0.002228313705109084,0.0012929426027020827,100465804.79806297,100729499.62491181,33.58920681546215,33.19880833818222,1
0.597,fly_1,0.008049880400462407,-0.001086315297388061,0.0013061420533930015,0.00806672363156915,-0.0013013682300516327,0.0013058633322733462,189596189.47306895,177418585.6887148,38.985598160599,38.482708216052366,1
0.597,fly_2,0.0068406936435839215,0.0022806252554190515,0.001300433245088803,0.0066371025966392525,0.0022116287980406884,0.0012824969567327988,101879622.64304829,101928483.01560591,33.76912299631107,33.34756298683491,1
0.598,fly_1,0.008047311024734907,-0.0010916975441663326,0.0012981527021844398,0.008063489704959277,-0.0013068014212958567,0.001297823586969555,189682175.286707,177438730.36007157,38.961318166069844,38.455576955814074,1
0.598,fly_2,0.006862381452121346,0.002260787343098752,0.0012872756187994503,0.006657746534889386,0.0021943535972708786,0.0012716985834099112,103320781.41379622,103172578.89661129,33.94945842824866,33.500036527093656,1
0.599,fly_1,0.008054091775115265,-0.0010921405179599272,0.001296679992273004,0.008070386438209436,-0.0013072356875704393,0.0012963834595547158,189906354.38890678,177629503.8645079,38.945687650600895,38.440160344962194,1
0.599,fly_2,0.006882670809127535,0.0022412156949155318,0.00127457808842985,0.006677173211659416,0.0021770758703749658,0.001260853792108478,104740094.17006236,104413536.35152662,34.12342546719,33.649546183061304,1
0.6,fly_1,0.008071828881233646,-0.0010890550363039616,0.001297779626914227,0.008088922693542682,-0.0013040872210245535,0.0012970745866222881,195250808.10043675,182011490.99498343,39.23961017387382,38.70417377136547,1
0.6,fly_2,0.0069004685612522095,0.002222334580798639,0.0012627004381452367,0.006694260813819724,0.0021602065277372125,0.0012504527490408588,106132465.1306178,105628402.2308628,34.29054301312818,33.79310947549709,1
0.601,fly_1,0.00809761161196767,-0.0010842212464773416,0.0013023606742560419,0.008116178443659229,-0.0012991268644259662,0.0013008166205530768,196236343.3777177,182985655.55994463,39.26763518776361,38.73881070274718,1
0.601,fly_2,0.0069147800954992905,0.002204305437934524,0.001251829275319959,0.006707996257283821,0.00214390111162783,0.0012407253308364336,107392682.2328411,106740954.47920558,34.43713464668108,33.92091791700407,1
0.602,fly_1,0.008128261595025717,-0.0010803411452069154,0.0013116077491455447,0.008148658066048918,-0.0012950762591552617,0.0013095218981990365,196993670.48560855,183720215.9067062,39.2818236437746,38.757393368609186,1
0.602,fly_2,0.006924236237537172,0.0021871724285848345,0.001241963543001906,0.006716974697445005,0.0021282786100274304,0.0012316820984958393,108526376.21371755,107738736.03922749,34.56469796967187,34.031877188932434,1
0.603,fly_1,0.008160679947484142,-0.001080375845758277,0.0013264806801925504,0.00818302885926178,-0.001294910115627189,0.0013238143792063959,197110217.01006293,183830324.5932686,39.25835133739684,38.73539600420823,1
0.603,fly_2,0.006926916786461326,0.0021711395116076754,0.0012340178580020889,0.0067192370438861025,0.002113680698407098,0.0012240606859009928,109464681.79510646,108551208.91625193,34.66497383321206,34.117433123100184,1
0.604,fly_1,0.008192866289416118,-0.0010857894924940687,0.0013458377589832392,0.008217181765087565,-0.0013000937461548157,0.0013420987119706896,196470015.76324958,183228160.2244832,39.19069211385349,38.66741772461337,1
0.604,fly_2,0.0069226059851662915,0.0021567745094040526,0.0012275521103660794,0.006714558552055509,0.0021006860952291536,0.0012174579864248985,110182368.26391557,109153925.23454097,34.73553651112235,34.175133046097976,1
0.605,fly_1,0.008223564923681906,-0.0010969407577864781,0.0013674317182562781,0.008249813593940206,-0.0013109746766184643,0.0013617726665800384,195158543.12775576,182017551.0426796,39.08355018333437,38.5598847156829,1
0.605,fly_2,0.0069116980659509756,0.0021442681421341794,0.0012227843394488444,0.006703344194914415,0.002089436081882687,0.0012121238723184903,110665784.69168127,109537291.37786576,34.77535934729528,34.20433814979941,1
0.606,fly_1,0.008252153841650097,-0.0011130588226332637,0.0013883401763757767,0.008280292126283126,-0.0013267559694420702,0.0013797784971907971,193431476.31158775,180454982.38383484,38.95136449218921,38.42891681745243,1
0.606,fly_2,0.0068949424004945215,0.002134809782994568,0.0012195338644889358,0.006686365207695674,0.0020810338964250205,0.0012079043918185198,110876324.94701985,109671260.79285859,34.780073704090924,34.20165732596496,1
0.607,fly_1,0.008278733113162995,-0.0011323748524072075,0.0014051625688419726,0.008308692611001698,-0.0013456414507301347,0.0013928612479453982,191687494.27028427,178913265.1208551,38.817509577756304,38.29874485604366,1
0.607,fly_2,0.006873766103470675,0.002129807756370507,0.0012175338515356753,0.006665087658831181,0.0020767810673038016,0.00120438041258439,110783659.67694184,109540083.67277765,34.74617681289629,34.16534076743238,1
0.608,fly_1,0.008303875214861714,-0.0011526665952008958,0.0014149206201894899,0.008335520422248442,-0.0013654008954452881,0.0013983605985783817,190341502.70865548,177766000.46794772,38.70727375223566,38.19453800303112,1
0.608,fly_2,0.006850379942210507,0.0021302522495996092,0.0012164577772719814,0.006641777339111196,0.002077534016207944,0.0012010539525834714,110395076.21033594,109165851.40580688,34.674663778744524,34.09821362045829,1
0.609,fly_1,0.008328255764643702,-0.001171884231440928,0.0014159961598921107,0.00836135380853506,-0.0013840036331825543,0.0013949862845445272,189690295.58667278,177272883.32651135,38.639384096723674,38.13433512511561,1
0.609,fly_2,0.006829321430690275,0.002136162723154045,0.001215813798951535,0.00662108581577119,0.0020829901904777866,0.0011973165987622266,109806190.25623699,108664418.80988346,34.57755688610392,34.01490006757954,1
0.61,fly_1,0.00835237289543498,-0.0011885377010925086,0.0014086563209404683,0.008386597524762065,-0.001399996350703685,0.0013832506086138704,189837323.89987618,177518191.65312752,38.62052505619311,38.12406046251626,1
0.61,fly_2,0.006821998432386389,0.002136354006973207,0.0012178834420861935,0.0066144242806144326,0.0020816324917678087,0.0011966687477315994,109632212.5613632,108619376.9093025,34.5338191659519,33.990098413308274,1
0.611,fly_1,0.00837639417401419,-0.001201631183415551,0.0013949839253354903,0.00841134857271889,-0.0014124333393113011,0.001365451281571728,190701409.85528046,178418209.1763488,38.64538602959758,38.157628376718414,1
0.611,fly_2,0.006828919652642308,0.0021249795489114718,0.0012197497457849158,0.006622040161026268,0.002068184879210825,0.001197238028634421,110194415.20736298,109283226.72150755,34.584585706795615,34.055766199598324,1
0.612,fly_1,0.008400483999607869,-0.001210407713519104,0.0013777491396829895,0.008435806785341437,-0.0014205811600480178,0.001344418085859884,192135380.29361272,179844615.08940002,38.70414968494006,38.22551925447487,1
0.612,fly_2,0.006843039589779023,0.002102564264768963,0.001219799398365251,0.006636664455840086,0.0020438503173051677,0.0011975842586698844,111395112.34166756,110514649.38709801,34.71563243611915,34.19211407440051,1
0.613,fly_1,0.008424710605186498,-0.0012141707491952715,0.0013590099863271365,0.008460011087184475,-0.0014239152991198643,0.001323056742879277,194047221.53590506,181649687.1546567,38.79020537197122,38.31690247171782,1
0.613,fly_2,0.006858505415154498,0.0020728991263256943,0.00122175987133276,0.006652469143419974,0.0020126082679337762,0.0012006505584381175,112891214.14146121,111988121.4601536,34.88130267282233,34.35618651442907,1
0.614,fly_1,0.00844851155809457,-0.0012124911919385879,0.001341389863019875,0.008483539909599672,-0.0014221101149269955,0.0013044512966860866,196262129.96495163,183647772.9860865,38.892154180621766,38.4188366139775,1
0.614,fly_2,0.00686713808391272,0.0020396574232340644,0.0012242516043162823,0.006661069367842195,0.001978864213716798,0.001204979710262606,114412092.99976814,113397734.94862646,35.04683287139572,34.509410745666926,1
0.615,fly_1,0.008471326268280526,-0.0012055547249111022,0.0013276770178883488,0.008506121019089546,-0.0014152264553137913,0.0012908174634572262,198538165.24282202,185682620.39204893,38.995295727411495,38.52091140991215,1
0.615,fly_2,0.006864780858818806,0.002005408438191108,0.0012249905045031782,0.006658328357182168,0.001945401671141518,0.0012074380561551393,115817020.70358193,114613093.4200699,35.19515540145174,34.63648218833814,1
0.616,fly_1,0.008492780299979113,-0.0011936987807347403,0.0013202638253678291,0.008527613280916738,-0.0014034568296660186,0.0012839353198339796,200643184.63417456,187609142.32447606,39.086398463230275,38.614029610178335,1
0.616,fly_2,0.006852467168904335,0.001971968947177639,0.0012218345846283537,0.006645461153329742,0.0019136867557138463,0.0012050050973845463,117088420.90140915,115661095.79753764,35.32484015192889,34.74154401020317,1
0.617,fly_1,0.00851255847520024,-0.0011772965965498733,0.001319697204303788,0.008547800405520237,-0.0013871154256709563,0.001284121914278846,202479868.51632804,189363499.46116182,39.16053914502735,38.69461448473367,1
0.617,fly_2,0.006832774461832347,0.0019403725240330725,0.0012150115591993951,0.006625151893722402,0.001884401062791656,0.001197935239200296,118214459.1964393,116554730.26740146,35.43516565449873,34.826824427568994,1
0.618,fly_1,0.0085301241833032,-0.001157510813405488,0.0013259704099562095,0.00856615044444298,-0.0013673267979084265,0.001291172462859701,203916830.2111751,190833405.28293467,39.21112391645413,38.75631134506793,1
0.618,fly_2,0.006814728614577801,0.0019109359160669596,0.001210963705385868,0.006606862645888317,0.00185651367663698,0.0011919506866095518,119191340.30082873,117392160.70240808,35.52632818913473,34.9043780396638,1
0.619,fly_1,0.008545396409066777,-0.0011353648221600952,0.0013391395844593026,0.008582555718627791,-0.0013450711808957489,0.001304876414939211,204833045.77835846,191919486.04802862,39.23227810081884,38.79376191537386,1
0.619,fly_2,0.006803211833921507,0.001883989825653933,0.001212752987521188,0.006595550652889854,0.0018298245243319076,0.001190970196331506,120031981.47919175,118198955.1391193,35.6003909254625,34.97737013494174,1
0.62,fly_1,0.008557223455396652,-0.0011125047638468769,0.0013557987477969416,0.00859572833225767,-0.001322111889809166,0.0013224256572818677,205340869.51159325,192639264.43343794,39.230804403382876,38.808660744063005,1
0.62,fly_2,0.006796643980963863,0.0018591839642561553,0.0012173882896717033,0.006589448592652599,0.0018044037606318498,0.0011928783667790246,120802873.9974249,118992054.52727497,35.66544815610826,35.04785967401719,1
0.621,fly_1,0.00856476947809184,-0.0010904986404876005,0.0013733945647586236,0.00860472996003116,-0.0013000393752685428,0.0013413418532130996,205519079.33140922,193028703.83799496,39.21133200383969,38.803594630223024,1
0.621,fly_2,0.006793330856612859,0.001836033697870902,0.0012220783613010112,0.006586712697781008,0.0017801924943728353,0.0011952039794550253,121566460.51184198,119797840.78998807,35.728840503076576,35.11891607581373,1
0.622,fly_1,0.008567624283745525,-0.0010703206070869185,0.0013898772833568246,0.008609059453720364,-0.0012798398618626642,0.0013596061001266797,205479423.67060864,193166749.9223323,39.18010014320626,38.78352996679109,1
0.622,fly_2,0.006792413051853809,0.001814044032226773,0.0012251926764296653,0.006586390734729784,0.0017570140899898765,0.0011963148908136437,122372454.63353013,120645869.12164882,35.79622561301059,35.193864170210986,1
0.623,fly_1,0.008565908462550658,-0.0010526089514082994,0.0014038806681123872,0.008608752251867174,-0.00126212797418149,0.001375636646090908,205322358.14620644,193151338.68175066,39.142630366052465,38.754422385166954,1
0.623,fly_2,0.006793736172573767,0.001792777405296075,0.0012260673012109476,0.006588283753901695,0.0017346445810631883,0.0011953848245298793,123257755.29372044,121564728.97119841,35.87162728130086,35.275797937724086,1
0.624,fly_1,0.008560529432997776,-0.0010372134347990671,0.0014144099360847999,0.008604651351741729,-0.0012467350496091878,0.0013882281641720375,205194379.7203688,193132781.67678648,39.10691582495924,38.72527158285021,1
0.624,fly_2,0.006797782746355156,0.001771982226539806,0.0012250859106465192,0.006592857387928076,0.0017129029773667354,0.00119273199654854,124237355.13906859,122568132.63601826,35.95647106534382,35.366024348869644,1
0.625,fly_1,0.008552753260494702,-0.0010237687212356055,0.0014213781039264294,0.008597981254367284,-0.001233279882037524,0.001397066830070978,205177256.18225992,193207427.53727898,39.077402820458225,38.70181127503643,1
0.625,fly_2,0.006805331217279846,0.0017516319393933624,0.001223347809982137,0.0066008934335978,0.00169171287976281,0.0011894887659474336,125304025.9890556,123652714.63825613,36.04965430622754,35.4638933194286,1
0.626,fly_1,0.008543990947567106,-0.0010115815335619504,0.0014250261343122992,0.008590140607949968,-0.0012210782191516096,0.0014023792020636508,205342921.12731543,193447292.0233433,39.05797104371961,38.688280137123755,1
0.626,fly_2,0.006817804914723494,0.0017318795564046571,0.0012219388925556907,0.0066139610730416,0.0016709833945415273,0.0011862894655548675,126458917.82749337,124848608.35447246,36.15100475820702,35.572407480234126,1
0.627,fly_1,0.008535917129642632,-0.0009988567576150323,0.0014267481694711617,0.008582907087487794,-0.0012083648017155362,0.001406015121319193,205731931.87385124,193870001.6381048,39.05073472685368,38.685624376619614,1
0.627,fly_2,0.006835303615019294,0.001712953416290437,0.001222091509019831,0.0066321945873989326,0.0016508147577752592,0.0011844478377877926,127664023.72361046,126125973.78160796,36.256120747419686,35.68794096937371,1
0.628,fly_1,0.008530964082116834,-0.0009825874481601449,0.0014294071456919628,0.008578922359629017,-0.0011921314935924448,0.0014114396024900845,206342843.06936938,194459123.8336126,39.05546438948232,38.692731642970905,1
0.628,fly_2,0.006856361490070828,0.0016952514816729316,0.001225162678120958,0.006654090077498767,0.0016316116451757488,0.0011855674406106773,128829205.89230722,127391204.62880865,36.35524869361723,35.80023916511305,1
0.629,fly_1,0.008530212203881405,-0.0009632528788842612,0.001433361447648574,0.008579219921641835,-0.001172798017554881,0.0014185083528126376,207133950.53124696,195210961.8186807,39.06972621747673,38.70922179018833,1
0.629,fly_2,0.006878886474797796,0.0016793884088845714,0.0012320963053875028,0.006677505639902737,0.0016140462108577367,0.00119077206963206,129846000.0252372,128530752.05233926,36.43714463633169,35.89744428608634,1
0.63,fly_1,0.008533944451704545,-0.0009421550940509613,0.0014381131877423058,0.008584003223987498,-0.0011516434218124007,0.0014262685342640471,208069212.2659126,196111825.19591862,39.0914093353253,38.734110302079856,1
0.63,fly_2,0.0069010820136769175,0.0016661118486842404,0.001242587772358489,0.006700575175863091,0.0015989341460595078,0.001199976738262338,130640481.63418652,129460486.79493275,36.49459316593149,35.971269699320445,1
0.631,fly_1,0.008541458974259451,-0.0009210864816211667,0.0014418265695863826,0.008592456579707012,-0.0011304844983023171,0.0014327023811076,209187718.782269,197187961.7668998,39.122402780872285,38.76871368561044,1
0.631,fly_2,0.006921171760969582,0.0016560319554004862,0.00125603391217464,0.00672147089796126,0.00158698586878326,0.001212631847668923,131153329.1902994,130112398.46183696,36.52203019609278,36.015319991419844,1
0.632,fly_1,0.008551920082277245,-0.0009010626344607693,0.0014428512543280415,0.008603753479849062,-0.0011103413865746659,0.0014359782072168243,210567584.09755975,198518896.9707212,39.16653725773668,38.81730885184714,1
0.632,fly_2,0.00693780889854744,0.0016496351309651326,0.0012714953457521223,0.006738803118335464,0.0015787837948964645,0.0012278109825738894,131353840.49902585,130447046.39543317,36.51680525198893,36.02615251305417,1
0.633,fly_1,0.008564245358678207,-0.0008826609229954698,0.0014399315412708623,0.008616901781626423,-0.001091778631987768,0.0014345816931522824,212276917.98373199,200193826.34077305,39.22690872457691,38.884476864075495,1
0.633,fly_2,0.006950849285710846,0.001647019979079843,0.0012876442394604266,0.006752400542806174,0.0015744646806789004,0.0012442234946454583,131274399.54621688,130488882.71894029,36.482598658597546,36.006723365422275,1
0.634,fly_1,0.00857708375614959,-0.0008661492173816046,0.001432774458474182,0.008630654359662298,-0.0010750507478710927,0.0014280971766551997,214303145.58106306,202221669.6907794,39.30225088939592,38.96998759972265,1
0.634,fly_2,0.006961167110349564,0.001648253744424267,0.0013033004758068437,0.006763140838421352,0.0015740672453529831,0.001260715326417172,130973344.4411068,130293873.51980653,36.42554750367346,35.962976953912026,1
0.635,fly_1,0.008589297873859016,-0.0008509988035907257,0.0014227368518745314,0.008644001163776617,-0.0010596051254102045,0.0014179946439584158,216519996.9330271,204495112.65230596,39.38555359458969,39.06711663559133,1
0.635,fly_2,0.006969859468698406,0.0016531067153262038,0.0013184112347914808,0.006772062891407324,0.001577369090686956,0.001277522823319302,130491390.13843614,129891730.57514334,36.34982191516994,35.89797169233364,1
0.636,fly_1,0.008599625902782255,-0.0008373773527154875,0.0014112175133387517,0.008655691337363281,-0.001045606721568302,0.0014058571999915953,218742014.3909561,206830507.89291573,39.46724121776964,39.165359227798554,1
0.636,fly_2,0.006978445596396209,0.0016604366680430561,0.0013320616729835743,0.0067807674026658556,0.001583213612522972,0.0012934421521886767,129945456.04993048,129406462.74662414,36.26751098368207,35.824458843114996,1
0.637,fly_1,0.008606498057172814,-0.0008257259356297998,0.0013987728692728854,0.008664121749915236,-0.0010335007859016156,0.0013923965383504794,220837005.03958446,209090798.99338466,39.54090019954438,39.25733664598779,1
0.637,fly_2,0.006988888033701373,0.0016690069037150854,0.0013437952024412264,0.006791313293794201,0.0015902933453431699,0.0013077406070915976,129450052.05982935,128964042.0915736,36.19057737231405,35.75549223243519,1
0.638,fly_1,0.008608502093605775,-0.000815869674987115,0.001385279029312311,0.008667877189195306,-0.0010231097236254145,0.0013776832258057536,222780765.1667203,211244116.28862578,39.6056758216345,39.3416289590531,1
0.638,fly_2,0.007002554568962595,0.0016774764628224865,0.0013534184455515957,0.006805131293619015,0.0015972252927495955,0.0013200217986940874,129099122.97745794,128665417.32529952,36.1289536232953,35.70164003770097,1
0.639,fly_1,0.008605796030367409,-0.0008094607733406574,0.001371714341124431,0.008666701629989877,-0.0010162099154146027,0.0013629487177526658,224367667.77203298,213027838.6573021,39.65211271209807,39.40500118649035,1
0.639,fly_2,0.007019626056750801,0.0016844718754064922,0.0013608077815482796,0.006822395205844197,0.001602694106262011,0.0013300844371471646,128957795.03509696,128571501.66852084,36.08956704705277,35.669310898919164,1
0.64,fly_1,0.008604546255939191,-0.0008047271870784621,0.0013597930566519858,0.00866637231007152,-0.0010112031361869456,0.00135103192447869,225722272.16409373,214419960.161722,39.68669413446777,39.447107992601346,1
0.64,fly_2,0.007039309905163203,0.0016888095553473821,0.0013658074864156065,0.006842284397265509,0.0016056214970600518,0.0013376608673856085,129064019.25082198,128713702.09389153,36.0763875587958,35.66173497716963,1
0.641,fly_1,0.008615487835313872,-0.0007978679729013982,0.0013486237861749413,0.008677319012597044,-0.0010044366625129697,0.0013424741557213475,227524637.36362186,215899800.55429548,39.74153144252851,39.49287653714458,1
0.641,fly_2,0.007060566699227485,0.0016896032556712646,0.0013682278025972134,0.006863696245207273,0.0016052340919831683,0.0013426269330958206,129441911.39812273,129102906.57503009,36.0917490863426,35.67984267092896,1
0.642,fly_1,0.008635953199521899,-0.0007905118632307545,0.0013403119222079277,0.008697043916337764,-0.000997366962957638,0.00133708268039514,229369714.70085388,217311108.52277732,39.79721172535458,39.53435113216001,1
0.642,fly_2,0.007081963505812166,0.0016867619969655398,0.0013685658352224754,0.0068851758878013735,0.0016015028261063744,0.001345391643784015,130051116.27829629,129696532.4361673,36.131043949805814,35.71887209982054,1
0.643,fly_1,0.008662343408438574,-0.0007827548390040396,0.001337926676249986,0.008722110967114529,-0.0009900157116175176,0.0013364082625394555,230795255.8342283,218395548.3851266,39.83261915123496,39.55882476297231,1
0.643,fly_2,0.007102305325814041,0.0016809193003199186,0.0013667315293524678,0.006905549833358144,0.0015950368811372523,0.0013456834360765662,130845780.78293814,130455848.43677264,36.18904970572284,35.77444348173536,1
0.644,fly_1,0.00869112465247444,-0.000773047592921375,0.0013430266820449472,0.008749175018052158,-0.0009808005281841795,0.0013423872191743976,231587105.29687017,218970971.06403068,39.83865142203285,39.55771256421887,1
0.644,fly_2,0.007121067708592651,0.0016731065137278929,0.001362507018621825,0.006924360865377311,0.0015867435178867704,0.001343029165855614,131781312.29986864,131353780.68388353,36.260727272980574,35.84340574877834,1
0.645,fly_1,0.008719560139003402,-0.0007598936644625023,0.0013553362906932969,0.008775634559794958,-0.0009681893740848643,0.001355640679570972,231745815.37812018,218997972.2895863,39.81589627602308,39.52946901315446,1
0.645,fly_2,0.007138312770991336,0.0016645883526198073,0.0013560794384655074,0.006941754592601884,0.001577702208847278,0.0013374456923220088,132799964.98455329,132353504.59546483,36.33982015008954,35.92167700973128,1
0.646,fly_1,0.008745987814844002,-0.0007422957554906053,0.0013731883606881627,0.008799941619235117,-0.0009511417440583671,0.001375157121125659,231429476.41582787,218589471.80131608,39.77175058087171,39.47983567384618,1
0.646,fly_2,0.0071544249729354,0.0016568788976359093,0.0013488454658129709,0.006958183062816173,0.001569235108282889,0.0013304276791006407,133794067.41828597,133363522.24120182,36.415274356468814,35.99985093416183,1
0.647,fly_1,0.008769849485258371,-0.0007200755300756508,0.0013936960445981937,0.008821621665573376,-0.0009294310479529736,0.0013983268594864114,230921623.65357354,217989359.99232996,39.7190906519931,39.420872353954756,1
0.647,fly_2,0.007169951259958888,0.0016510391908769893,0.0013425357842746682,0.006974214014221109,0.0015622910838141595,0.00132403605210003,134664472.8154902,134287934.2254149,36.47730786417004,36.06844530702003,1
0.648,fly_1,0.008791145836692832,-0.0006944374942656147,0.001411606936997337,0.008840680558012933,-0.0009042098098451018,0.0014201756572600468,230724353.5746244,217617097.82592186,39.6807327864066,39.37340415799863,1
0.648,fly_2,0.007184216679119761,0.0016484497281588572,0.0013368211011743072,0.006989171550215705,0.0015582626669980442,0.0013179736170781118,135341003.71189559,135059678.36024255,36.51932179388772,36.1211390795207,1
0.649,fly_1,0.008810899340469889,-0.000667071909544862,0.001422654798940885,0.008858270411897509,-0.0008770982263099871,0.0014359387676496423,231261748.65166005,217893333.44509947,39.675876147187864,39.35834608301129,1
0.649,fly_2,0.007196617054014406,0.001650287536936214,0.0013307978594229092,0.007002437133996776,0.0015583706287455412,0.0013113819737260149,135783969.58266565,135638039.64133888,36.53783440416345,36.15433511495661,1
0.65,fly_1,0.008830375421338315,-0.0006395525160163066,0.0014242561375802463,0.008875874469246826,-0.0008496340100433472,0.0014423431072978674,232804598.21080405,219121156.1516788,39.71617528271649,39.390291840326356,1
0.65,fly_2,0.007205691829543314,0.0016562718943606968,0.0013242984679644014,0.007012393334391309,0.0015626491012942453,0.0013042485214011974,135972398.22615862,135975193.26279178,36.5311541194518,36.163756242952644,1
0.651,fly_1,0.008850309432021117,-0.0006132749909277986,0.0014157191829147374,0.00889444554069745,-0.0008232284231469562,0.001438148988466437,235416998.60885373,221401793.01294923,39.8029858454214,39.47284053571298,1
0.651,fly_2,0.007212152749381982,0.001661332611123118,0.0013186719064778394,0.007019427506804359,0.0015665183635599448,0.001298702547469448,136106204.7505785,136196772.23276168,36.5191416557241,36.16188586746142,1
0.652,fly_1,0.008870946876677393,-0.0005894975286430773,0.0013989890533958344,0.008914233697487943,-0.0007991859641380412,0.0014252292349990643,238850517.72937024,224491586.87935346,39.92318968055101,39.592031809987574,1
0.652,fly_2,0.007220660927832484,0.0016535864459780955,0.0013112826194698456,0.007027817406857286,0.0015586118656263676,0.0012933176126042015,136951612.32712862,136948758.89665842,36.57663959334293,36.21113935132995,1
0.653,fly_1,0.008892310681103854,-0.0005693343618027616,0.0013775881375707837,0.00893519893420358,-0.0007786725371032295,0.0014070781710516932,242657477.5562356,227953579.48179615,40.05568299584449,39.72527630652062,1
0.653,fly_2,0.007230322213202151,0.0016356101312974187,0.001302778826206109,0.0070369565007906976,0.001541306344333553,0.0012870297629112527,138353036.95185956,138157879.235492,36.68691209765542,36.3033534728131,1
0.654,fly_1,0.008914468436786312,-0.0005536607548885696,0.001354454903447505,0.00895733030130752,-0.0007626215316388789,0.001386545249604151,246453822.82406092,231416281.82031244,40.18364925041414,39.85463660108155,1
0.654,fly_2,0.007241188627217305,0.0016116178494935865,0.001296505752560915,0.00704713869344453,0.0015185214607270207,0.0012820412592000508,139996438.0871538,139590538.8430383,36.81814784183422,36.415103454119084,1
0.655,fly_1,0.008937681233814464,-0.0005431999757397573,0.0013329511434268066,0.008980684390538882,-0.0007518354068884852,0.0013669146731005643,249799603.19437492,234448355.48568046,40.28950645090062,39.961024385374905,1
0.655,fly_2,0.007254362654893563,0.0015858783695068617,0.0012947139380102737,0.007059539358629313,0.0014942922994923382,0.0012810241250529027,141623898.31136197,141010593.28763598,36.94528989572005,36.523687808534234,1
0.656,fly_1,0.00896236479169409,-0.000538625361787787,0.0013161369367552136,0.009005375276573399,-0.0007470592553883889,0.0013513071820730992,252282676.7619535,236625546.8924641,40.35812300029174,40.02704795772883,1
0.656,fly_2,0.007271161944355489,0.0015618298185899842,0.0012977721484210825,0.007075537099295169,0.0014718223427817778,0.001285079226750255,143088490.8222919,142276049.70200098,37.05492459741337,36.61617175390488,1
0.657,fly_1,0.00898860232555249,-0.0005399704745515634,0.0013061411730111731,0.009031267623953343,-0.0007483471240637609,0.0013420630356747055,253619501.3681334,237646482.36844087,40.380011885710715,40.041262471318525,1
0.657,fly_2,0.00729238613208926,0.0015414320337819461,0.0013046064062464595,0.007095998845219618,0.001452883047299698,0.0012935318175078868,144354333.24416563,143355228.85024232,37.14443948854305,36.69021593664412,1
0.658,fly_1,0.009016094452353289,-0.0005468383621619216,0.0013035970070407312,0.009057981194302189,-0.0007553047916585694,0.0013399120808890107,253719844.37096095,237423795.76916617,40.35289799280678,40.001040436986976,1
0.658,fly_2,0.007318240933972864,0.0015253181432356194,0.0013132059995083205,0.00712120200346383,0.0014379621565171019,0.0013044808969260807,145471319.54443297,144301103.14810443,37.21901676774467,36.75113986889507,1
0.659,fly_1,0.009043742814616845,-0.0005581645244012925,0.0013083393068251483,0.009084446978488123,-0.0007668426158122478,0.0013447832524869678,252618394.8027691,236013211.51374114,40.278488561570526,39.908894247394,1
0.659,fly_2,0.007348195090204018,0.0015130359065134722,0.001321193215994341,0.007150670704918666,0.0014265302821802486,0.0013154984690163215,146540262.532578,145212444.262719,37.28812132897121,36.808117392359144,1
0.66,fly_1,0.009070001424508181,-0.0005726584505191088,0.0013192702338109888,0.009109230295961949,-0.0007816513333975846,0.0013555277367226343,250488582.09643745,233627204.91502285,40.16307886132665,39.77324803068174,1
0.66,fly_2,0.007380865939838378,0.0015032986305576939,0.0013263984928510795,0.007183052877468735,0.0014172951808188248,0.0013241770168241362,147676818.23271018,146201448.8439176,37.36213933825678,36.871180577152124,1
0.661,fly_1,0.009093201854004907,-0.0005889507147221339,0.0013347877488361687,0.009130811648314177,-0.0007983444921110736,0.0013704428372470266,247594271.63112327,230568453.06915605,40.01610583739426,39.60618498848388,1
0.661,fly_2,0.007414278840562812,0.0014943322731058274,0.001327108925752853,0.007216367678649648,0.0014085369902571913,0.0013284791074507452,148992694.70897752,147374346.2396885,37.450669252919894,36.94945648030004,1
0.662,fly_1,0.00911163746847492,-0.0006059286453239725,0.0013529852642459594,0.009147608001460446,-0.0008157906122520459,0.001387562880713812,244246010.92545182,227168255.32340568,39.84901978354892,39.42146814330366,1
0.662,fly_2,0.007446191213796681,0.0014843244213610751,0.0013223271407383085,0.007248329400161445,0.00139853416137941,0.0013270462470132208,150570566.13474563,148808517.98152667,37.56029649270497,37.04912766835327,1
0.663,fly_1,0.009124551928008713,-0.0006230821329513296,0.0013715486101404837,0.009158959643907597,-0.0008334802863513419,0.001404415951062244,240787972.26577544,223777298.86618075,39.675312738658725,39.23469336320687,1
0.663,fly_2,0.00747436686438781,0.0014717497741572444,0.0013122636689163454,0.0072766138838683565,0.0013859114194719766,0.0013198182388829062,152429126.29900944,150513668.96194005,37.69167817400367,37.170159723470455,1
0.664,fly_1,0.009131791411998541,-0.0006401559430915566,0.0013891909165609023,0.009164731124539319,-0.0008511377701359267,0.0014197389109554773,237422244.22297427,220582114.99477,39.503353425885194,39.054775244843825,1
0.664,fly_2,0.007497077358380867,0.0014556937077309917,0.001298327833338045,0.007299394350753595,0.0013699162534315484,0.0013080845129025008,154513216.2435717,152424351.57895994,37.839090142864514,37.30604641765453,1
0.665,fly_1,0.009134416939948056,-0.0006573029183649338,0.0014057718611805172,0.009165956519396468,-0.0008688841972593565,0.001433523497463778,234180270.63787276,217585387.22481117,39.3346561247233,38.88227028640487,1
0.665,fly_2,0.007513210595793192,0.001435899731299677,0.0012830088723170515,0.007315474962069978,0.0013504351828241394,0.0012943210815059218,156692909.66219637,154403405.8559423,37.99093492869945,37.44465681732654,1
0.666,fly_1,0.00913438808914143,-0.0006752527462541609,0.0014209139768413613,0.009164551260710488,-0.0008874319675186442,0.0014454434919460996,231077369.1855098,214771421.6928795,39.170115603207606,38.716819573396684,1
0.666,fly_2,0.007522439864442187,0.0014124360724781671,0.0012689710668120572,0.007324472969606441,0.0013276676070801629,0.0012814190300969163,158824199.4613555,156294196.90557986,38.135259164374204,37.57303895879923,1
0.667,fly_1,0.009133801224544784,-0.0006943596564825747,0.0014346020053479117,0.009162601812490609,-0.0009071122731537159,0.0014555396795343594,228095726.68698683,212100950.5393029,39.009169112822825,38.55680935841627,1
0.667,fly_2,0.007525228447737485,0.0013858200167649877,0.0012587059872550493,0.007326845597529707,0.001302182382897124,0.0012721420175915762,160761627.57791448,157946536.03293025,38.26082712588679,37.67956998184789,1
0.668,fly_1,0.00913433200823725,-0.0007145702974672321,0.0014466412384756078,0.009161803092602509,-0.0009278409583796913,0.0014637438898648018,225255226.84843996,209572292.64607868,38.85294307351148,38.40243203549876,1
0.668,fly_2,0.007522869320132394,0.0013571257980290502,0.0012537874470857655,0.007323949774322467,0.0012749723957773313,0.0012683945946519448,162394340.2155531,159254919.49009413,38.35979903980076,37.75675997682323,1
0.669,fly_1,0.009137197198613702,-0.0007354169647800915,0.0014566113888947129,0.009163420543437195,-0.0009491234175842187,0.0014697804504757808,222621302.28328964,207232925.14426315,38.70475925167003,38.2564385604627,1
0.669,fly_2,0.007516943308129637,0.0013278255892000827,0.0012548558432593125,0.007317451422057009,0.0012473559256800982,0.0012709541851287944,163645843.69034967,160162601.8233806,38.42731075221843,37.80113132541907,1
0.67,fly_1,0.009143171971056574,-0.0007560979816963393,0.001463911475356468,0.009168235955576604,-0.0009701338084897613,0.0014735030078521867,220296316.33080673,205139031.08880723,38.569866996723235,38.12216355694906,1
0.67,fly_2,0.00750875419417862,0.0012994696049877677,0.0012617578284441725,0.007308700545646075,0.0012207505229877896,0.0012794603651177252,164471305.43646312,160655879.28970236,38.4609325099296,37.812437065712444,1
0.671,fly_1,0.009152654859615863,-0.0007758030578034512,0.0014681236758608347,0.009176638729920285,-0.0009900730299528045,0.001474808656572588,218360232.74341655,203341414.29762614,38.45264770721887,38.00276634626039,1
0.671,fly_2,0.007499316284019996,0.0012736021753418528,0.0012737964032157256,0.007298725086613239,0.0011966017547668996,0.001292918189768879,164852161.78847897,160746394.01474,38.460033336029355,37.79211781974827,1
0.672,fly_1,0.009165577484068323,-0.0007940638737919386,0.001469268362333587,0.009188611191764142,-0.0010085021684556501,0.0014734158987449123,216823726.49369696,201886429.5982017,38.354190814547145,37.90121743427691,1
0.672,fly_2,0.007489340255101601,0.0012516498728053845,0.0012896827985250522,0.0072882313989898586,0.0011762520186922806,0.001309730929493955,164804689.14369085,160476022.30295956,38.42632927209883,37.74367181342904,1
0.673,fly_1,0.009181459181545282,-0.0008102789385684597,0.0014674868319519716,0.009203683665496473,-0.001024834230384423,0.001469393408373375,215696445.4857791,200799156.91917586,38.2754294817052,37.81931707678732,1
0.673,fly_2,0.007479163476097437,0.001234671594570759,0.0013079134762187586,0.007277547668442672,0.0011607091869036243,0.0013282153067416002,164370591.45562643,159899884.0178982,38.36315222216626,37.671391296689485,1
0.674,fly_1,0.00919881249364611,-0.0008241532421532896,0.0014615376485495799,0.009220271729270613,-0.0010387946168833968,0.0014618803250186327,215134645.5269403,200191482.9782938,38.22435608535875,37.76350464896139,1
0.674,fly_2,0.007468706450681562,0.0012230912413372281,0.0013269553354287578,0.007266581551226432,0.0011503889623695194,0.0013467401685070585,163615539.67084992,159085608.83655232,38.2754243087241,37.58041582428114,1
0.675,fly_1,0.009216406759266783,-0.0008358115160658339,0.0014513998780007202,0.009237053123307038,-0.0010505323868657828,0.001450940245963552,215136104.2311998,200053840.18868285,38.201031799248554,37.73345823564869,1
0.675,fly_2,0.007457626734559411,0.001216637795369763,0.0013455561343892,0.007254982923907961,0.0011450489777617855,0.0013640510841034306,162616890.1306302,158102112.06866032,38.168849510763415,37.475961144199495,1
0.676,fly_1,0.00923322152044232,-0.0008457917309990012,0.0014382563169616752,0.009252905835131369,-0.001060602744510059,0.0014377157650630142,215543066.88725978,200242073.4541806,38.19763623840672,37.72129355694294,1
0.676,fly_2,0.007445549742871825,0.0012144330475462285,0.0013627243222826331,0.007242380624752672,0.0011438595795291108,0.0013792540234748188,161464110.6260602,157021970.70170474,38.05008939227739,37.36359714014759,1
0.677,fly_1,0.009248915756926764,-0.00085523803735519,0.0014245646776262556,0.00926737808166776,-0.001070158165768539,0.0014244345441248604,216015626.08680502,200455770.62657183,38.19741609930938,37.71056679551993,1
0.677,fly_2,0.007431723604614307,0.0012141352733216412,0.0013776037147450269,0.007228015501712205,0.0011445624358543567,0.001391538027270517,160289338.6499198,155952991.94536003,37.92930791685274,37.25186910819805,1
0.678,fly_1,0.009262404358467194,-0.0008652499152466998,0.001410918622581875,0.009279290538889507,-0.001080298474699872,0.0014116327336662893,216430838.55288666,200578947.3652959,38.194372312474684,37.69497841401478,1
0.678,fly_2,0.0074159189656089345,0.001213751731932024,0.0013904959107567067,0.007211670620960982,0.0011452388374261582,0.001401456429073834,159162140.49672815,154938849.74247247,37.811989151288806,37.14433949373414,1
0.679,fly_1,0.009272193781352293,-0.0008764545681068034,0.0013971699386563557,0.009287133532820329,-0.0010916410708512619,0.0013989331259586875,216784021.1717244,200628012.3524769,38.18831312950729,37.67545044675818,1
0.679,fly_2,0.007398346488974165,0.0012117200269011804,0.0014018449293065588,0.0071935756578439935,0.0011443416479000475,0.0014096293193417,158135074.96255037,154016626.15312725,37.702412662673055,37.04412201089826,1
0.68,fly_1,0.009276747470726463,-0.0008880869468486244,0.0013830404298956936,0.009289590017751035,-0.0011033967219354528,0.0013859223918596482,217181381.57462457,200728014.88942844,38.18439008004041,37.65877203290999,1
0.68,fly_2,0.007379644659535084,0.0012070566471203792,0.0014118045566803021,0.007174396342498749,0.001140843659199425,0.0014163327518077694,157259299.41097885,153230480.69209212,37.604844498383756,36.95497512904633,1
0.681,fly_1,0.00927554178337427,-0.0008973262270676374,0.001369545864985236,0.009286741929289601,-0.0011127139885305393,0.0013733148051885255,217724319.75289387,201036108.5179276,38.18744411695008,37.65340900808712,1
0.681,fly_2,0.007360803369940827,0.0011993505643383008,0.0014202018606104187,0.007155150700713048,0.0011342602996253226,0.0014215334182941467,156585522.08441287,152627150.3037781,37.52357310743992,36.88091546324616,1
0.682,fly_1,0.009279403113469007,-0.0009050450064994368,0.001360071125362957,0.009289769656374968,-0.0011204956625477168,0.0013623262447223798,217864703.60008788,201206831.00552937,38.17116316675571,37.640659133432855,1
0.682,fly_2,0.007342920990442021,0.0011885893947291496,0.0014267147426525668,0.007136955140977251,0.0011245051553921191,0.0014250369197684471,156156972.81228065,152247765.359764,37.4622821825902,36.82549627209873,1
0.683,fly_1,0.009294850952968788,-0.0009118636106033202,0.0013514883496214053,0.009305026932547993,-0.0011273318684293667,0.0013502986959774848,217802075.07572138,201346450.215352,38.14524455490298,37.62629557621109,1
0.683,fly_2,0.007326881381031223,0.0011750854727039799,0.0014311706384415497,0.007120687476857509,0.0011118641630004401,0.0014268490822692333,155990056.54782063,152103541.29193345,37.42240663991465,36.78972915684524,1
0.684,fly_1,0.009319898169347402,-0.0009182300509226793,0.0013459312035306388,0.009330317673985958,-0.0011336257617706835,0.0013406721505597543,217276915.53323337,201101087.92267305,38.097269391779044,37.59130509927002,1
0.684,fly_2,0.007313075660005416,0.0011593206040652856,0.001433566732096992,0.007106720671810357,0.0010968259916027707,0.00142696535141129,156072817.15272588,152184602.06577307,37.40295875092994,36.772774944497755,1
0.685,fly_1,0.009351358132289433,-0.0009250877566295486,0.0013456286077272157,0.009362406846680138,-0.0011403278647858066,0.0013366198498785654,216001113.9144752,200117340.99803722,38.013190897069144,37.51656323077653,1
0.685,fly_2,0.007301458975077569,0.001141800145193789,0.0014334312199824472,0.007094972949013547,0.0010799678636030884,0.0014249562001973943,156404084.11684987,152484702.89191642,37.40370882239191,36.77399835691737,1
0.686,fly_1,0.00938620136466473,-0.0009332268874184475,0.0013517808096043117,0.009398300957791261,-0.0011482613492010184,0.001339726098540453,213820793.62532696,198214698.73626417,37.88474503023716,37.39156472330574,1
0.686,fly_2,0.007291626662426218,0.0011231750784085435,0.0014301257034893345,0.007084982962633766,0.0010620709624824145,0.0014203173234113699,156975901.16869462,152983561.7882345,37.42376750250956,36.79152391874909,1
0.687,fly_1,0.009422018609754057,-0.000943481759510515,0.0013644776039857369,0.009435580309428598,-0.0011582713177784698,0.001349880963009986,210709573.22587687,195382463.17490923,37.708936641036594,37.21398045312506,1
0.687,fly_2,0.00728294869247918,0.0011044145474912721,0.0014235311807422638,0.007076068954787482,0.0010442319609749232,0.001413025640318424,157737131.3832468,153622868.2510717,37.45870544967058,36.82032560852888,1
0.6880000000000001,fly_1,0.009457180980083352,-0.0009563074311507565,0.0013822783587749542,0.009472554838429343,-0.0011707973651740493,0.0013652710471407955,206834639.08529827,191807216.0275793,37.49167106894496,36.99165547528839,1
0.6880000000000001,fly_2,0.007274717491512824,0.0010867025809801084,0.001414118209093905,0.0070674904022707775,0.001027732909545127,0.0014035803107313248,158598092.6914334,154313787.7436098,37.5010829819615,36.852973449881674,1
0.6890000000000001,fly_1,0.009490769151222189,-0.0009715100347000407,0.0014021724231446505,0.009508208226905032,-0.0011856231449665095,0.001382602277050982,202566613.65460205,187859045.88854408,37.24953661136922,36.74326113536948,1
0.6890000000000001,fly_2,0.007266081296689953,0.0010712189237247064,0.0014023671936243167,0.007058387704698557,0.0010138220165623693,0.0013923420821192055,159464131.82322463,154971365.80171555,37.54326892021718,36.88253159980296,1
0.6900000000000001,fly_1,0.00952240145709523,-0.0009882404447664095,0.0014201441736577012,0.00954203394577006,-0.0012018861266706868,0.0013977472104959355,198406156.7654089,184015722.7506733,37.00775865436997,36.495708491465635,1
0.6900000000000001,fly_2,0.007256420614356907,0.0010593915051363239,0.0013883900878900672,0.007048158267851946,0.0010039360521214768,0.0013792783522734802,160256209.90974644,155530455.19968793,37.57908827700753,36.90382912936903,1
0.6910000000000001,fly_1,0.00955200678633144,-0.00100530205037644,0.0014323123122738084,0.009573811158559955,-0.0012183898549609413,0.0014068232390097972,194837134.8533672,180731391.4753734,36.79336811833593,36.27727727181041,1
0.6910000000000001,fly_2,0.007245707276866781,0.0010523311205441093,0.0013724277325919791,0.007036818233055974,0.0009991052876802973,0.0013644331057375873,160919861.42170256,155956084.14955828,37.604451518898486,36.91421256857654,1
0.6920000000000001,fly_1,0.009579503136515535,-0.00102155846045477,0.0014364493926357846,0.009603282324399406,-0.0012340146831191947,0.001407666765210056,192154365.19588086,178282193.29340994,36.62502722547241,36.10738051272858,1
0.6920000000000001,fly_2,0.007235775811739896,0.0010511466059070114,0.0013558285101571649,0.007026327192197144,0.0010000119046534425,0.0013488964061385577,161411247.27061224,156245083.91407853,37.61617424667378,36.91358526026319,1
0.6930000000000001,fly_1,0.009604999077754195,-0.0010359199608072917,0.0014320723023958431,0.009630406646828495,-0.0012476928061943271,0.0013998503633295162,190461481.0585271,176771277.26819044,36.51107619192673,35.99500576432419,1
0.6930000000000001,fly_2,0.007230264234148047,0.001049787050899749,0.0013434985019827024,0.007020500776390399,0.0009998763604868008,0.0013371936832827476,161850521.66845903,156555470.0604813,37.62372544061391,36.914633679052656,0
0.6940000000000001,fly_1,0.009628761498449323,-0.0010476429733076147,0.0014206388848225214,0.00965536550386559,-0.0012586843790422645,0.0013847879723078488,189645179.4093032,176111486.103657,36.44673823008483,35.93628936542904,1
0.6940000000000001,fly_2,0.007229558722773891,0.0010417972810835717,0.0013323619833346446,0.0070197798920809545,0.000992017800645105,0.001325551587812949,162643217.02977443,157288770.60303882,37.65821752188777,36.9490874964108,0
0.6950000000000001,fly_1,0.0096513128514308,-0.0010560408534778637,0.0014046249760095652,0.009678643479680697,-0.0012663281324850459,0.0013650796474105763,189490790.91389292,176107827.85451096,36.42037054202434,35.91940399518627,1
0.6950000000000001,fly_2,0.007233747457389309,0.0010262709993217236,0.0013210495580799832,0.007024270428691867,0.0009755327888406828,0.001312300591737982,163895045.066361,158553660.5223369,37.72703901531687,37.02472224797867,0
0.6960000000000001,fly_1,0.009673143615388895,-0.001060842789921583,0.0013869068792619144,0.009700773227934273,-0.0012703552698139153,0.001343632623095716,189727468.79108977,176518750.1538443,36.416481193579926,35.92890193694335,1
0.6960000000000001,fly_2,0.007242684456138901,0.0010033884194620025,0.0013103503995028052,0.007033820891739751,0.0009507781309098258,0.0012985307137320433,165560572.01750126,160289948.1236202,37.82565637334663,37.135509269842615,0
0.6970000000000001,fly_1,0.009694698101495137,-0.0010617565159764322,0.001369836434289877,0.009722304748602667,-0.0012705318617406175,0.001323121725650033,190144504.86994258,177127373.29952538,36.42288131023378,35.95078558997537,1
0.6970000000000001,fly_2,0.007256099466091341,0.0009735330680576954,0.001299645504752785,0.0070481333642051424,0.0009183308271118137,0.001284337042139161,167647713.2994469,162467154.0915424,37.953368420251735,37.27755536701223,0
0.6980000000000001,fly_1,0.009716251166906598,-0.0010577559117811068,0.001355055071410773,0.009743694673417118,-0.0012660806357481572,0.0013062780347927077,190660336.9270379,177763695.05070263,36.434817588151944,35.97418686068371,1
0.6980000000000001,fly_2,0.007272775487402733,0.0009369469821269851,0.001287237036121625,0.00706590551031263,0.0008787391766682778,0.00126857692011979,170185473.36025503,165070369.4913181,38.11071810321902,37.448002711405245,0
0.6990000000000001,fly_1,0.009737580479848231,-0.0010484547529308298,0.0013458840171308019,0.009764967961290802,-0.0012566104935203622,0.0012963597858229182,191010645.00076926,178201124.37117156,36.43727412036334,35.98492679226388,1
0.6990000000000001,fly_2,0.007290400472471859,0.0008937136277367092,0.0012708428724320351,0.007084661422448288,0.0008325453939417541,0.0012493620336079944,173192892.51400936,168067837.84897584,38.29714849900252,37.64264612644261,1
0.7000000000000001,fly_1,0.009758339744815834,-0.0010343959343096978,0.0013440954476003067,0.009785933768896592,-0.0012425389468854737,0.0012946324097064283,220576836.7955762,203333072.29732743,37.937004941188924,37.40811957309581,1
0.7000000000000001,fly_2,0.007300459944676572,0.0008472914320350099,0.0012550391376892605,0.007095755669920675,0.00078378763814628,0.0012306472532770051,177033942.6303296,171447480.99569628,38.53537723187037,37.85873699210361,1
0.7010000000000001,fly_1,0.009777890711847141,-0.0010166084200673802,0.0013499153967241218,0.009806000686833705,-0.001224815514079807,0.0013010157926773046,220598105.2518556,203536152.25219274,37.91638388758432,37.39817044394914,1
0.7010000000000001,fly_2,0.007295959097156759,0.0008012452116836633,0.0012443711780311675,0.007092019875459731,0.0007365329767102605,0.0012169365928303894,178966996.0131184,173292032.093767,38.637712553398266,37.96183382467841,1
0.7020000000000001,fly_1,0.009795324999917329,-0.0009964374881427003,0.0013621352562240199,0.00982423446842331,-0.0012047490099747326,0.0013141551721317097,220017083.12342924,203222515.35461122,37.86779647750589,37.36117433877102,1
0.7020000000000001,fly_2,0.007277769100061165,0.0007570043594601909,0.0012373971053432293,0.0070742452708319505,0.0006922692240766876,0.0012070829312733709,179960703.64206535,174182657.18981636,38.67527943343431,37.99714264949576,1
0.7030000000000001,fly_1,0.009809597323043179,-0.0009754087238662976,0.0013786816853839398,0.009839513772206713,-0.001183853607562789,0.001331913400222065,218984868.2885117,202502189.04497355,37.79815264071399,37.30287928158249,1
0.7030000000000001,fly_2,0.007250757487834415,0.0007156429898807739,0.0012314178934103833,0.007047357716787544,0.0006518085067071348,0.001198475096582923,180320407.06741795,174425621.6471977,38.670113670380374,37.98741235660601,1
0.7040000000000001,fly_1,0.009819683929689965,-0.0009548634580129196,0.001397028147852576,0.009850728386917942,-0.0011634842052508255,0.001351804686418285,217754953.63792443,201566795.35794935,37.719124230665884,37.23323367496418,1
0.7040000000000001,fly_2,0.007221563675692173,0.0006780600117717856,0.0012238030330889902,0.007018127625417671,0.0006156328006573434,0.001188473828060235,180463484.2537381,174443287.7354867,38.650544415298185,37.962218118760624,1
0.7050000000000001,fly_1,0.009824862589861897,-0.0009356566953088159,0.0014149134792618744,0.009857092685215675,-0.0011445119852942492,0.00137164426658857,216599134.93472525,200631377.56701255,37.643477652304846,37.16354453767738,1
0.7050000000000001,fly_2,0.007196852634287024,0.0006449391939644329,0.0012129130816253464,0.0069933667986723565,0.0005839696666892895,0.0011753928548826034,180779383.4453081,174631082.19508678,38.64253492654643,37.94884430765702,1
0.7060000000000001,fly_1,0.009825127047141028,-0.0009177587974162995,0.0014311507262910741,0.009858613196809212,-0.0011269063157193849,0.0013903153331272843,215701145.99838686,199850343.19363987,37.58006535498664,37.10208390654716,1
0.7060000000000001,fly_2,0.007182254180422035,0.0006166839213043938,0.0011985505959163688,0.00697888428119982,0.0005567519454122078,0.0011587966235012135,181554515.71353185,175294093.36605245,38.66483254283175,37.96805328452332,1
0.7070000000000001,fly_1,0.009821358427587242,-0.0009007968395087786,0.001445346267360254,0.009856191528922819,-0.0011102903426339146,0.001407522159089405,215123473.1204831,199270713.1243747,37.53204167827599,37.05147159548585,1
0.7070000000000001,fly_2,0.007181540653362431,0.0005931679836358185,0.0011818485924599393,0.006978614914416968,0.0005334448445532811,0.0011395895449275346,182947481.85135567,176611922.49059868,38.72712953752459,38.031375927898296,1
0.7080000000000001,fly_1,0.009815056458345097,-0.0008835512808465269,0.0014572458313588544,0.009851390864298598,-0.0010934085786000116,0.0014230221335692793,214947468.74294156,198980418.1599204,37.503416734420796,37.016520864935664,1
0.7080000000000001,fly_2,0.007194121314191936,0.0005738925769708544,0.001165764319835291,0.0069919207872894094,0.0005134939999177486,0.0011210597923567327,184836897.5383734,178459099.10636765,38.82025411416277,38.12898667574525,1
0.7090000000000001,fly_1,0.009807837074187436,-0.000865383750678353,0.0014665606928772677,0.009845810813331132,-0.001075551069775344,0.0014362419019084518,215197571.81089383,199046587.79319245,37.49534529177907,37.00086791517277,1
0.7090000000000001,fly_2,0.007217098585278849,0.0005580284306033452,0.001153484525252056,0.007015829999051879,0.0004961826076916922,0.0011066061042744092,186979837.6136095,180596325.48281887,38.92746044498881,38.24365662344654,1
0.7100000000000001,fly_1,0.00980115504150146,-0.0008466747695460977,0.0014722506579582986,0.00984075000335506,-0.0010570656305850634,0.0014458033413860011,215925723.56614855,199550882.97121882,37.51012124325367,37.00878322697214,1
0.7100000000000001,fly_2,0.007246423893048858,0.0005445626332885435,0.0011475945029746613,0.007046215454952354,0.00048072326560080194,0.0010988846229197057,189088704.67126262,182743712.2016243,39.03011120581414,38.35642339714209,1
0.7110000000000001,fly_1,0.009796334101261253,-0.0008278949028821011,0.001473776836994503,0.009837405919300785,-0.0010384267622550363,0.0014509518962786375,217121197.66619557,200500071.97677088,37.54682923888119,37.04029517789247,1
0.7110000000000001,fly_2,0.007277915336838027,0.0005326317690963931,0.0011494734851149214,0.007078812631373276,0.0004665234863737217,0.0010992804218605573,190897570.17440575,184639445.4360066,39.11204266551435,38.45066328166235,1
0.7120000000000001,fly_1,0.009794408774445115,-0.0008097263097463534,0.0014712859191272,0.009836725048669908,-0.0010203262739278522,0.0014515749072489543,218678248.48443723,201818062.13578248,37.599937289563734,37.09085439436279,1
0.7120000000000001,fly_2,0.007307942618136035,0.0005217440576788286,0.0011590454895420116,0.0071098983381630825,0.00045334931414456136,0.0011077409264539466,192212170.75443155,186083090.20551467,39.16226998133388,38.51453271176786,1
0.7130000000000001,fly_1,0.00979618156915669,-0.0007925528851464391,0.001465600590099002,0.009839473045119427,-0.001003178150319856,0.0014484430335603717,220429025.04979825,203350787.55656272,37.661131719122906,37.151854279413534,1
0.7130000000000001,fly_2,0.007333783322563601,0.0005119611101522285,0.0011751984720237308,0.007136651602350731,0.00044146741386243176,0.00112322482835603,192919164.61093497,186945925.44092736,39.174928276204504,38.541015477323924,1
0.7140000000000001,fly_1,0.009801953976323285,-0.0007765250500796407,0.0014579929237495666,0.009845972733784264,-0.000987155335848534,0.0014428678559716547,222174517.20077905,204909734.41856387,37.721005562547106,37.213209408185726,1
0.7140000000000001,fly_2,0.007353539430638521,0.0005042531281156653,0.0011979666669742232,0.007156988185182359,0.0004319651101212106,0.0011462599330719033,192869334.11522257,187048485.49312797,39.141728840891254,38.51975690547656,1
0.7150000000000001,fly_1,0.009811323988327248,-0.0007612619404052469,0.001449459073346714,0.009855932253560443,-0.0009718758693077386,0.0014359161197574199,223816404.44467747,206404188.91378117,37.77514078454388,37.27026122092104,1
0.7150000000000001,fly_2,0.00736710260235876,0.0004991088057860665,0.0012251195910771924,0.007170810454109812,0.000425390179604783,0.001174459027948287,192155379.13636607,186474041.0939229,39.06848289776832,38.456305612512345,1
0.7160000000000001,fly_1,0.009823601488243086,-0.0007464276332591733,0.001440462286662944,0.009868802697812895,-0.0009569795674606918,0.0014279615017193461,225335470.0762247,207835356.82829422,37.82285557148052,37.323195527599,1
0.7160000000000001,fly_2,0.007375544535012352,0.0004970863679134785,0.001253095162167573,0.007179247862727155,0.00042229786216890455,0.0012040458826108645,191024099.26916617,185457529.88557506,38.96989220125958,38.36517170284203,1
0.7170000000000001,fly_1,0.009837518451319046,-0.0007318446825997946,0.0014312265361039376,0.009883459175370628,-0.0009422611373231763,0.001419147570004143,226760250.06630576,209246547.6781224,37.86560626138638,37.374294993770015,1
0.7170000000000001,fly_2,0.00738072101721164,0.0004984560073499959,0.0012788952986975501,0.00718423129918925,0.00042286336806164783,0.0012318944522830039,189749350.3547628,184262873.08118963,38.86236603538619,38.26266361940865,1
0.7180000000000001,fly_1,0.009851827690583296,-0.0007167732544612545,0.0014218301069048864,0.009898816375943186,-0.0009269537581275416,0.001409674643379555,228185501.06694263,210724105.6344641,37.90769577640422,37.42788052058762,1
0.7180000000000001,fly_2,0.007385271201451692,0.0005029734695990288,0.001300836373749258,0.007188512831940474,0.00042664022687433436,0.0012562166914419977,188578607.3567546,183137860.7646051,38.76107167419517,38.164403790058905,1
0.7190000000000001,fly_1,0.009864998265896988,-0.0007009260985140624,0.0014129651612780078,0.009913469302427133,-0.0009107359293975729,0.0014002400110192973,229603612.52047274,212272742.0884288,37.948801816991185,37.484087882738336,1
0.7190000000000001,fly_2,0.007390782074752047,0.0005098256809940452,0.001318483532957391,0.007193746674002337,0.000432709861868452,0.0012765104789968962,187640189.26196513,182212363.5015062,38.67413439231476,38.07882674548285,1
0.7200000000000001,fly_1,0.009874755863553688,-0.0006850714640214008,0.0014038545751379097,0.009925135063835452,-0.0008943615185139524,0.001390029046712006,231187242.00873104,214054298.52928364,37.99638777814331,37.55065316813922,1
0.7200000000000001,fly_2,0.007399066539298666,0.0005174694283572947,0.0013316513471053166,0.007201835357611435,0.00043940480353872916,0.001292442785680855,187069938.9980943,181627792.21398598,38.61026610632342,38.015250106288555,1
0.7210000000000001,fly_1,0.009879087617723022,-0.0006699880019899367,0.0013937010769954085,0.009931732664956774,-0.0008786145250083124,0.001378371078241339,233111105.69735077,216213168.75420952,38.05767136993416,37.63405835361523,1
0.7210000000000001,fly_2,0.007411165464306703,0.0005248215904624887,0.0013409949738305584,0.007213902099175176,0.00044555037996913815,0.0013044603884259677,186904217.06498772,181436547.5830571,38.57190232047747,37.977226472679945,1
0.7220000000000001,fly_1,0.00987682734000011,-0.0006562838195477179,0.0013829275292104345,0.00993196572365023,-0.0008641590301110384,0.001366218506244149,235345878.4434882,218656148.97979248,38.13087438943774,37.72914091236771,1
0.7220000000000001,fly_2,0.0074269322312655855,0.0005307624063605705,0.0013471177624488691,0.007229807968425486,0.0004500628727167484,0.0013130421665450904,187128912.76494202,181629889.08267188,38.55812506853911,37.96417663197032,1
0.7230000000000001,fly_1,0.009869495058268228,-0.000642910674886477,0.0013716794660197267,0.009927274467570388,-0.0008500147471546176,0.001354330717435841,237871568.26163784,221297848.65912145,38.21461830754051,37.83132971099547,1
0.7230000000000001,fly_2,0.007445555426819666,0.0005341730003591796,0.0013503000396170358,0.007248696937918097,0.00045193886611407714,0.0013184281322513004,187721766.843745,182180049.3452308,38.567317874604235,37.974102126677685,1
0.7240000000000001,fly_1,0.009869822436551125,-0.0006240012195641243,0.001352544966582649,0.009930182547156318,-0.0008305650587347049,0.0013377269585646907,241517162.21266553,224582977.58925158,38.341939832482076,37.96032090775022,1
0.7240000000000001,fly_2,0.0074658602370131595,0.0005341678081870876,0.0013507020055813672,0.007269350572674016,0.0004504188664674785,0.0013206753083113804,188648064.67178977,183049995.7603888,38.59694622836442,38.00427111346636,1
0.7250000000000001,fly_1,0.00987731764795906,-0.0005995771127330966,0.0013242075961215167,0.009940370535147366,-0.0008056105295705345,0.001313907084955072,246485479.40617895,228861360.50990456,38.517785541286514,38.12971825499042,1
0.7250000000000001,fly_2,0.0074861503838389775,0.0005306062649192104,0.0013483216506117038,0.007290016651381768,0.00044549499347249166,0.0013197005669161586,189840629.777746,184171117.2940437,38.6424115762949,38.049884940276705,1
0.7260000000000001,fly_1,0.009889660494597049,-0.0005730827210443232,0.0012930042123181227,0.009955244174475556,-0.0007784966618908502,0.001287051918115585,251706537.4410693,233417962.30873907,38.69704473449855,38.30554134326507,1
0.7260000000000001,fly_2,0.0075053796013040686,0.0005237932502045925,0.0013435898646657967,0.0073096047175228215,0.00043752053271398436,0.001316008184803877,191221877.23132432,185462764.3228975,38.69854735982792,38.10545991612794,1
0.727,fly_1,0.009905542520080485,-0.0005473290865939404,0.0012651627684376466,0.00997303426966776,-0.0007521927608201597,0.0012624656056760262,256107949.94556513,237366107.54646707,38.83942099958656,38.4500450010888,1
0.727,fly_2,0.007522938809903362,0.000514485842609812,0.001337408459614737,0.007327511081074569,0.0004272168738847815,0.0013105074211725081,192689053.29274547,186832473.94634676,38.75883757669225,38.16494794070132,1
0.728,fly_1,0.00992340871153954,-0.0005229085812463181,0.0012436528584356895,0.009991985284300313,-0.0007274288551470603,0.0012431556675944167,259270343.65166432,240319963.92769092,38.932271946815725,38.549511151660695,1
0.728,fly_2,0.007539331062612137,0.000503713883650735,0.001329744799066569,0.007344261449148118,0.00041550910945220375,0.0013033005241026839,194242698.4322172,188281540.56629944,38.82315103032513,38.2282818398196,1
0.729,fly_1,0.009942251384310687,-0.0004994528218949657,0.0012292211143681135,0.010011085149663812,-0.0007038845882638959,0.0012302706920787954,261153083.63061702,242201698.91283703,38.97683325926097,38.60319625990244,1
0.729,fly_2,0.007554812111297387,0.0004930881443946308,0.0013217408443055357,0.0073601973466173145,0.0004038589798040706,0.0012953820597779563,195780717.91665792,189740606.8316387,38.88534758087173,38.2911100211893,1
0.73,fly_1,0.009961301690888083,-0.00047586475769635704,0.0012210084239040295,0.010029772208703337,-0.0006804061793190271,0.0012234845090133473,261994379.96746868,243179964.58110762,38.983332202827995,38.61956467746687,1
0.73,fly_2,0.007569954538536817,0.0004840464158124702,0.0013144544356563507,0.007375945149402322,0.0003935722084251213,0.0012878779292630701,197225538.61080152,191149621.98191315,38.940989933897924,38.34983143613116,1
0.731,fly_1,0.009979935545280818,-0.0004509379054620116,0.001217161895068099,0.010047720187262693,-0.0006556789840816667,0.0012213890695180044,262174756.9517896,243564238.47098342,38.96609007829473,38.61185225477848,1
0.731,fly_2,0.007584430920852093,0.00047816618429919047,0.0013075213419650848,0.0073911857847544435,0.00038619829476846027,0.001280507259773652,198545000.50999758,192481143.7105453,38.988436024046415,38.402936171498816,1
0.732,fly_1,0.009997802368067545,-0.00042405186509079717,0.0012157310859327271,0.010064838986346627,-0.0006289797158901521,0.0012222275267461744,262030107.94918856,243642077.8937902,38.937311518417296,38.59187298137533,1
0.732,fly_2,0.007597502888251196,0.0004766971238990921,0.0013002135245534397,0.00740516280995985,0.0003830152073725139,0.001272635838545238,199717879.39733523,193711668.4002015,39.02671987465861,38.449204640698945,1
0.733,fly_1,0.010014856438737323,-0.0003953740205572341,0.0012148933337626125,0.010081256210026843,-0.0006004021361570759,0.0012241711650317168,261809712.00854367,243631008.48506635,38.90594873057878,38.568425129055626,1
0.733,fly_2,0.007608721086241339,0.00048072465804613226,0.0012920240283120215,0.007417416149881424,0.00038512894847505435,0.0012638208795035717,200724020.41156286,194821840.81693125,39.05495202885181,38.48769800838923,1
0.734,fly_1,0.010031421595332081,-0.0003660005258496574,0.0012132728221712938,0.010097351185297827,-0.0005710159836261017,0.0012256618175480098,261628637.617896,243630131.6426195,38.87612440292753,38.545495197923685,1
0.734,fly_2,0.007618481985155855,0.0004906413557833688,0.0012828156552150908,0.007428298628896534,0.00039294953546973254,0.0012542125922230048,201574114.56386334,195806573.45744854,39.07397454959901,38.51832314735127,1
0.735,fly_1,0.010048298978635153,-0.0003379260129005685,0.0012099441425356778,0.010113845836561396,-0.0005428455889037893,0.0012255362159525748,261474221.92273328,243611553.08691764,38.84738222705388,38.52196378504482,1
0.735,fly_2,0.007632149751327757,0.0004952911285825869,0.001270116554737504,0.007442521267939248,0.0003957705115934482,0.0012442665828099409,202994731.07096368,197081979.87457353,39.12439117880687,38.56515483331328,1
0.736,fly_1,0.010066657754095194,-0.00031364704481618463,0.0012043871033693887,0.010131730142980307,-0.0005184583633262938,0.0012230805241830352,261245329.23238617,243452426.36001274,38.81609673338895,38.4929141037348,1
0.736,fly_2,0.0076482777486159125,0.000490691203963067,0.0012536723830639735,0.007458765147766687,0.00038995289926785934,0.0012320320491183531,205050247.02108735,198779386.82471386,39.208685586973516,38.63513390710011,1
0.737,fly_1,0.010087535846797958,-0.00029532849565898833,0.0011964976359424683,0.01015186869913536,-0.0005000964628125181,0.0012180127400492464,260815775.29677105,243014805.35548353,38.77774118008608,38.452820642553526,1
0.737,fly_2,0.0076653399193268,0.00047871609065112383,0.001237938140455414,0.007475821466224655,0.00037735993618703053,0.001219465949118114,207321261.26493368,200684969.96230102,39.30275873329206,38.715410850423986,1
0.738,fly_1,0.010111560281581368,-0.00028430561761074694,0.0011868663617952606,0.01017475759895337,-0.000489152399797925,0.001210854502017502,260018486.54957083,242129464.5082698,38.72627831662085,38.39482703882982,1
0.738,fly_2,0.007683575771806557,0.0004622560415456604,0.0012257455273859354,0.007493975699822454,0.0003607544557733684,0.0012089891329016278,209549024.23390007,202608645.8621902,39.392374163813905,38.79504477477025,1
0.739,fly_1,0.010138637770432819,-0.00028070913466496177,0.0011765918862763113,0.010200270791312116,-0.0004857671732726839,0.0012027473351622845,258701399.35965115,240654664.69308877,38.656075796432056,38.3129722065326,1
0.739,fly_2,0.007703560423648565,0.0004440251639367005,0.0012181582777425091,0.0075137707610640515,0.00034276190827215857,0.001202121663540797,211612259.90315396,204430151.2971447,39.47135221657071,38.8674830787137,1
0.74,fly_1,0.010167999896281659,-0.0002834570456757696,0.0011669987427622064,0.010227736535517347,-0.000488795420316441,0.001195269253891885,256771021.98387992,238501561.57820904,38.563372473631766,38.203078971359254,1
0.74,fly_2,0.00772625243519903,0.000426140082267225,0.001214774914752072,0.007536163184247533,0.00032535215165435547,0.0011993021747796204,213528318.26568443,206132857.12996683,39.54101364070514,38.93208785991336,1
0.741,fly_1,0.010198304418273227,-0.0002906114770138098,0.0011591524128741044,0.010256016625843497,-0.0004961951406907238,0.0011897497051288788,254257857.89758548,235711771.7144322,38.44865986165808,38.065926218851025,1
0.741,fly_2,0.0077523781775393685,0.0004103902704949102,0.0012152789690133474,0.007561882218644669,0.00031017826622903067,0.0012011234113561845,215307803.65226015,207685010.3259558,39.602247906570696,38.987439269579845,1
0.742,fly_1,0.010227864181320904,-0.0003001120971707929,0.0011543870451380305,0.010283587947724748,-0.0005058672965579142,0.001187420297319981,251216092.8532733,232397327.30521238,38.31313533589324,37.905039271350994,1
0.742,fly_2,0.007783049402463337,0.00039868580123674456,0.0012173886363749911,0.007592164758968353,0.00029888419241454726,0.0012058029675952099,217124798.70916855,209236815.58443797,39.6641203708493,39.04174449244368,1
0.743,fly_1,0.010255089657346882,-0.0003104567797831585,0.0011535487108251335,0.010308937922348643,-0.0005163504352014331,0.001188758126917733,247767441.5000555,228750366.05769986,38.16049342710896,37.72747699528308,1
0.743,fly_2,0.007819334379593732,0.0003934361396552739,0.0012160168627894158,0.007628382677402663,0.00029339187208370706,0.001208262643087693,219358295.0370373,211170451.46825102,39.74539940799235,39.114887065654095,1
0.744,fly_1,0.010278592412973296,-0.00032041674627538233,0.0011568653739914526,0.010330738806430541,-0.0005264580666289377,0.0011937335706268548,244104064.1283215,225001274.67938793,37.99735867837007,37.54249905246493,1
0.744,fly_2,0.007858118774041281,0.0003913292749832939,0.001209911276163226,0.007667413950993713,0.00029058449715839874,0.0012062104419074638,222023886.06405443,213533138.18481144,39.8459051162533,39.20846732976981,1
0.745,fly_1,0.010296759851206504,-0.00032908670527697834,0.0011652821393483804,0.010347461788856902,-0.0005353556143591491,0.001202885152942066,240338836.32278702,221308656.7076311,37.827674463789215,37.35690978193907,1
0.745,fly_2,0.007896144633829136,0.0003894190549479063,0.001198482467459997,0.0077058887400799836,0.00028776210188312157,0.0011987902889602788,225072709.95557952,216258862.26646674,39.96220164635101,39.318114600970624,1
0.746,fly_1,0.01030822524317631,-0.00033507380395457356,0.0011815953704903098,0.010357961594506186,-0.0005417507930326927,0.0012182348779757387,236337849.99525094,217634518.2791627,37.64558892756894,37.168980330247045,1
0.746,fly_2,0.007930059301879896,0.0003846434720012078,0.0011829076224581583,0.00774026105942661,0.0002822135776104225,0.001186942453745495,228313791.2779975,219140522.9017865,40.084308095012204,39.43266820651948,1
0.747,fly_1,0.010313696829581864,-0.0003398237137045477,0.001204190102802671,0.010362836852359803,-0.0005470122875899039,0.0012386819711127052,232204723.77037328,213989288.28446367,37.454690823534975,36.97913332760854,1
0.747,fly_2,0.007957349110650174,0.00037504135385792745,0.0011647854318420864,0.007767851718494234,0.00027223665448500734,0.0011720976216455545,231527767.57938015,221950460.57120636,40.20168838531562,39.54075416016249,1
0.748,fly_1,0.010314535839883558,-0.0003455364131420176,0.0012295473327191108,0.010363238708661755,-0.0005532689417828022,0.00126127686287731,228170120.27601856,210494775.8406145,37.26438876856608,36.79325335898922,1
0.748,fly_2,0.007976985577231236,0.00036021364751350827,0.0011454395268742517,0.007787547199174671,0.0002575509540068386,0.001155686880095185,234543626.81084478,224507966.49081922,40.30683082205225,39.634063047955784,1
0.749,fly_1,0.010312955378308042,-0.00035435677666816555,0.001254982294038936,0.010361108568549264,-0.0005626392201599012,0.0012838133531503377,224274849.4936179,207110685.921303,37.076626162003926,36.609675219991445,1
0.749,fly_2,0.007988677658445074,0.0003402696233467045,0.0011270739605654598,0.007799012168106769,0.00023830871846060916,0.0011398219649708294,237134910.83942312,226607963.16578642,40.390334469168494,39.70367680038402,1
0.75,fly_1,0.010311230223055735,-0.000367348053659881,0.001278728473277356,0.010358558046009587,-0.0005762191096092799,0.0013045062762832814,220482839.67088652,203790999.00662488,36.89004707985576,36.4262837870044,1
0.75,fly_2,0.007992530493824698,0.0003128295999088673,0.001114899507391708,0.007802178538107621,0.0002123531917630738,0.001129117816981266,238906899.3413119,227906061.6242606,40.43597408525097,39.734583616940185,1
0.751,fly_1,0.010311022122619088,-0.00038476048121302824,0.001299128721135563,0.010357149740998599,-0.0005942450068012365,0.001321932499956143,216832965.0137758,200543771.54469663,36.70661816362978,36.243581260881726,1
0.751,fly_2,0.007989885232920987,0.0002784764119896512,0.0011109566289668029,0.007798399314597388,0.00018030873071051568,0.0011260491901420014,239710986.80487543,228253698.65254584,40.438631819843614,39.72099365195545,1
0.752,fly_1,0.010313340891633596,-0.00040579814076704,0.001315244030242824,0.010357921441162777,-0.0006158918640179826,0.001335362132067127,213368782.99466267,197395654.30817074,36.52868846200387,36.063092150141784,1
0.752,fly_2,0.007983632780367778,0.00024066485935201644,0.001115086644546145,0.007790787767855264,0.00014529222705620637,0.0011307837183115723,239621401.6845401,227761691.49188703,40.40236524786668,39.668558515371956,1
0.753,fly_1,0.01031868224904288,-0.0004288656041524629,0.0013266647140586332,0.010361450446719706,-0.0006395213486708389,0.001344736087433813,210141520.0108986,194377421.85985756,36.35914905053943,35.886680435914975,1
0.753,fly_2,0.007976738038179233,0.0002031688860834561,0.0011260063385637484,0.007782542123985129,0.00011065956029819132,0.001142177532701861,238839163.22018737,226668090.53087965,40.33609782909493,39.588247512803505,1
0.754,fly_1,0.010327215996154791,-0.0004519348407847236,0.0013335667369621012,0.010368124190009683,-0.0006631062505958169,0.00134983607378652,207178616.24332517,191576035.00420594,36.19990878581851,35.71943191347553,1
0.754,fly_2,0.00797100974931116,0.00016887117807682793,0.001141800129257882,0.007775615448661954,7.901901424944563e-05,0.0011585091656192666,237595267.11360005,225206646.56412303,40.249723601048245,39.490647684010945,1
0.755,fly_1,0.010338828608725504,-0.0004729499708825948,0.0013365274780265542,0.010378042911440753,-0.0006845686276821438,0.0013510642769758454,204492437.2054593,189040129.58592457,36.052199605765416,35.56462158054002,1
0.755,fly_2,0.00796688664098848,0.0001396459988012984,0.0011604573318768196,0.00777048691850952,5.214329139138137e-05,0.0011778343619136943,236080088.14178824,223556623.31947216,40.15133325478172,39.38389591344444,1
0.756,fly_1,0.01035314769680068,-0.000490631255222075,0.001336118546988387,0.010390938303124432,-0.0007026131843454556,0.0013490440166353172,202093578.03125396,186786884.1542905,35.91716968883808,35.42388167253202,1
0.756,fly_2,0.007964589818374713,0.00011709720062512668,0.0011797028121011948,0.0077673987816776905,3.15203714246405e-05,0.0011976982925650526,234506503.5246607,221928418.83849236,40.05017331093835,39.2778514321138,1
0.757,fly_1,0.01036961803299669,-0.0005043210869155559,0.0013327727966298698,0.010406276561599023,-0.0007165809644487259,0.0013443241011923924,200001184.17548773,184830716.6614753,35.7963909103021,35.29868831747197,1
0.757,fly_2,0.007963533525579942,0.00010167491408508139,0.0011974732981396591,0.007765739913719189,1.759871524082858e-05,0.0012159236602434123,233035155.12848914,220466807.47544438,39.95341190275179,39.17953492128643,1
0.758,fly_1,0.010387513514507367,-0.000514207587339782,0.0013272820062860964,0.010423236944300586,-0.000726679069903386,0.0013378291209538012,198172688.70241454,183123979.8447399,35.68821838653059,35.186875097999334,1
0.758,fly_2,0.007962414019694069,9.25715010691233e-05,0.0012125600951281075,0.007764136648763755,9.68853645272856e-06,0.00123121577308795,231719132.08381048,219206860.27962244,39.86354637236,39.0908256534357,1
0.759,fly_1,0.010405855264735083,-0.0005211892817102996,0.0013204228578712032,0.010440683316527602,-0.0007338371586935351,0.0013303939756440925,196561728.05009425,181618781.47477815,35.59065022800354,35.086075008236925,1
0.759,fly_2,0.007959637727464304,8.796873759886021e-05,0.0012251558051945806,0.0077608994432441705,6.1301230671769044e-06,0.0012435153129099997,230478795.3875718,218070838.41547734,39.77706567100766,39.00809027949963,1
0.76,fly_1,0.010423571087328129,-0.0005264882461454289,0.0013124230458066424,0.010457379435023393,-0.0007393036627167286,0.0013223291077124131,195181521.77470654,180316542.73573172,35.5047010553082,34.996694322839964,1
0.76,fly_2,0.007954327947675829,8.644016515787306e-05,0.001237648711522288,0.007755103767664333,5.652864006966643e-06,0.0012553877655635945,229086632.1897008,216825429.8829344,39.68356400381106,38.9199120422555,1
0.761,fly_1,0.010439547003836678,-0.0005315300034826686,0.0013031749952412768,0.01047208458752481,-0.0007445275429680891,0.001313416566784504,194080202.82470566,179264569.60478348,35.4332263835166,34.92184376001027,1
0.761,fly_2,0.007945586576303558,8.555598913477707e-05,0.0012510968554745284,0.007745792255040237,6.049863278746515e-06,0.001268200688643572,227427036.18674916,215323677.09879467,39.57752543645984,38.8188664042808,1
0.762,fly_1,0.01045189801426967,-0.0005373006223521763,0.0012929948007354582,0.01048280814791276,-0.0007504967423077839,0.0013041084878293592,193354308.37871224,178538967.14967918,35.381674794497755,34.8663757763689,1
0.762,fly_2,0.007932815494715945,8.287510290463309e-05,0.0012649401494337807,0.007732322215485522,4.998334037715748e-06,0.0012813471546773213,225534863.9671081,213584317.77566165,39.46025933886306,38.70558246269723,1
0.763,fly_1,0.010459300461501252,-0.0005446331914768574,0.0012815865894715533,0.01048822563522551,-0.0007580461119531717,0.0012938256934245595,193124142.38737345,178268704.91039228,35.3567272400244,34.83828937725193,1
0.763,fly_2,0.007916058319070867,7.705711470204564e-05,0.0012780816715668411,0.0077147475936968244,1.1451978588523302e-06,0.0012936672000259403,223516199.60282418,211704082.55183685,39.33646183942182,38.58462865228846,1
0.764,fly_1,0.010461136144688181,-0.0005522101121100718,0.0012695329886597841,0.010488150232830434,-0.0007658044995942394,0.0012829200213364692,193448484.9533406,178515493.02389985,35.36156279847384,34.841357809096024,1
0.764,fly_2,0.007896956610935668,6.802880508171671e-05,0.0012895584025538176,0.007694794750982199,-5.8314044747818585e-06,0.0013039385204672528,221539411.75586018,209867008.5615955,39.21400788338797,38.46523601452668,1
0.765,fly_1,0.010462439463297007,-0.000558401087166015,0.0012611650222232925,0.010487930165882476,-0.0007721347320986063,0.0012752961606172378,193487157.33234626,178532981.0661692,35.35110708350303,34.83066166978534,1
0.765,fly_2,0.007877521887926139,5.6166865499505124e-05,0.0012985518692520885,0.007674571245540474,-1.581512440550168e-05,0.001311246980568714,219769759.37464273,208244598.72261333,39.10096315889941,38.35636983898269,1
0.766,fly_1,0.010472936114894367,-0.0005614701680327338,0.0012576606772745406,0.010497584576605299,-0.000775326796759041,0.0012714204611349023,192299740.44403654,177499753.64950663,35.274933884799424,34.7567739491913,1
0.766,fly_2,0.007859208190848368,4.1902260662064036e-05,0.0013043715983338533,0.007655593557016298,-2.851265494898859e-05,0.0013150653589306316,218325751.32888335,206941909.9680917,39.00339476084277,38.26381779493334,1
0.767,fly_1,0.01049183701642962,-0.0005618513239147391,0.001256667558155926,0.010516552906999207,-0.0007758194958769964,0.001268426899432663,190185439.92189628,175708306.7659843,35.14800839636342,34.63638967283303,1
0.767,fly_2,0.00784294848391199,2.5814910885078896e-05,0.0013069716909839763,0.007638814732651459,-4.3374797172809096e-05,0.0013155584168995503,217244564.73636147,205983158.11864984,38.923477758904255,38.18919434442816,1
0.768,fly_1,0.010516817672912704,-0.0005619012451075378,0.0012585039269132946,0.010542278528446193,-0.0007759094852062035,0.0012676556465416253,187222636.94502082,173123161.98046994,34.972630609116564,34.46562065584861,1
0.768,fly_2,0.007829458982645828,8.815137622147856e-06,0.0013065919784603405,0.007624952991697456,-5.94913736520628e-05,0.0013131536970272277,216531313.886698,205364889.11070952,38.86173822258079,38.132569765191576,1
0.769,fly_1,0.010545158956777342,-0.000564335709233246,0.0012634419532902444,0.010571696030224478,-0.000778291104926506,0.001270541837330334,183531261.68868768,169745749.40872523,34.752815400088195,34.241847228181044,1
0.769,fly_2,0.007818949648300284,-8.039561480399825e-06,0.001303010296306156,0.007614192898799128,-7.572785248814983e-05,0.001307960524679873,216205536.4669829,205084114.31952688,38.81929916026322,38.09392081962432,1
0.77,fly_1,0.010574638575163827,-0.0005708923985105832,0.0012710696786634775,0.01060241683143542,-0.0007847374128485085,0.0012765664311686323,179310726.87112024,165767612.6846893,34.49703588427142,33.973886452383155,1
0.77,fly_2,0.007810602920830086,-2.415228326365259e-05,0.001297369212220175,0.007605648476576805,-9.131360721409834e-05,0.0013011860581474822,216132968.21947977,205011583.3698074,38.78955028334168,38.066432892654355,1
0.771,fly_1,0.010603935422816154,-0.0005823993153950268,0.001280410474290433,0.010632995389161485,-0.0007961093094035059,0.0012842954174926858,174770349.45247495,161429174.05702794,34.215034086960515,33.67438531435296,1
0.771,fly_2,0.007803208245255906,-3.945854542526649e-05,0.0012915134162243813,0.0075980345364733345,-0.00010598572574654703,0.001294582531680847,216109420.10502404,204963393.30861765,38.76236412328833,38.04035654709303,1
0.772,fly_1,0.010632511872189143,-0.0005988810575232827,0.0012897921054706076,0.010662766317660034,-0.0008124522396576481,0.001291677485474578,170132673.27997053,156983484.45413572,33.91856425511973,33.35836925390478,1
0.772,fly_2,0.007796050359367395,-5.331439248186387e-05,0.0012864074076863608,0.007590600740332462,-0.00011900504411224943,0.0012890013031270238,216028740.73700377,204850904.94111538,38.732486456434934,38.01100235023884,1
0.773,fly_1,0.010660263900108437,-0.0006194860061813755,0.0012972402006717163,0.010691527397148914,-0.0008329189856320537,0.0012965380593845301,165623530.1166813,152675381.2347506,33.62124135944693,33.042373805340674,1
0.773,fly_2,0.007788775155542145,-6.43196372828297e-05,0.0012817369641723183,0.00758299283148258,-0.00012896947229519624,0.0012840970286414764,215906149.39817643,204693579.9903006,38.700677296908225,37.97940624970698,1
0.774,fly_1,0.010687322652935104,-0.000642464101298137,0.0013009574813471882,0.010719353200634925,-0.0008557501798541826,0.0012971327362557392,161447791.8426864,148712610.87846166,33.337153168416435,32.74244184434226,1
0.774,fly_2,0.0077804335153369925,-7.137777986889596e-05,0.0012761579178440323,0.007574243945884568,-0.00013471951287014378,0.001278443147855045,215802914.35232925,204550604.6671505,38.66996807656262,37.94870154747744,1
0.775,fly_1,0.010713824874829728,-0.0006655646259988969,0.0012995357372768065,0.010746347090471453,-0.0008786875167560628,0.0012922917817383482,157781563.94097504,145262336.17282292,33.08008656416572,32.473384650690264,1
0.775,fly_2,0.0077697499038991945,-7.403454611112146e-05,0.0012681192314562986,0.007563050329940317,-0.0001356942971616396,0.0012703321915526072,215771607.71651542,204473787.59000984,38.64295161191834,37.92162629373267,1
0.776,fly_1,0.01073976779122977,-0.0006863109654699465,0.001292333048304771,0.010772518649873513,-0.0008992574797747569,0.0012817170570505608,154751058.96350592,142435960.66129544,32.861508688531146,32.24684854298485,1
0.776,fly_2,0.007756523010760909,-7.586383167353897e-05,0.001260332792700946,0.007549202330853039,-0.00013540152091148547,0.0012625543258483226,215583636.40468246,204241043.106196,38.6083286727652,37.88642441319095,1
0.777,fly_1,0.010765136455206948,-0.0007023590492487661,0.001279805773693588,0.01079793744495565,-0.0009151162041647602,0.0012660208518462273,152389590.0696668,140268191.56131113,32.68666458218165,32.0686937696527,1
0.777,fly_2,0.007743848673417015,-8.679164811186144e-05,0.0012557500129152103,0.007535836181167101,-0.0001438698049749049,0.0012578531163073294,215141952.425457,203765145.14799935,38.56130397311143,37.83846704643852,1
0.778,fly_1,0.010789831565263136,-0.0007120179868620653,0.0012635462564442369,0.010822611444392302,-0.0009245681043035683,0.0012468291075646845,150629560.7808939,138704125.00652856,32.553067234039396,31.937054861799854,1
0.778,fly_2,0.007731847803388628,-0.00010702400211729123,0.0012492123855595639,0.007523131158881391,-0.0001614948379464264,0.0012505637983374024,214811891.91749504,203409471.70840505,38.51995805950986,37.7970216746751,1
0.779,fly_1,0.010813697068322584,-0.0007141479109922708,0.0012460043894615862,0.010846553162751108,-0.0009264688772182453,0.001226721746319287,149332565.23804012,137609445.20269272,32.452192146835074,31.842664238520257,1
0.779,fly_2,0.007722133449897298,-0.00013448092814180435,0.0012399303072911847,0.007512845735420757,-0.0001867321131952031,0.0012398834406582362,214715318.13814348,203301047.4392938,38.49034105636193,37.768857426570314,1
0.78,fly_1,0.010836587838677761,-0.0007083080234091183,0.0012302246875851052,0.010869818216822768,-0.0009203718767463114,0.0012088658476610394,148297489.68884996,136785545.14020702,32.37005492779959,31.770070342172474,1
0.78,fly_2,0.007714847372101223,-0.0001661849933027409,0.0012287873357025721,0.007505189840859007,-0.00021690957171090604,0.0012272797861961721,214787565.12551522,203353584.01352024,38.469219980420526,37.749364830685785,1
0.781,fly_1,0.010858477381909168,-0.0006952133889998836,0.0012189431252681874,0.010892491675490768,-0.0009069850056720761,0.0011959791062172616,147294260.4234483,136011322.58845806,32.28986032604955,31.701303891821635,1
0.781,fly_2,0.007708027304440274,-0.00019934036885829574,0.0012171754271257408,0.007498185903833919,-0.0002492444604981905,0.0012143997837875868,214833810.24527508,203373193.69761708,38.44691634044639,37.72821893476062,1
0.782,fly_1,0.010879301315431633,-0.0006763726624724501,0.001214294251360785,0.010914521607078342,-0.00088781059400449,0.0011901060696896928,146111414.27814543,135085201.08369768,32.1956733721527,31.6195488514991,1
0.782,fly_2,0.007699689625134747,-0.00023227661383812043,0.001206036455995611,0.007489825759759998,-0.00028199301733931767,0.0012019166016710272,214697313.8111261,203229414.26656768,38.415688425357814,37.69850802598012,1
0.783,fly_1,0.010898803644265105,-0.0006539690947558906,0.0012171363023523614,0.010935561035701659,-0.0008650350967077681,0.00119200518694515,144624402.51729792,133883958.01130971,32.07759745347602,31.514099587732463,1
0.783,fly_2,0.007688610451888281,-0.0002643021687567115,0.0011957655681643672,0.007478867625384353,-0.0003143426735275125,0.0011898132090348466,214299528.1350754,202871455.2008654,38.371662149653346,37.65754508432614,1
0.784,fly_1,0.010916376636454785,-0.0006304430735763492,0.0012275036229409824,0.0109548599446316,-0.0008411104285938755,0.0012016224234234053,142798651.8574791,132366591.4176814,31.932134984024025,31.380763523018608,1
0.784,fly_2,0.007674406093083578,-0.00029533730332645744,0.0011864640214958783,0.0074649195198156024,-0.0003460641999947581,0.001177879527240214,213623211.54223484,202299637.74675778,38.31393929231965,37.60531446090405,1
0.785,fly_1,0.010931395674510761,-0.0006075430212196111,0.0012436264561492545,0.010971665005480568,-0.0008178193906776088,0.0012172870294738598,140762182.789003,130632833.55614191,31.768240853276318,31.227199915839204,1
0.785,fly_2,0.007657300528988114,-0.00032547862551364807,0.0011780135334430615,0.007448210029068531,-0.00037710244777594077,0.0011658611762564658,212696486.48471785,201546952.1866023,38.2438069483353,37.54350079604615,1
0.786,fly_1,0.010943023720497274,-0.0005869137514823657,0.0012635982084662448,0.010985014100897028,-0.0007968353805209904,0.0012371170154713168,138680251.59175974,128824725.92009273,31.598338480411844,31.065125121612535,1
0.786,fly_2,0.007638445414479435,-0.00035488864587859045,0.0011705405443182362,0.00742990348724447,-0.00040750782681394504,0.0011540171563605636,211578885.7402907,200662819.33682632,38.16409107043769,37.474658679457576,1
0.787,fly_1,0.010950498523065668,-0.0005695235260567433,0.0012851376267778423,0.01099406623325642,-0.0007791577216166601,0.0012589289517357534,136760551.23897022,127122852.28741255,31.439145366965242,30.910403708832707,1
0.787,fly_2,0.007619337277331054,-0.0003836933215106605,0.0011639710371004082,0.007411505584607374,-0.0004373273612917617,0.0011425021469765614,210360436.21100932,199720211.05357623,38.07918582775078,37.40264110681282,1
0.788,fly_1,0.010953380120985125,-0.0005555617030663017,0.0013064453538363654,0.010998364664440707,-0.0007649831305828796,0.0012809386387638178,135167758.30772126,125677987.8512266,31.30484350210503,30.777099092366434,1
0.788,fly_2,0.007601871585610707,-0.00041199067010950363,0.0011580118447977303,0.007394901697613301,-0.00046662719036487984,0.001131368795356911,209163353.90377462,198815532.5937258,37.995225798559865,37.33264627791379,1
0.789,fly_1,0.010951926173884116,-0.0005440459070033935,0.0013256540464790442,0.010998218183871073,-0.0007533258478494445,0.0013013540024951022,134036651.56400673,124613997.32077572,31.207689649175382,30.677385693172344,1
0.789,fly_2,0.007588122634367996,-0.00043990573271199734,0.0011521734535475457,0.007382127128406517,-0.0004955313478329568,0.0011205004613796161,208125813.65309083,198058132.5649834,37.91932103325163,37.27067893891735,1
0.79,fly_1,0.010946988657453671,-0.0005334426995383307,0.0013421636212440132,0.010994573052608541,-0.0007426236378647736,0.0013195672422111977,133371965.84070739,123942315.55009307,31.149091321041393,30.613215859006576,1
0.79,fly_2,0.007579795640973045,-0.00046737592774709016,0.001145418325876616,0.007374790324005663,-0.0005239680867785724,0.0011093394744808305,207399095.851892,197560570.0264993,37.859396585790755,37.222997228326385,1
0.791,fly_1,0.01093968006449904,-0.0005223760236227278,0.0013559048902430254,0.0109886179451991,-0.0007314598790900197,0.0013353973018353212,133112967.03045492,123620103.80473784,31.124513786441806,30.581194483439408,1
0.791,fly_2,0.00757724751107915,-0.0004939824408241979,0.001135236345865808,0.007373032059299709,-0.0005513668012189672,0.0010960621144964168,207157998.36391354,197437812.1194236,37.82462891306442,37.19598836014555,1
0.792,fly_1,0.010931518151171,-0.0005095483492094392,0.0013672389546704423,0.01098192023875545,-0.0007185042895459048,0.0013491121642205703,133131130.14035463,123541067.4820948,31.123298162526694,30.571695078182906,1
0.792,fly_2,0.007580999573878031,-0.000519453527706115,0.0011222366541255397,0.007377352163022805,-0.000577499249770051,0.0010811275046716867,207394781.69999725,197695757.26608017,37.81462753761683,37.189939745588916,1
0.793,fly_1,0.0109239471983798,-0.0004943874650121478,0.0013768711119545615,0.010975966396132592,-0.0007031153960252073,0.0013608028249598603,133260776.87667069,123593237.3332384,31.131465338684453,30.574362042987573,1
0.793,fly_2,0.007590563249053074,-0.0005432096335361234,0.0011077538245891758,0.007387301086292062,-0.0006018679717144705,0.001065620363793138,208021779.75507745,198272781.77980006,37.82468208998612,37.201301933953005,1
0.794,fly_1,0.010918190808515896,-0.0004769226176285561,0.0013848794309570223,0.010971938609574962,-0.0006853396551457441,0.0013705599225627065,133384212.42305484,123667055.30829486,31.139086308292864,30.579026968453483,1
0.794,fly_2,0.007604932437035003,-0.000564774989541748,0.00109422015989177,0.007401962636014881,-0.0006240937832997523,0.001051604710255189,208864994.73723438,199036605.22292322,37.84560839245446,37.22264367580769,1
0.795,fly_1,0.010915306161207585,-0.00045780803554762347,0.0013906167863585838,0.010970749667128753,-0.000665895386351453,0.001378078522786853,133435323.38918899,123679498.47851682,31.140617090927243,30.57800854979773,1
0.795,fly_2,0.007622573435337295,-0.0005837062169660371,0.0010837370695040256,0.007419867071479955,-0.0006437906221933347,0.0010409406880331805,209746519.16872686,199841224.14432222,37.86818521571938,37.245916728660305,1
0.796,fly_1,0.01091577905142274,-0.00043836179599238655,0.0013930658154932168,0.01097272707882689,-0.0006461425025626505,0.00138231239191191,133411592.56508842,123626754.00212187,31.135867487086724,30.570967658343676,1
0.796,fly_2,0.007641041748519191,-0.0005978083467043381,0.0010807560758021874,0.007438450113206107,-0.0006587795921931716,0.0010386767163549273,210362223.47270352,200382553.94664183,37.87707435598211,37.25480092374585,1
0.797,fly_1,0.010919543423744259,-0.0004199002182057125,0.0013921243601652813,0.010977701538868017,-0.0006274285913549252,0.0013831163664889074,133296820.9157666,123492183.18619934,31.12348644467846,30.556367478992858,1
0.797,fly_2,0.0076594702142201805,-0.0006065751427761127,0.0010891266427002953,0.007456837118288512,-0.0006686358055169064,0.0010488794249069989,210464965.36906272,200429329.43422723,37.860076836652304,37.23713764105857,1
0.798,fly_1,0.010926155749917742,-0.0004031103951181709,0.0013882067259910445,0.01098523455830436,-0.0006104400474469155,0.0013807471260258994,133086746.13680257,123277463.13148329,31.10310904950567,30.534351580617848,1
0.798,fly_2,0.007677086649958946,-0.0006100219080082205,0.0011075533608695758,0.007474339325198538,-0.0006732615252040842,0.001069793473605454,210080400.4625569,200026857.36784866,37.81864841196801,37.195492187416214,1
0.799,fly_1,0.010934973515189865,-0.0003879807863905053,0.0013817016332280476,0.010994788695938703,-0.0005951372397844846,0.0013753862602388614,132811118.17592815,123018230.32423303,31.07721825797298,30.508205829321213,1
0.799,fly_2,0.007693031524514897,-0.0006086558949304522,0.0011324140977079435,0.007490107582150364,-0.0006729923863828246,0.0010975683598105372,209346592.13372025,199301675.96861595,37.75969839977799,37.13658892238569,1
0.8,fly_1,0.010945018119604829,-0.00037413108592242693,0.0013729300397019484,0.011005540528794993,-0.0005810984148097701,0.001367176890491537,162392187.34147412,148474324.85876828,33.28793019533407,32.63034220930361,1
0.8,fly_2,0.007707101190116051,-0.0006035645620798132,0.0011594618248254459,0.007503954447289452,-0.0006688203530100247,0.0011277661059379302,212380910.74042884,200827237.60974067,37.88989415902099,37.19858342026561,1
0.801,fly_1,0.010955013860549487,-0.00036097984921600783,0.0013625291960841636,0.011016382347792307,-0.0005676965907796281,0.0013567297566605878,162413654.80151823,148566636.62552887,33.28213964895184,32.63096151549273,1
0.801,fly_2,0.007720371728356727,-0.0005954068679775627,0.0011865259771778806,0.007516994665231708,-0.0006614796570292041,0.0011581765026084918,211575771.43469608,200005010.83111557,37.82784811456459,37.13479773368666,1
0.802,fly_1,0.01096427252189738,-0.00034760966605813613,0.0013521458301965243,0.011026761229641954,-0.0005539770628431187,0.0013458852459279757,162492438.78240964,148729489.2915212,33.28017407396052,32.63685439657861,1
0.802,fly_2,0.007734261709405607,-0.0005849132023423507,0.0012132641992577545,0.007530810265073637,-0.0006519436607455508,0.0011878483889760998,210854213.28434432,199286102.78184813,37.77002282759845,37.07657237971378,1
0.803,fly_1,0.010971510200790907,-0.00033446929094395117,0.0013426473213098262,0.011035380344426544,-0.000540391594335472,0.0013357086121594196,162678086.98745555,148989757.7287182,33.285296407681315,32.649989680143975,1
0.803,fly_2,0.00775007375411698,-0.0005729593399653364,0.0012379451085681584,0.007546813159645196,-0.0006413035633869442,0.001214584161955167,210377372.0447476,198840861.05996102,37.72453596233034,37.033150528271186,1
0.804,fly_1,0.010974931468552475,-0.0003221638459046435,0.0013344258865981978,0.011040410967545683,-0.0005275565144428371,0.0013268217502804302,163135567.82980537,149479048.35676152,33.308343010915266,32.68007664234375,1
0.804,fly_2,0.007767186755132462,-0.0005602001235473589,0.0012571350772364715,0.007564267866526062,-0.0006301097545705928,0.0012354993636194238,210341612.3849088,198801614.382495,37.70128972402265,37.01173680046521,1
0.805,fly_1,0.010973423048200898,-0.0003113931200010637,0.0013266919329552754,0.011040642562374864,-0.0005161966403871937,0.001318409969513867,164076436.6175897,150397636.70313895,33.362937543307794,32.741636355889256,1
0.805,fly_2,0.007785065126004639,-0.0005478300934808974,0.0012690067639414787,0.0075825899143255795,-0.000619431690593949,0.001248794492590619,210833119.71167764,199238962.25883198,37.70450669621426,37.01605115694281,1
0.806,fly_1,0.01096747953051231,-0.0003040477468650938,0.0013196255147717069,0.01103616152989266,-0.0005083404835060458,0.0013107487651611196,165385496.24422812,151645406.91219956,33.4408580989932,32.82659552525617,1
0.806,fly_2,0.007804190041882977,-0.0005372563355715875,0.0012742072128412534,0.007602244745137967,-0.0006106239343327464,0.0012550544443371467,211811047.2784124,200121224.59049785,37.73180127689927,37.04407560124485,1
0.807,fly_1,0.010968338218729251,-0.0002977645382613136,0.0013131778086858388,0.011037704458132047,-0.0005018510852888568,0.0013048987918197472,165769695.58935428,151965638.49579954,33.45822207233107,32.84325579529518,1
0.807,fly_2,0.00782354428674321,-0.0005299587105532619,0.001273447172477194,0.007622108367158104,-0.000604960875465799,0.0012552872846439667,213142075.8759642,201305284.5209182,37.77607542553813,37.087729685323936,1
0.808,fly_1,0.010981716445815758,-0.00029073629503801934,0.001304164567007434,0.011050966129962012,-0.0004949120581575039,0.0012972165480810854,164907345.89790636,151105296.39318085,33.39483583512525,32.77381419466191,1
0.808,fly_2,0.007842039926134785,-0.0005269739033231211,0.0012680194146360768,0.007641031900318138,-0.0006033455101501035,0.0012508529591271618,214650598.8285433,202625940.95948005,37.82828903151503,37.13792432393268,1
0.809,fly_1,0.011004214315846656,-0.00028327306416623435,0.0012949729297344848,0.011072626367511553,-0.00048777319503638217,0.0012894030439302108,162934944.4921767,149269121.3754139,33.25834221258103,32.63193263463887,1
0.809,fly_2,0.00786046846350583,-0.0005291154394357675,0.0012611261349213063,0.007659808463780533,-0.0006066539419110133,0.0012451611384940906,216112101.8453754,203871333.71463332,37.87737115373175,37.18345358261114,1
0.81,fly_1,0.011031561234602305,-0.0002745567229993351,0.0012889800534858881,0.011098619592525978,-0.00047952785352301284,0.0012843380440926712,160046821.5474475,146700387.37576362,33.05872787277977,32.433027178009,1
0.81,fly_2,0.007879543169833773,-0.0005365467355598945,0.0012553101512374736,0.0076792033008659015,-0.0006151683710118806,0.0012406776084792294,217356284.04381162,204898645.13419485,37.915284987973386,37.217077750978476,1
0.811,fly_1,0.011059768075643983,-0.0002629483436390908,0.001287670309644911,0.01112521789226498,-0.00046845818130120364,0.0012839873631138544,156642893.25922012,143733566.40848136,32.81966483790801,32.19968708142335,1
0.811,fly_2,0.007899033387213966,-0.0005479602417896731,0.0012512217798420471,0.00769903413195652,-0.0006276502127861613,0.0012377554371378664,218348752.9255141,205702249.54206955,37.94069934935358,37.23878892281039,1
0.812,fly_1,0.011085897107790413,-0.0002470897948272208,0.001290619858652914,0.011149748256727474,-0.00045312234581722856,0.0012883494668920125,153172851.3807431,140740480.34639212,32.57023739876196,31.95919660727207,1
0.812,fly_2,0.007918475506065795,-0.0005609983695862746,0.0012485243815528303,0.007718878330248641,-0.0006418102889122897,0.0012357989319559523,219158449.8491953,206367958.07480454,37.957143781078265,37.25319776741241,1
0.8130000000000001,fly_1,0.011108372170870896,-0.00022640908661819727,0.0012961315414718234,0.011170843091480209,-0.0004328766696288021,0.0012958923537539587,149998718.048527,138023756.7605512,32.33623803114468,31.735851489961938,1
0.8130000000000001,fly_2,0.007937292210470263,-0.0005730639553454646,0.0012463149108806223,0.0077381786497292574,-0.0006550983265743674,0.0012338374178272368,219912696.2439305,207020352.96969187,37.970759062262665,37.26675416584432,1
0.8140000000000001,fly_1,0.011126846379868603,-0.00020114605817462977,0.0013018628469726365,0.011188298917969434,-0.0004079051812152541,0.0013042683754423223,147350893.61828852,135772797.24560624,32.1361773580427,31.546661440261982,1
0.8140000000000001,fly_2,0.007954854353281412,-0.0005818636280842587,0.0012436034120257983,0.007756316260238616,-0.0006652553201148127,0.0012309548042766546,220744970.26044327,207778646.12883198,37.98781682962274,37.28549192264026,1
0.8150000000000001,fly_1,0.011141913866614367,-0.0001724221022104517,0.001305467221900662,0.011202781273658305,-0.00037929543535434825,0.0013109552780649755,145319988.30480388,134058673.56375317,31.979159007852484,31.399593998050054,1
0.8150000000000001,fly_2,0.007969769756965478,-0.0005853875070028747,0.0012395216726197855,0.0077718760654908806,-0.00067020787799091,0.0012262880976383387,221734857.07959166,208718112.05688637,38.011930712478545,37.313087788456336,1
0.8160000000000001,fly_1,0.011154820255164144,-0.00014211507955913026,0.0013050217515069584,0.011215522505214999,-0.0003489250292775977,0.0013137634620368906,143875670.0877804,132848576.50227721,31.864971009969945,31.293669041919674,1
0.8160000000000001,fly_2,0.007979817617901864,-0.0005816950254675888,0.0012327433697623407,0.007782571151090184,-0.0006678395611931404,0.001218443500472077,222950996.7711482,209908425.08470067,38.046088819250095,37.352807592885775,1
0.8170000000000001,fly_1,0.011167091108725368,-0.00011257607258341107,0.0012993917815120038,0.01122796157053135,-0.00031918259884816257,0.0013112267361430911,142895275.54192555,132032485.81323093,31.785600184971774,31.220683251559826,1
0.8170000000000001,fly_2,0.007984132559046167,-0.0005715783891238924,0.0012242380607588234,0.007787372432764322,-0.000658651356360393,0.0012088989913945,224235500.0228195,211173160.90614462,38.082836105170045,37.39562533747716,1
0.8180000000000001,fly_1,0.01117979157133603,-8.587465581858042e-05,0.001288907036072492,0.011241105195899236,-0.0002921849961694949,0.0013033368272696313,142201551.32360113,131452873.58529079,31.728069882509725,31.167723225587523,1
0.8180000000000001,fly_2,0.007982594767828454,-0.0005619999905744472,0.0012182918648529586,0.0077859646782239295,-0.0006493101572068719,0.0012026368774203451,224956196.84853172,211877485.01729074,38.093528992586606,37.410370608050066,1
0.8190000000000001,fly_1,0.011193844919477332,-6.379798650943336e-05,0.0012742312531811143,0.011255771723556058,-0.0002697830249744216,0.001290564373885777,141620237.31885734,130950665.62441975,31.67912919957551,31.121316025783884,1
0.8190000000000001,fly_2,0.007978881691072257,-0.0005594781703937341,0.001216600451614183,0.007782222980821354,-0.0006467215876408811,0.0012009328482150859,224936912.66754153,211873793.22879195,38.070655158363486,37.39030224965286,1
0.8200000000000001,fly_1,0.011210597183188042,-4.772702602120906e-05,0.0012572127482245363,0.011273064114277354,-0.00025339196854278964,0.0012754157673328847,140836368.22820547,130189474.40954131,31.614200647332876,31.05233178343281,1
0.8200000000000001,fly_2,0.007976242519578165,-0.0005636696939059725,0.0012172763066148075,0.0077796322078510175,-0.0006509495956350077,0.0012012095694381316,224534346.55459598,211533466.83890098,38.030533567143884,37.353815563706185,1
0.8210000000000001,fly_1,0.011230103685541018,-3.76741154411407e-05,0.001239831703265398,0.011293015066464556,-0.00024298426290381576,0.0012603606454185802,139688346.3848214,128988742.53160934,31.52021528233324,30.94452185369888,1
0.8210000000000001,fly_2,0.007979288965360837,-0.0005721769377329058,0.0012164097236321996,0.007782986360847794,-0.0006600177686900393,0.0011996522821527602,224412362.727553,211453465.77886552,38.00326516421811,37.330230713364436,1
0.8220000000000001,fly_1,0.011251883098635031,-3.310466267824437e-05,0.0012239222773281259,0.011315162957778905,-0.0002380075409240328,0.001247203297067477,138099261.23272726,127291912.11377612,31.390228752474084,30.791701075445825,1
0.8220000000000001,fly_2,0.007991904280659767,-0.0005829450296224844,0.0012089817256677226,0.007796188052593226,-0.0006720170760442012,0.0011918684388871606,225262722.72479504,212213621.83155546,38.02006499110751,37.347875965653905,1
0.8230000000000001,fly_1,0.011275232269325364,-3.37294218670004e-05,0.0012114088986724546,0.011338687230171465,-0.00023821700758226035,0.0012376735364796774,136021881.1161184,125094515.82434225,31.21902007996829,30.591538822258613,1
0.8230000000000001,fly_2,0.008014768567617044,-0.0005942726628432252,0.001192865137833767,0.007819791212177926,-0.0006850890932070167,0.0011765022894042532,227361864.03852028,214010034.33593637,38.09236071643315,37.41545080683555,1
0.8240000000000001,fly_1,0.01129992430471136,-3.960239145265266e-05,0.0012047859785999033,0.011363115222806431,-0.0002438398150360055,0.001233517818866695,133323381.37203418,122357157.84040004,30.99341812473444,30.337709385004484,1
0.8240000000000001,fly_2,0.008043728689262048,-0.0006064194776728463,0.0011698969533416273,0.00784934364399633,-0.0006988757071859069,0.0011558315430008712,230328204.49473596,216466697.01346052,38.20116180275879,37.513222130400806,1
0.8250000000000001,fly_1,0.011326423179380065,-5.144981307433494e-05,0.001206914104837168,0.011388457990602613,-0.00025592598297996603,0.0012364558397910794,129782388.52640429,118989664.58911888,30.690743926917538,30.01776586121528,1
0.8250000000000001,fly_2,0.00806747091159191,-0.0006229318862671551,0.0011508350821915411,0.007872863399052708,-0.0007154675726985731,0.0011410066150297183,232477588.62357312,218047759.1002128,38.272183592964375,37.56785603782465,1
0.8260000000000001,fly_1,0.011352840026349585,-6.708402823776966e-05,0.0012174752728793155,0.01141297855238238,-0.0002721527506333415,0.0012468302170698829,125703537.14406279,115236103.08386374,30.331352661830245,29.650171120816655,1
0.8260000000000001,fly_2,0.008087068389800913,-0.0006408879648502141,0.0011417595304826222,0.00789182762519214,-0.0007324141111232893,0.0011357976222175663,233476198.63619065,218657290.35721445,38.29273341332395,37.57629692019402,1
0.8270000000000001,fly_1,0.011377291504914792,-8.426459037828011e-05,0.00123518698927446,0.011435080153651125,-0.0002900954335846464,0.0012639214986484776,121439055.81685051,111378172.42608371,29.94227018868247,29.259466649765525,1
0.8270000000000001,fly_2,0.008105810246276803,-0.0006571518327635452,0.0011408772961176844,0.007909841534187972,-0.0007472648307028198,0.0011381482942081865,233797590.00866586,218747254.91187686,38.28414987566947,37.56039683717465,1
0.8280000000000001,fly_1,0.011398007195751849,-0.00010108454267095086,0.0012577310608484077,0.01145330234930249,-0.0003077001447609686,0.0012857306132300257,117364726.7974315,107729427.85578892,29.55696985877859,28.877251209895597,1
0.8280000000000001,fly_2,0.008124992844497627,-0.000670888227600594,0.0011449465702744984,0.007928369797678084,-0.0007596063194325945,0.0011448299175047382,233822344.2363787,218646368.95724183,38.262963741293895,37.535663999674625,1
0.8290000000000001,fly_1,0.011413913921883729,-0.00011607865893901187,0.0012817543173455008,0.011466893008669495,-0.000323413100886493,0.0013089054041092655,113810048.65157756,104574338.88674201,29.20944980308934,28.53641379073811,1
0.8290000000000001,fly_2,0.008143956245663338,-0.0006832108518885041,0.001150611205126673,0.007946788638007131,-0.0007706890373476279,0.0011526205648973362,233736469.87426788,218491616.3277762,38.237165030601496,37.50851978940064,1
0.8300000000000001,fly_1,0.011424968921086121,-0.00012821575549137139,0.0013039290495160997,0.011476122892729309,-0.0003361480955242357,0.0013299857016488268,110966266.40585157,102074632.71920443,28.923631934422858,28.259533909583407,1
0.8300000000000001,fly_2,0.008159175200753403,-0.0006962959441119922,0.0011552452644791398,0.00796144078116461,-0.0007824417439858404,0.0011586417981178777,233457307.6462354,218206399.87820858,38.203241569612295,37.47538489899954,1
0.8310000000000001,fly_1,0.011430958273543639,-0.0001377323664193321,0.0013236454959102831,0.011480813221659647,-0.0003461363953621444,0.0013484200965232977,108853505.20410949,100239850.70851043,28.706924005814304,28.052706322987543,1
0.8310000000000001,fly_2,0.008169822221131119,-0.000711092697817564,0.0011587186466583185,0.007971475426879933,-0.0007957875227013254,0.00116282617815147,232909656.6569649,217712901.32853585,38.15797156052929,37.432602917804054,1
0.8320000000000001,fly_1,0.01143221621732382,-0.0001457200341630974,0.0013402608246729374,0.011481271339850992,-0.0003545062241361343,0.0013633575300043869,107438725.39030385,99044111.49079694,28.56012149696136,27.916833994545065,1
0.8320000000000001,fly_2,0.008175971902319118,-0.0007281231881336122,0.0011617126790894974,0.00797695445160922,-0.0008112161466371302,0.001166088810582691,232019325.6682189,216928566.75673226,38.09810290645111,37.37623505463091,1
0.8330000000000001,fly_1,0.011430034277620064,-0.000153626776452001,0.001354228582676544,0.011478703509933595,-0.00036274327626901977,0.001375040389351389,106534145.74858849,98320640.72287425,28.466042380018123,27.834915738687133,1
0.8330000000000001,fly_2,0.008178176980055601,-0.0007477498443319719,0.0011650500482874916,0.007978429163773948,-0.0008290777862136548,0.0011693058357329443,230732042.84667632,215803939.13045543,38.02111148439988,37.30378792234506,1
0.8340000000000001,fly_1,0.011426431810260748,-0.00016267350908482977,0.0013659918342821661,0.011475032126061647,-0.0003720769798375373,0.0013838728775278396,105896009.39618436,97843454.7603069,28.399885230603562,27.781508401930722,1
0.8340000000000001,fly_2,0.00817809960869451,-0.0007699830961897653,0.001169649467911816,0.00797763576153881,-0.0008495401191434332,0.0011737068129878444,229060917.12532365,214331722.36367327,37.92723738701178,37.21462950030037,1
0.8350000000000001,fly_1,0.011423671794160073,-0.0001738087921094493,0.001375981409219789,0.011472345183284521,-0.0003834384801677476,0.0013907405095480978,105269074.8006606,97356289.72405995,28.3346059199911,27.72671814701501,1
0.8350000000000001,fly_2,0.00817787311024489,-0.0007939544116566027,0.0011757557151695892,0.007976850166165929,-0.0008720744910130861,0.0011800644414250274,227144041.6477218,212597987.91045946,37.82213356404781,37.112512060659085,1
0.8360000000000001,fly_1,0.011423191909131882,-0.0001874083769441454,0.0013848012834243655,0.01147195022393619,-0.00039721240184522466,0.0013964817731200849,104476206.37911078,96688607.10063422,28.250958091461058,27.65023258081775,1
0.8360000000000001,fly_2,0.008178343172950358,-0.000818445979829178,0.001183100298485356,0.007976940765159632,-0.0008955530772982121,0.0011879067132384603,225113362.1731427,210737814.36429858,37.711348887736726,37.0036570342278,1
0.8370000000000001,fly_1,0.011426279418826516,-0.0002038438621476274,0.0013924015891200888,0.01147502300963607,-0.0004138083150728592,0.0014007996144581938,103398800.02985242,95748855.36799824,28.135499214079505,27.540630095575786,1
0.8370000000000001,fly_2,0.008179611502628595,-0.0008420786884841612,0.0011916020538058941,0.007977985444782884,-0.0009185648706635656,0.0011969249007883391,223059512.63446534,208852243.81561607,37.59879574471097,36.89284667610988,1
0.8380000000000001,fly_1,0.011433953383436841,-0.00022224040819019604,0.0013999732932929638,0.011482532100241607,-0.00043234920650207185,0.0014050661424290227,101884010.01832962,94396294.03228062,27.970203134754968,27.379842573229766,1
0.8380000000000001,fly_2,0.008177286512319772,-0.0008648110804659698,0.0012013792316082647,0.007975370648194327,-0.0009404805319458126,0.001207350319783374,220773702.0446012,206751933.2160697,37.47484860718596,36.770540619901126,1
0.8390000000000001,fly_1,0.011447296710841489,-0.00024132562793971682,0.0014092065850318909,0.011495531800288287,-0.00045156631040561097,0.00141114760257819,99761325.97284137,92476240.78731142,27.73345513576201,27.146559812242568,1
0.8390000000000001,fly_2,0.008163216118522202,-0.0008876884137370672,0.0012137789255423411,0.007960581211482545,-0.0009613493161170045,0.0012204648717269,217737028.8281422,203987396.82536745,37.31487125327927,36.61343195586523,1
0.8400000000000001,fly_1,0.011465002648909492,-0.0002607446600272577,0.001417624353974364,0.011512538776442123,-0.0004711513410537855,0.001416685671182761,97325360.12331212,90271970.20466079,27.455296667863134,26.87265524793422,1
0.8400000000000001,fly_2,0.008140801747402622,-0.000908060134124866,0.0012279142790087595,0.007937190554866686,-0.0009789317328103998,0.0012350721237005375,214374235.75948972,200964886.04189873,37.137221163084895,36.440899684882424,1
0.8410000000000001,fly_1,0.011485241794639701,-0.0002793220484454839,0.0014224808139956877,0.011531688569680745,-0.0004899502658281337,0.0014193205770940596,94920310.63685773,88093280.52915919,27.174158156831645,26.595899269572804,1
0.8410000000000001,fly_2,0.00811512350290843,-0.0009235186611561165,0.0012434734671837601,0.007910495751320587,-0.0009912959089186007,0.0012515520767564295,211098871.95642012,198011695.5245153,36.96102434717018,36.2694687426314,1
0.8420000000000001,fly_1,0.011506034753784674,-0.0002958224636792216,0.0014222582837277802,0.0115510520910552,-0.0005067393304429081,0.0014178935813964017,92808433.00266835,86171390.47387385,26.922210695054,26.34708769920233,1
0.8420000000000001,fly_2,0.008089553855248625,-0.0009332791489569243,0.0012603176226015245,0.00788398547532365,-0.0009980653084431881,0.001269031443854079,208112928.31961936,195350447.76032948,36.79645158945618,36.11126645929937,1
0.8430000000000001,fly_1,0.011526540433135953,-0.0003125246582047769,0.0014162695610081557,0.01156911978136123,-0.0005239500013703715,0.0014120435299148609,91051137.18517622,84583473.06053174,26.709212531791437,26.138554836526406,1
0.8430000000000001,fly_2,0.008066117248078517,-0.0009387369226323752,0.00127726340062806,0.007859714928976825,-0.001000811100631938,0.0012860049715339534,205498901.1883113,193066446.23560455,36.64835050367594,35.971678248650704,1
0.8440000000000001,fly_1,0.01154513317721435,-0.0003281048372946772,0.0014057837063729864,0.011584432727057378,-0.0005401871962015235,0.001402928117217733,89709215.30092981,83393826.20221123,26.545108711027545,25.98128543985966,1
0.8440000000000001,fly_2,0.008045986594130559,-0.0009414831528286708,0.0012935578423372185,0.007838874867942184,-0.0010012209898841034,0.0013017833919231306,203255912.12416744,191147956.7855701,36.51749882540239,35.850888146011116,1
0.8450000000000001,fly_1,0.011560138878539702,-0.0003404763847043762,0.001391675100388599,0.011595851314065011,-0.0005532107119449636,0.0013911613600593796,88884393.66891477,82688620.47407335,26.44500152668836,25.889213489105007,1
0.8450000000000001,fly_2,0.008028299812542791,-0.0009435048734854078,0.0013083176643375427,0.007820579177056305,-0.0010011874259914294,0.001315827437720313,201291737.21346927,189485966.52469134,36.39984697699104,35.74348100081649,1
0.8460000000000001,fly_1,0.011570590511869924,-0.00034995213364397474,0.0013737691918622409,0.011602617850653599,-0.0005632583252875547,0.0013762700204706536,88650464.47938237,82535096.06728598,26.41998965400702,25.87313528950961,1
0.8460000000000001,fly_2,0.008011484950945148,-0.0009469114707491614,0.0013205184029245556,0.007803214740340817,-0.0010026790961767023,0.0013272286410560491,199498261.8449881,187972284.3403782,36.290214479320916,35.64375536722343,1
0.8470000000000001,fly_1,0.011576039961746396,-0.00035613909339361906,0.0013529796438258507,0.011604685436912156,-0.0005698612621538021,0.001358794048331237,89000713.61667171,82918905.27436545,26.46971324190803,25.931398905541116,1
0.8470000000000001,fly_2,0.007994854031677436,-0.0009529939272112212,0.0013296035337374286,0.007786075738097571,-0.001006952305162641,0.0013352296821101256,197818063.06083196,186565270.7542431,36.185827315154036,35.54955085005461,1
0.8480000000000001,fly_1,0.011578714262384916,-0.00035757201560522096,0.0013332853689196108,0.011604975764975552,-0.0005715016399988179,0.001342002321097817,89577804.10523292,83497750.4060024,26.54802784989406,26.016154561745118,1
0.8480000000000001,fly_2,0.007978646185086615,-0.0009621766294850767,0.001335171513755125,0.007769410460436805,-0.0010144713912055234,0.0013393194522371586,196264430.21394914,185282418.8384474,36.08755825183933,35.46202056284294,1
0.8490000000000001,fly_1,0.011590534904723244,-0.0003531490514426848,0.0013143928271218406,0.011616122386991048,-0.000567090392510961,0.0013246845373724584,89402214.00299191,83346594.73876563,26.530479028425464,26.000392887915076,1
0.8490000000000001,fly_2,0.007964318155640644,-0.0009740141173110175,0.0013364454587340734,0.007754733003500901,-0.0010250084575242468,0.0013387208126753787,194965497.39846346,184235050.2254359,36.00249059694343,35.38778438902061,1
0.8500000000000001,fly_1,0.01161047230327743,-0.00034531299043484586,0.0012970811544566906,0.01163685173414314,-0.0005591427804411059,0.0013076869311779101,88485981.96036625,82471631.70220569,26.41815879519244,25.884550668022875,1
0.8500000000000001,fly_2,0.007953288081710145,-0.0009880705110799878,0.0013329435047944832,0.0077434956372484645,-0.0010382563722981005,0.0013331569230921633,194019372.96158126,183498014.90502337,35.93624826381591,35.331455033695384,1
0.8510000000000001,fly_1,0.011635836421745876,-0.0003383463922114975,0.0012848616220750592,0.011663808508467703,-0.0005520049600929598,0.0012948172587724145,86852572.02308878,80902523.96459174,26.21142423144016,25.669987007548563,1
0.8510000000000001,fly_2,0.00794340929466875,-0.0010048242668441582,0.0013266709879231622,0.007733429136489445,-0.0010541988287569326,0.001325249097035711,193163789.37356558,182811676.40322748,35.8748388766209,35.27805725355897,1
0.8520000000000001,fly_1,0.011664369031789749,-0.00033462108941816374,0.0012802923287053656,0.011694369062582016,-0.0005480527253498248,0.0012891507090752924,84587643.22388503,78711590.08410244,25.91684456711079,25.362070543569384,1
0.8520000000000001,fly_2,0.007933536353188312,-0.0010236123442088011,0.0013182732784543221,0.007723322577727627,-0.0010719443582222446,0.0013158814183519259,192335224.93381074,182112699.92271775,35.81484708901455,35.22389679316224,1
0.8530000000000001,fly_1,0.011694348708446118,-0.0003360386663053747,0.0012837500390489288,0.011726570597964356,-0.0005492067930637576,0.0012910050743332577,81848402.40537722,76057781.52821416,25.549772828472683,24.9777603459159,1
0.8530000000000001,fly_2,0.007922677534643327,-0.0010430135257603937,0.001308777547775552,0.007712156318222234,-0.0010899701093135357,0.001306051256452203,191495098.48685166,181374501.2627837,35.75416442527904,35.16739169165406,1
0.8540000000000001,fly_1,0.01172468968527663,-0.0003437704236259004,0.001293901280710829,0.011759098560581334,-0.0005566629566707261,0.0012988342960973613,78814091.42942888,73129898.74480864,25.12954086425363,24.53957734211077,1
0.8540000000000001,fly_2,0.007911375820216473,-0.0010611170499664013,0.001299340306821885,0.007700515233588608,-0.0011065224988603569,0.001296566467520144,190688112.21769643,180659036.9025363,35.695254978437916,35.11219131027059,1
0.8550000000000001,fly_1,0.011754746849109312,-0.0003578746106501827,0.0013080379136939874,0.011791139905052777,-0.0005704855793601531,0.0013099503545648359,75676120.19861786,70119026.17678395,24.679582465936097,24.073143376933956,1
0.8550000000000001,fly_2,0.00790035751268576,-0.0010767719738342398,0.0012908116098469741,0.007689166187644643,-0.0011206176766414755,0.0012881070693136134,189951764.90439513,180008015.11972088,35.64022632743111,35.060797207122604,1
0.8560000000000001,fly_1,0.011784233800115331,-0.00037738646797432103,0.0013228964943826226,0.011822290595177814,-0.0005897078242156135,0.001321205932283443,72604155.63759884,67191537.61157721,24.223456338837934,23.603752323315014,1
0.8560000000000001,fly_2,0.007890028043856644,-0.001088460892447551,0.001283631352945958,0.007678544250185454,-0.0011308737964202983,0.0012809319904618672,189361638.61107832,179496993.51980993,35.59334309909816,35.017770078690134,1
0.8570000000000001,fly_1,0.011813131012327381,-0.0004003843931614209,0.0013349610860807,0.01185244512498232,-0.0006124093267316541,0.0013293607238179619,69743023.78648111,64484496.800517604,23.78430859003042,23.155391057607822,1
0.8570000000000001,fly_2,0.007880570946896438,-0.0010956261732276672,0.0012777096502153554,0.007668836717855502,-0.0011367677716786094,0.0012749671885251555,188966562.78019112,179167472.1041058,35.557407688223705,34.9856605510081,1
0.8580000000000001,fly_1,0.011841503102472879,-0.0004242020797439338,0.0013410525963074359,0.011881642700771754,-0.0006359338494611189,0.0013315654308922904,67207451.31716678,62102471.57820055,23.383424206778034,22.749367307272216,1
0.8580000000000001,fly_2,0.007875527907728783,-0.001100821699488457,0.0012762529763180052,0.0076636500080338775,-0.001141191231379859,0.0012731558030059443,188557891.04653883,178842178.7100207,35.52077494588714,34.95386731430475,1
0.859,fly_1,0.011869388220461026,-0.00044607491494118133,0.00133922244158102,0.011909921435287846,-0.0006575415203833846,0.0013261660544339102,65059343.22616869,60100640.94513924,23.035339536925072,22.400033349829716,1
0.859,fly_2,0.007872497684650263,-0.0011020200355989353,0.0012735714373822713,0.007660523580711847,-0.0011418907600609306,0.001270598129937281,188520314.83445942,178821662.38536793,35.5050439302198,34.94045801904505,1
0.86,fly_1,0.011896441768858847,-0.00046374075962670244,0.0013292646269585937,0.011936964056790957,-0.0006750046730468272,0.0013132321900277473,63318032.05511982,58493213.45232526,22.74796128622235,22.114711597258268,1
0.86,fly_2,0.007876091172521952,-0.0011100112331287589,0.0012738701428363938,0.007664163017685941,-0.0011502118738513209,0.001272491143169996,188163447.42955953,178411507.80418348,35.471452582932265,34.90367807725298,1
0.861,fly_1,0.011922246094309636,-0.00047551611258104317,0.001313010146909645,0.011962475805964129,-0.0006866350586312395,0.0012945196930041528,61939816.93247084,57241554.03710465,22.517831473608105,21.890322190312943,1
0.861,fly_2,0.007884269297058787,-0.0011284916546190837,0.001272852850253079,0.007672519426733954,-0.0011696364172975068,0.001273650903091667,187466159.3178177,177638198.4223057,35.41873655233884,34.84499973769745,1
0.862,fly_1,0.01194644399908478,-0.00048018380158927013,0.001293767149721466,0.011986304238088613,-0.0006911852010159648,0.0012732462639385787,60838335.30504267,56263759.72758247,22.3327455495044,21.71436458982902,1
0.862,fly_2,0.00789189642505421,-0.0011555946425698608,0.0012695979656185022,0.007680383239629839,-0.0011978882665558506,0.0012718245613494007,186380780.8097086,176535599.64398274,35.34397134679807,34.76619109289314,1
0.863,fly_1,0.011968811167148614,-0.00047698870554947997,0.0012754308463395537,0.012008482200389836,-0.0006878678643212979,0.0012533463385559342,59910620.49247791,55455505.33205574,22.176194306686003,21.568701955675923,1
0.863,fly_2,0.007897122298408034,-0.0011873804588773903,0.0012664823293401194,0.007685879575829738,-0.0012309607478713878,0.0012694499101207305,184900951.3011852,175096330.41600335,35.2463613990375,34.666377666273256,1
0.864,fly_1,0.01198941632610786,-0.0004660852414412263,0.001261711336617345,0.012029280634585486,-0.0006768035812849398,0.0012384701204294934,59042399.82428378,54704231.408442035,22.02851412348977,21.43248511308798,1
0.864,fly_2,0.007898486239042471,-0.0012205331781281114,0.0012653939656913338,0.007687528225377254,-0.0012654792491551274,0.0012682405665487271,183053967.101652,173355711.63114417,35.126854741321836,34.547167012125726,1
0.865,fly_1,0.012008424904108484,-0.00044851490657430706,0.0012552612301620087,0.012048957585222399,-0.0006590110906883754,0.0012311781613809215,58140719.788332924,53919222.11877201,21.87297786374197,21.28822036862499,1
0.865,fly_2,0.00789496416773875,-0.001252736160668374,0.0012662811032831908,0.007684285427316282,-0.0012990322652560009,0.001267916646249263,180962028.8011311,171437974.3651302,34.991877865839385,34.41573695910395,1
0.866,fly_1,0.012025823479703605,-0.0004261187377632008,0.0012575839247886504,0.012067479387833813,-0.0006363221370300593,0.0012328685000242265,57150341.03068371,53046780.811609045,21.699069779593582,21.12501305224229,1
0.866,fly_2,0.007886283564394587,-0.001282742866326505,0.0012678922152355428,0.00767586680218541,-0.0013302395141178845,0.001267267237821041,178786058.957263,169490622.20323995,34.850442139703766,34.28107787690843,1
0.867,fly_1,0.012041481507564858,-0.0004007637840484403,0.0012682036447780147,0.012084625081989072,-0.0006106209831274146,0.0012431013750119045,56076634.80712728,52087892.703752816,21.50712679373567,20.94242275530875,1
0.867,fly_2,0.007872977332948023,-0.0013101420121218706,0.0012686411509292975,0.007662800253035893,-0.0013585525081356244,0.0012649594499511423,176675781.5524872,167642082.22407073,34.71139001771475,34.15142394216737,1
0.868,fly_1,0.012054903868297662,-0.0003748097832391441,0.0012857829329687709,0.01209973975547779,-0.0005842942612260518,0.0012605335236666858,54964728.76275495,51083142.02699817,21.30507419844132,20.748016519257988,1
0.868,fly_2,0.007856227010039194,-0.001335078934943543,0.0012670426922987527,0.007646259133164521,-0.0013840010387205042,0.0012598555920797028,174749748.48753256,165988610.2943276,34.58215330001917,34.03331686065802,1
0.869,fly_1,0.012065430914396847,-0.000350288782305901,0.001308073622801247,0.012112005284862608,-0.000559409546959925,0.0012829565016880535,53894826.35566489,50105582.86479448,21.10810604975315,20.55647300876992,1
0.869,fly_2,0.007837801511203566,-0.0013580047761389178,0.0012621031018638163,0.007627999610442619,-0.001406978651848917,0.001251320806105685,173086331.44950736,164588967.57617134,34.468021111458654,33.93107089335355,1
0.87,fly_1,0.012072396440116265,-0.0003287037072702815,0.0013323380521254717,0.012120626111680738,-0.0005375079467378298,0.0013077164289470075,52961753.44212067,49241330.556809396,20.935158625974452,20.38599344896291,1
0.87,fly_2,0.007819898750516831,-0.0013794227260468636,0.0012536869715448226,0.0076102078261346935,-0.001428018766205126,0.0012395562574976956,171718289.0001571,163460156.70984602,34.37157357874955,33.84628882548735,1
0.871,fly_1,0.012075406549087274,-0.00031089195283238655,0.0013556338624128466,0.012125113345409184,-0.0005194666638125499,0.0013320253828825095,52252402.73612106,48568039.897413954,20.804447532873013,20.253792309514548,1
0.871,fly_2,0.007804615992186716,-0.0013998293307503251,0.0012421917678036452,0.007594979993816655,-0.0014477167656677488,0.0012251307675047692,170644583.1239107,162594517.7146064,34.29323009348934,33.778854194868586,1
0.872,fly_1,0.012074447461658344,-0.00029664819084919826,0.0013757535405212761,0.012125448059695034,-0.0005050763130896489,0.0013536584545064995,51819903.91417274,48135479.249862015,20.727836236805786,20.17155920139331,1
0.872,fly_2,0.007794131884003794,-0.0014195442027651007,0.001228948995569405,0.007584515149149359,-0.001466596281642754,0.00120949488780172,169829890.1765188,161952875.12457037,34.23111392920181,33.726406398496394,1
0.873,fly_1,0.012070135577281198,-0.0002848449692402833,0.0013921669333054993,0.012122331041282908,-0.0004931697945185716,0.0013719694909625321,51647085.478110164,47929788.00560023,20.7028550976676,20.13726077299797,1
0.873,fly_2,0.007790179925362479,-0.0014387793713384442,0.001215895237502048,0.007580577747531609,-0.0014851345479908466,0.0011946900350068676,169206481.9044869,161464294.6118129,34.181130489952466,33.68430207325244,1
0.874,fly_1,0.012063290229820101,-0.000274029789987922,0.0014047620002834932,0.012116691345498407,-0.00048224899401325973,0.0013867447894519596,51699236.57761622,47920226.26719417,20.72293878452886,20.144771675207792,1
0.874,fly_2,0.007793623105756704,-0.0014577030586103176,0.0012052694751115143,0.0075840698876060725,-0.0015037342083196246,0.0011829061572464516,168673921.0358082,161034747.00769162,34.13695463631075,33.64622007945671,1
0.875,fly_1,0.012055299498080367,-0.0002625618400950652,0.0014142486493122425,0.012110017400724002,-0.00047062926488465715,0.0013985823211371477,51891839.37025419,48031456.860205516,20.77112547572297,20.178068716099197,1
0.875,fly_2,0.00780433416769518,-0.001476449906755534,0.0011991764092526673,0.0075949015635175315,-0.0015226683972108107,0.001176081574025186,168114254.6998336,160560859.6972434,34.09102693308536,33.6051220362003,1
0.876,fly_1,0.012047647029931633,-0.00024926035652558494,0.0014215279200713103,0.012103852225150905,-0.0004570883371289661,0.0014081099293325736,52127212.57286167,48180522.66476725,20.82773741350234,20.219382322105766,1
0.876,fly_2,0.007821352686375993,-0.0014949281930132217,0.0011990808530660498,0.007612135654733686,-0.0015418827525278402,0.0011755215878323836,167429940.229298,159958781.57200694,34.03700607269322,33.55522638250118,1
0.877,fly_1,0.012041642104862853,-0.00023377539100205672,0.0014275340308128573,0.01209953022732994,-0.0004412418328284392,0.0014157791696943066,52310476.09287895,48291378.54387894,20.873809658882752,20.25248172108222,1
0.877,fly_2,0.007842999141709155,-0.0015128951746951485,0.001205612249966908,0.007634099142873147,-0.0015610687353160902,0.0011817033706498711,166551230.60181636,159171400.8937897,33.97024028585611,33.49249106345016,1
0.878,fly_1,0.012038375041573296,-0.0002161456258506262,0.0014319923127431812,0.012098034801587752,-0.0004231878641585563,0.0014217083174961713,52387444.49430874,48309190.297896326,20.898622698980333,20.265717674869173,1
0.878,fly_2,0.007867236222877206,-0.0015298485575636772,0.0012184267100934908,0.007658740696834299,-0.0015795979844767296,0.001194216255560475,165462521.73573527,158187916.13774914,33.88948724911438,33.41596539453582,1
0.879,fly_1,0.01203849221202067,-0.00019726704441571416,0.0014342425800242264,0.012099859760713054,-0.000403874747463053,0.0014253646874943992,52335282.139203854,48213671.20446509,20.897673462057554,20.254758746879816,1
0.879,fly_2,0.007891961270025696,-0.0015450682596740302,0.001236305461907169,0.007683927054699285,-0.0015965993914768106,0.0012118546198883456,164207793.59699112,157048463.29107183,33.79736194323286,33.32818831222899,1
0.88,fly_1,0.012041999764914156,-0.00017854748837102196,0.001433503695921734,0.012104850997170706,-0.00038476397870635174,0.0014260191996532568,52169019.54208724,48020181.67579365,20.873897627700657,20.222782446962263,1
0.88,fly_2,0.007915307991641238,-0.0015577380229602406,0.0012573890864885078,0.0077077531895923534,-0.001611112324001148,0.0012328182887476158,162883174.65720707,155838449.77413297,33.70001862417007,33.23494184499897,1
0.881,fly_1,0.012048563214166821,-0.00016086390895014518,0.0014298772491311619,0.012112617793364297,-0.0003667537473663369,0.001423719222858948,51902253.60097091,47742748.45558265,20.829860438745783,20.172624836457718,1
0.881,fly_2,0.007935969447860167,-0.0015669922884548949,0.0012794238914365912,0.007728872752806857,-0.0016221655140035444,0.0012549614703108085,161630091.6003297,154681745.7626738,33.60688904786316,33.144941219015806,1
0.882,fly_1,0.01205748034349818,-0.00014455758745683778,0.0014236135978131933,0.012122509587502498,-0.0003501705924468125,0.0014185120715709838,51566713.37691614,47412339.27270204,20.771738709787343,20.110763524932054,1
0.882,fly_2,0.007953304474880896,-0.001572201184586633,0.0013002776185369427,0.007746620217160532,-0.0016290711262663957,0.001276215962095566,160590519.3944617,153704404.69631797,33.527768826312396,33.06734558187942,1
0.883,fly_1,0.012067809894336902,-0.0001293866561833843,0.0014149928627553037,0.012133722701416409,-0.0003347317440564659,0.0014104726065593512,51207228.40991263,47069649.52420434,20.708433852227966,20.045880146806972,1
0.883,fly_2,0.007967515680565716,-0.001573142534328634,0.0013183869008023107,0.007761194012106086,-0.0016316110525720678,0.0012950558599932741,159872362.59553376,153002238.0044493,33.47035220582937,33.00934429946596,1
0.884,fly_1,0.012078196048567238,-0.0001150387059843514,0.0014045333625602118,0.012145053341078432,-0.0003200777975013993,0.001399993609844848,50883887.268940814,46767162.19635851,20.652125006049406,19.98939720417514,1
0.884,fly_2,0.007979424316075526,-0.0015700409437976765,0.0013327538734398108,0.007773425950017048,-0.0016300532289383804,0.001310511239148672,159538568.04747814,152630280.76782048,33.439260911558534,32.975203465515236,1
0.885,fly_1,0.012087546702585413,-0.0001008855820288582,0.0013936205469676944,0.012155542902572859,-0.0003055379638590894,0.00138857521593185,50621142.88627549,46521262.94419426,20.607915552638648,19.945020570671275,1
0.885,fly_2,0.007990355791869033,-0.0015637257046625175,0.0013435036180796407,0.007784673850025093,-0.0016253017742720304,0.0013226502630131005,159564202.3507404,152567684.77978605,33.43291035091539,32.96355494719643,1
0.886,fly_1,0.012094988309049488,-8.657635518099779e-05,0.0013835439775815388,0.012164379372863654,-0.00029073889845697014,0.0013777068419307472,50434377.64273403,46340700.00666791,20.579101192100577,19.914807854805233,1
0.886,fly_2,0.008001964961646115,-0.0015556677044166584,0.001351653640260717,0.007796628706817991,-0.0016189022607580887,0.001332419574017648,159841577.62188116,152719655.42883927,33.44384350791043,32.96750408893482,1
0.887,fly_1,0.0120988699488135,-7.261247114331967e-05,0.001373930591380397,0.012169923061082229,-0.0002761702991156531,0.0013670602293161338,50420220.646009564,46311958.48016977,20.585678757217597,19.91792839373864,1
0.887,fly_2,0.008015257728490334,-0.0015475082275722947,0.0013587985631189773,0.007810369332328439,-0.0016125462805196013,0.0013408449352457265,160205465.84348443,152963531.95630684,33.46062740700462,32.97808766218783,1
0.888,fly_1,0.0120977350612533,-5.949942770233705e-05,0.0013638838963807996,0.012170705813911789,-0.00026233524911287344,0.0013558567688779417,50678650.09594632,46523820.705004916,20.648195409707178,19.973963762946468,1
0.888,fly_2,0.00803079422482358,-0.0015406478009417138,0.0013653957609429217,0.007826418212784486,-0.00160758811836314,0.0013486334349320454,160555051.71178102,153197397.8628536,33.47633611110919,32.98789854778593,1
0.889,fly_1,0.012091814119087317,-4.9099811716115295e-05,0.001354552544786705,0.012166590804979031,-0.00025124321156430043,0.0013457191359515295,51172292.56738019,46943912.44100496,20.758505521133763,20.075426484549297,1
0.889,fly_2,0.008048419804725244,-0.0015361776623514804,0.001371182845540914,0.007844562325297712,-0.001605002439610159,0.001355794080693558,160832366.23691416,153357948.17212987,33.48704516200448,32.99238331712505,1
0.89,fly_1,0.012088320674912535,-4.1536842749040166e-05,0.0013466615376057551,0.012164212456927169,-0.00024327651955674895,0.001338113076285461,51497013.92402479,47208309.20811543,20.833902005863507,20.14247241939406,1
0.89,fly_2,0.00806729953467319,-0.0015347821859073888,0.0013755524039822356,0.007863918021482855,-0.0016053333137433462,0.0013617671067324669,161010325.21512926,153420610.85766917,33.49096432503276,32.98980781350639,1
0.891,fly_1,0.012098498316738614,-3.3244038359297274e-05,0.0013344687599852031,0.012174569677812882,-0.00023497342428667822,0.0013274020178468174,51178931.10437171,46893091.624155514,20.77846783310104,20.082885160778787,1
0.891,fly_2,0.008086158829701501,-0.0015365824106741387,0.001377354621269566,0.007883164944056123,-0.001608562247920856,0.001365357897245602,161120003.75254592,153417826.23389417,33.49024520520478,32.98253684279162,1
0.892,fly_1,0.012118625788453938,-2.4160484289721904e-05,0.0013204264185433625,0.01219421180476139,-0.00022611971955510148,0.0013148804834036635,50364381.82226588,46149624.59131479,20.620668044315813,19.928460762484175,1
0.892,fly_2,0.008104065887398895,-0.0015411482778146385,0.0013764790457689456,0.007901368610591044,-0.0016142288433401543,0.0013662525662215949,161176912.14020815,153373975.71147507,33.48596233251955,32.972337977596,1
0.893,fly_1,0.012144420842066938,-1.3858410164564448e-05,0.0013089633597779906,0.0122190240240421,-0.00021621105084954466,0.0013045690437018815,49195604.96002771,45114484.553439185,20.386927609394093,19.706918643838574,1
0.893,fly_2,0.008120808224589408,-0.0015478636825124687,0.001373107750886646,0.00791835019277588,-0.0016217975668649928,0.0013643863940243045,161205394.04783782,153320822.8220171,33.479777167376874,32.96150307030088,1
0.894,fly_1,0.012171876666580077,-1.3262464625960966e-06,0.0013027613254055338,0.01224514963533209,-0.0002041867170805495,0.0012995617195375939,47844171.90900393,43934349.24247917,20.110322173405066,19.448886799496837,1
0.894,fly_2,0.008136470731246355,-0.0015558397574305155,0.0013672416613325243,0.007934243402955012,-0.0016305113044038798,0.0013595083740928905,161262767.9072368,153318608.78619325,33.475571162255946,32.95436988934981,1
0.895,fly_1,0.012197824587100168,1.4666552908893835e-05,0.0013023628800283432,0.012269647964000062,-0.00018873047952612502,0.001300754870667508,46475524.38000883,42747569.7450445,19.82461312622461,19.184790487738496,1
0.895,fly_2,0.008151337805465236,-0.0015639972627402214,0.0013591486773989116,0.00794937877385694,-0.0016394294138697015,0.0013517950324116223,161407752.66143498,153421043.2855812,33.47730006241497,32.95479109837912,1
0.896,fly_1,0.01222036057462457,3.493551726299898e-05,0.0013064804356243086,0.012290834495062863,-0.00016893871903688853,0.0013069886461862842,45212933.909999296,41657065.510636106,19.5567696366166,18.938749018763573,1
0.896,fly_2,0.008166164293386232,-0.0015714297383549204,0.0013500129562298464,0.007964565447260798,-0.0016478060495798516,0.0013425229434563576,161645845.09474838,153624495.70744032,33.48529753065704,32.962467457118436,1
0.897,fly_1,0.01223889682932994,5.954852052838322e-05,0.0013128404651667552,0.012308281129958454,-0.00014467564619423116,0.001315978062898502,44121000.53216693,40715083.47788,19.32243573249353,18.72423651752956,1
0.897,fly_2,0.008181038543239693,-0.0015773437959566703,0.0013410824541679879,0.007979905516720776,-0.001654896966072828,0.0013331737617946905,161962141.36708218,153903591.13268107,33.498510533274846,32.97552805058373,1
0.898,fly_1,0.012253819617419321,8.779926194588128e-05,0.0013186091393063595,0.01232248305479316,-0.00011660038490288698,0.0013247453191348962,43222488.422709346,39938112.26179487,19.128471690572947,18.546628557851797,1
0.898,fly_2,0.008194909774880814,-0.0015803514930015608,0.0013333270538580958,0.007994313939169013,-0.0016592424425757473,0.0013250165341903498,162380613.72380668,154269614.74866638,33.51849106553644,32.99472813265114,1
0.899,fly_1,0.012266318577974333,0.0001181686076641085,0.0013212707622078145,0.01233465596057905,-8.622216655566934e-05,0.0013305416585699156,42497376.445342675,39306394.948005736,18.971889383721667,18.402411329641232,1
0.899,fly_2,0.008206984544643614,-0.001579150523879396,0.0013262414031901515,0.00800698333956376,-0.001659496714971958,0.0013175498262155668,163009288.08357662,154823189.76976335,33.55235192028096,33.02714883000695,1
0.9,fly_1,0.01227792847149158,0.0001485965280456749,0.0013189123723663715,0.012346294312243322,-5.562751732513861e-05,0.0013311674561061174,45871230.72980672,42148429.72382343,19.742738260956507,19.094350601182022,1
0.9,fly_2,0.008215749313157777,-0.001573918831934951,0.0013196454215756107,0.008016283939662435,-0.0016555507100094095,0.001310626706302287,166993024.08949134,157483052.08020502,33.805453837908914,33.207055468387495,1
0.901,fly_1,0.012290114075213795,0.00017676678492751304,0.0013108804047890841,0.012358759645306583,-2.7196225707785217e-05,0.0013256591721937682,45279567.22143968,41627113.923896626,19.621390878350127,18.980702590533635,1
0.901,fly_2,0.008222289157951281,-0.0015699203439350226,0.0013145471410214312,0.0080231327436724,-0.0016523377293465936,0.0013058504059857672,167726293.8227211,158096205.4703797,33.843942269554205,33.24215486999958,1
0.902,fly_1,0.012303978639785823,0.00020058165092371065,0.0012979505196307067,0.012372994696736046,-3.111249627225003e-06,0.001314609514647534,44713701.040200956,41121970.58478253,19.5046983631594,18.86994442258697,1
0.902,fly_2,0.008230136614972643,-0.0015799527241053793,0.0013085525565142446,0.008030890935345389,-0.0016622662380428458,0.0013009907749834092,167516221.22151026,157848234.62432846,33.82162528076506,33.21747266553177,1
0.903,fly_1,0.01232038901237522,0.00021848215486991587,0.001281922479558535,0.012389657445588884,1.4988239068899584e-05,0.0012999126535119436,44094145.00073848,40563659.44600077,19.374812293673536,18.745442326939283,1
0.903,fly_2,0.008238863988303154,-0.0016013373291563476,0.0012998897984816808,0.008039205160221196,-0.0016827658813369176,0.0012937841268973091,166636472.42765677,157008845.887209,33.75612415260227,33.15166436934958,1
0.904,fly_1,0.012339860065083903,0.00022952529228010196,0.0012654875495989226,0.012409061324246703,2.609283144405531e-05,0.001284407263530532,43344757.84863419,39886447.45573427,19.213979713395887,18.59085774017158,1
0.904,fly_2,0.008248050066934756,-0.001629365242055583,0.0012918969124489593,0.008047761691913506,-0.0017092988225776628,0.0012867272409847344,165209151.832473,155737146.3604997,33.654693155262464,33.05524661715467,1
0.905,fly_1,0.01236250003366564,0.0002336707657218926,0.0012513795252690238,0.012431186632890199,3.0134992713220698e-05,0.0012710486930070754,42413743.79644722,39044842.171947464,19.009201408447122,18.394072450818204,1
0.905,fly_2,0.008258919611272472,-0.0016593353442627124,0.001287483257829663,0.0080579017618702,-0.0017374461704951938,0.0012827865553964803,163435156.86623484,154207752.32507235,33.52959048195318,32.939838404129176,1
0.906,fly_1,0.012388001910309834,0.00023166199319931083,0.0012419420995487926,0.012455701063061595,2.7873984659593156e-05,0.0012624069049202186,41282804.54121415,38021697.636724316,18.754412737405545,18.149225660965932,1
0.906,fly_2,0.008273105236912834,-0.0016873899690617415,0.0012872397342914641,0.008071364885445522,-0.0017636585008676924,0.0012833055745602635,161604956.20935997,152633414.87632307,33.399462724151746,32.820169346097956,1
0.907,fly_1,0.012415522822838062,0.00022500396096832836,0.0012384966693639399,0.012481870930146308,2.0891937988771683e-05,0.0012601241217933662,39982487.80852555,36839450.49006368,18.454545189499136,17.8598818495269,1
0.907,fly_2,0.008291639583677382,-0.0017112327248706989,0.0012901186987714774,0.008089272891521901,-0.0017858880477100631,0.0012877019562158836,159969494.53513873,151204702.347875,33.28120971448032,32.71001441135117,1
0.908,fly_1,0.012443808902073597,0.00021526105310501765,0.0012415701352135227,0.01250857619234703,1.080638321686906e-05,0.0012647006786214471,38577297.47782188,35557240.5021331,18.122965749148555,17.539143693316653,1
0.908,fly_2,0.008314712154481516,-0.0017300218306072336,0.001294218268397714,0.008111890782723362,-0.0018034726289824841,0.0012941325773233943,158696435.8680526,150057257.72855854,33.18678211501063,32.61967429771414,1
0.909,fly_1,0.01247159117980593,0.00020364297240092302,0.0012507496251633274,0.012534647088524978,-1.1661421299015569e-06,0.0012754217743906452,37143737.22113816,34249784.40187767,17.77705713028274,17.205157983835967,1
0.909,fly_2,0.008341730350099675,-0.0017440847684600583,0.0012973038554066395,0.008138679431110832,-0.0018168405482068377,0.0013002119093959822,157869494.93042296,149262681.21750224,33.122611550473025,32.55495378566101,1
0.91,fly_1,0.012497328079673397,0.00019130139824384527,0.001264897060771084,0.01255864084118297,-1.3875986998431978e-05,0.001290868618829717,35772366.935920045,33003484.567446012,17.439314002487254,16.880703379503544,1
0.91,fly_2,0.008371215352779467,-0.0017546389527589288,0.0012975600899635795,0.008168174930184971,-0.0018272160711583446,0.0013037797880483442,157472286.0827483,148815266.36564702,33.08806362429976,32.51585388369737,1
0.911,fly_1,0.012519477327590133,0.00017910692215048976,0.0012825263614125377,0.012579105549438809,-2.645873238178917e-05,0.0013093362999179023,34546875.50567868,31896696.36955027,17.13232258645724,16.588111843287557,1
0.911,fly_2,0.008401127904403546,-0.0017634059152955475,0.0012937351959104182,0.008198306479021013,-0.001836245448285923,0.0013031907660318908,157416181.46585009,148650933.98863554,33.07719200668951,32.497818458668846,1
0.912,fly_1,0.012536842536256653,0.00016750848831656456,0.0013019564979814726,0.012594905708490822,-3.847308757165687e-05,0.001329008196476965,33529149.2637508,30986660.375106353,16.874427010168176,16.345206950972027,1
0.912,fly_2,0.0084291530413144,-0.0017722365174810632,0.0012854814169281086,0.008226680104364276,-0.0018456273687499623,0.0012977300380585682,157550461.89923322,148654062.78223383,33.079539410263486,32.492280997595195,1
0.913,fly_1,0.012548790076399481,0.00015660198980699274,0.0013213897519168771,0.012605452132784158,-4.983840531363323e-05,0.0013479097556023966,32754657.8377359,30306977.48384956,16.677615983543546,16.163754778107965,1
0.913,fly_2,0.008453147002470721,-0.001782658078347049,0.0012736550111495562,0.00825104709431599,-0.0018567041849032325,0.001287949667301438,157682153.8744996,148672314.65453646,33.08170191081321,32.48788907299809,1
0.914,fly_1,0.012555616465656439,0.00014588153841593534,0.0013389690168141943,0.0126110217284666,-6.106407916679464e-05,0.001364174257995737,32223881.381034207,29858004.147529814,16.544334632768752,16.04594557875742,1
0.914,fly_2,0.00847144243518492,-0.001795910378360573,0.001259890777413413,0.008269631841217852,-0.0018704815052382326,0.00127548459559997,157600189.46019253,148527618.59123847,33.0690994030642,32.47139639837691,1
0.915,fly_1,0.012558214732897305,0.0001347364870676151,0.0013540971324801346,0.012612423056322207,-7.274021326300357e-05,0.0013774725994949494,31900011.12413477,29604212.921277016,16.466225364811606,15.983069203209975,1
0.915,fly_2,0.008483102441964702,-0.0018128015194842344,0.0012463695550538733,0.008281418473965215,-0.001887552283887539,0.0012627230329678584,157107045.51022625,148045331.68513358,33.028048412526076,32.42975545797747,1
0.916,fly_1,0.012558526787203825,0.00012231167816939773,0.0013670748058158717,0.012611486850200233,-8.572159956852356e-05,0.001388262610039388,31698318.1692858,29467453.354944382,16.421042120283694,15.953453458334177,1
0.916,fly_2,0.008487966946799175,-0.0018335934958839458,0.0012354210859844559,0.008286205180517661,-0.0019080355788914176,0.0012522169756975004,156058034.38927165,147095099.18435287,32.94818275340555,32.352930345631115,1
0.917,fly_1,0.01255870000765097,0.00010805688440298643,0.001378459222867291,0.012610288418064608,-0.0001005526118103532,0.0013972275463777044,31526233.978330754,29361511.49928131,16.38375325684432,15.932573477438993,1
0.917,fly_2,0.008486692301664775,-0.0018579825426743562,0.0012290394910188227,0.00828465628046052,-0.0019315879501498711,0.0012462216356200553,154395369.733244,145617724.86803356,32.82455269162911,32.23568584462343,1
0.918,fly_1,0.012560510985901191,9.193718466354786e-05,0.00138867609852925,0.01261059996843985,-0.0001172503382096562,0.0014048998486874344,31309126.71418865,29215310.240358725,16.333872898253908,15.899977692797622,1
0.918,fly_2,0.008480649548824154,-0.0018850010216016132,0.0012283366420003164,0.008278212467492883,-0.001957339671319233,0.001246165938842543,152181886.77422965,143652011.24669027,32.660077636209834,32.07965862411544,1
0.919,fly_1,0.012565106396135619,7.45197179089566e-05,0.0013977029730874396,0.012613559316986104,-0.00013520602785114461,0.00141180836188771,31004373.520065926,28982621.02421277,16.25944247793145,15.842162096771633,1
0.919,fly_2,0.008471414714648143,-0.00191323180099212,0.0012334988601767143,0.008268529330589155,-0.001984035591799857,0.0012523636450753506,149569691.52946603,141321884.78584266,32.46391435511543,31.892845828146722,1
0.92,fly_1,0.012573061050479175,5.659234855725852e-05,0.0014052269354442983,0.012619840262499666,-0.0001536303431424535,0.0014174605442352525,30597199.153300047,28649769.504807808,16.15595085836152,15.754817065198145,1
0.92,fly_2,0.00846036936866832,-0.0019410985969080647,0.0012440450803878913,0.0082570286117401,-0.0020102367018414737,0.0012641447068733698,146747399.60192218,138799268.83375183,32.24839885396652,31.687421681347164,1
0.921,fly_1,0.012584454838859511,3.9221706982271645e-05,0.0014107214952673315,0.012629666854997241,-0.00017144199600206128,0.001421124081891382,30095937.84897717,28224131.686856896,16.02515002348601,15.63959794784377,1
0.921,fly_2,0.008448600079503184,-0.0019669776573622132,0.0012589075582131644,0.008244811462033689,-0.002034425845264937,0.0012801790721529767,143918159.6371585,136273380.58534664,32.02799278637197,31.47789244062021,1
0.922,fly_1,0.012598930902851024,2.3436601038226798e-05,0.0014139536387625933,0.01264279933049594,-0.00018759423966004384,0.001422502398726743,29521383.639662184,27723915.415697858,15.872277346472881,15.501300377142126,1
0.922,fly_2,0.008436838522148025,-0.001989427087461763,0.0012766600866388823,0.00823260372838813,-0.002055237845663186,0.0012987650428611345,141267403.4413802,133919267.4265334,31.817090232858966,31.278796684444742,1
0.923,fly_1,0.012615829386853053,9.811838676303066e-06,0.001414741142499565,0.01265860533568333,-0.00020150739864979505,0.0014215186128511332,28903836.64380697,27176383.508051924,15.705424127925438,15.347509485806185,1
0.923,fly_2,0.00842535466650845,-0.002007290879635717,0.0012956981215549418,0.008220660650727405,-0.002071558898474215,0.001318092710740369,138948629.18575075,131881989.98851004,31.62873939127926,31.103230321040847,1
0.924,fly_1,0.012634404006202443,-1.6678132123250576e-06,0.0014125883179780241,0.01267625791307702,-0.00021321275759293463,0.0014179290064279925,28278617.369311783,26614297.03807111,15.534441063386785,15.187715697107903,1
0.924,fly_2,0.008414099485333074,-0.002020036132131033,0.0013145294287896614,0.008208920968309929,-0.0020828666353700422,0.0013365666695810145,137052531.60078916,130247512.64741436,31.471693760878633,30.959903680100773,1
0.925,fly_1,0.012653742162200584,-1.1523046081951236e-05,0.0014070454957530486,0.012694699766400974,-0.00022326356400890742,0.0014115135706146845,27682683.046634704,26073626.832997873,15.370070140154644,15.032747572038438,1
0.925,fly_2,0.008402688077277828,-0.002027927731760274,0.001332096866574304,0.008196993402463366,-0.002089390353805106,0.0013531582722996498,135587725.6183509,129024517.11312924,31.34815683368259,30.85092522359899,1
0.926,fly_1,0.012672648890631749,-2.0444256378940456e-05,0.0013983725355823035,0.012712600268409572,-0.00023238121657775306,0.0014026326156427282,27149902.05047984,25588664.64620451,15.222567968271882,14.89331939371688,1
0.926,fly_2,0.008390589879181358,-0.002031801354893843,0.0013475312565671338,0.008184344234873816,-0.002091915225443965,0.0013670400427526347,134516283.93584627,128179408.4967712,31.256176794349578,30.77438206890102,1
0.927,fly_1,0.012689889049205389,-2.8965933115326026e-05,0.0013876533193759903,0.012728653701119745,-0.0002411150916127048,0.0013922979159777932,26703153.07777112,25183714.07778191,15.09924633781544,14.777380641775492,1
0.927,fly_2,0.008377381549550447,-0.0020331063738928423,0.0013608358164624282,0.00817056035833684,-0.0020918291617461494,0.0013783904460085497,133723011.21856843,127603254.26350373,31.18691240320743,30.721290096205923,1
0.928,fly_1,0.012704202274441424,-3.796941726365853e-05,0.001375514350995419,0.012741512316138192,-0.00025035943691576016,0.001380989413328026,26370994.514597304,24888937.021588176,15.009262862675302,14.694859518418234,1
0.928,fly_2,0.008362752919622156,-0.0020338470540372136,0.0013724010590609138,0.008155343096549805,-0.0020910832706621135,0.001387786661627728,133043088.38130957,127140227.58230436,31.126900366613473,30.67811164702014,1
0.929,fly_1,0.012714226373175767,-4.837818073793819e-05,0.0013620090380683917,0.012749735516815798,-0.00026104482204680085,0.0013686072468510702,26191748.255433872,24743227.758937277,14.96478011819468,14.658482519647041,1
0.929,fly_2,0.008346609682906469,-0.002036159652844794,0.0013821575429839115,0.008138620784569376,-0.0020917076897889364,0.0013958165959143144,132331202.7128036,126635522.29475042,31.063971822385334,30.631131599278284,1
0.93,fly_1,0.012718993667451571,-6.0043513993530735e-05,0.001348147662470538,0.012752467183455636,-0.00027300400668723847,0.0013558215301237764,26181716.059608176,24762934.89884928,14.97120697028769,14.673794234971401,1
0.93,fly_2,0.008329277212135769,-0.002041394206504354,0.0013902039512442782,0.00812071470921756,-0.0020951296626181867,0.0014022753678766219,131495604.26906967,126012552.51152793,30.990248550131973,30.57343163718208,1
0.931,fly_1,0.012717946837623414,-7.030191882701228e-05,0.0013372214975933315,0.01274969901477166,-0.0002835010357646058,0.0013455564691084285,26323104.094382495,24923754.735857114,15.02331403252764,14.73326109378062,1
0.931,fly_2,0.008311637622996053,-0.002049993144346622,0.0013965477783349136,0.008102529015359785,-0.002101921841897677,0.0014069658659642721,130516218.16937885,125254641.32742289,30.9037907426426,30.50334769462779,1
0.932,fly_1,0.012722289230176308,-7.562959170723187e-05,0.0013285437463761555,0.012753249372934013,-0.0002889632344036,0.001336402653494935,26267134.405342303,24890774.740981746,15.015856418179876,14.732067185226523,1
0.932,fly_2,0.008294675503025394,-0.0020619822369810957,0.0014008116885153336,0.008085077975163025,-0.0021122314067129368,0.0014094969186230933,129418914.27029982,124380411.33261281,30.806549363444788,30.42235008297873,1
0.933,fly_1,0.012737954354572709,-7.47957565435462e-05,0.0013174822461175214,0.012769206788604727,-0.000288125112377232,0.001324220738043742,25878844.934727315,24527487.147863917,14.907545790085443,14.627007842935015,1
0.933,fly_2,0.008279332169217562,-0.002076918497515178,0.0014029103295214206,0.008069326262300034,-0.0021257118786890514,0.001409857341839551,128245187.55010861,123421343.35000478,30.70188363653354,30.333097819527794,1
0.934,fly_1,0.012762048422371743,-7.157035657343261e-05,0.0013075422707033196,0.012794192602085024,-0.00028480675482434547,0.0013128832573461777,25220750.39191519,23897679.488537997,14.715529863173437,14.4363709744712,1
0.934,fly_2,0.008266131306061422,-0.0020940996129173457,0.001402945010288178,0.008055802153383612,-0.002141690741768398,0.0014082617720186327,127039926.952582,122414106.05952291,30.59356848695514,30.238795699382297,1
0.935,fly_1,0.012791403453130491,-6.960968032438884e-05,0.0013021296120435978,0.012824694832536612,-0.00028270617945621635,0.0013057492918329794,24371469.1019014,23081221.50173122,14.46153776287998,14.183188418360398,1
0.935,fly_2,0.008254972179845872,-0.0021128392676396305,0.0014006656703250304,0.00804438437426824,-0.0021594029913365883,0.0014046821045956882,125855685.2071394,121403443.30525714,30.486215238221522,30.143505772414883,1
0.936,fly_1,0.012823060176676613,-7.100973333399447e-05,0.0013028363597693072,0.012857642854287454,-0.0002839250852440224,0.0013044572536814322,23421753.28965398,22164527.705391288,14.171734990200846,13.893258643636988,1
0.936,fly_2,0.008245386995046823,-0.0021322043567705497,0.0013955590636633803,0.008034572020996686,-0.0021777918139367814,0.001398778758080203,124767044.44666456,120458673.77953506,30.38661456641907,30.053749080590528,1
0.937,fly_1,0.012854901302859895,-7.716631456549088e-05,0.0013092540441517221,0.012890817266150875,-0.00028986618579470233,0.0013086672505435947,22448838.914534826,21221903.48812571,13.869398209365439,13.58973889035434,1
0.937,fly_2,0.008236739299748053,-0.002151013854545337,0.001387664369199407,0.008025698935372791,-0.0021955650650460046,0.0013906122861017153,123837976.48385096,119644834.39056972,30.300825220825555,29.975845156644095,1
0.9380000000000001,fly_1,0.012885756071446689,-8.856173895861277e-05,0.0013195693592162815,0.01292294347353031,-0.0003010226332035164,0.0013165691076088917,21505894.092639454,20306421.730433486,13.571458180158844,13.290085104714086,1
0.9380000000000001,fly_2,0.008228540293464266,-0.002168062716816184,0.0013778391047197104,0.008017262278734814,-0.002211454331516872,0.0013810491253471008,123101363.07530108,118996722.52592185,30.23219133697589,29.91336611980095,1
0.9390000000000001,fly_1,0.012915200530587133,-0.00010478511003598344,0.0013309238139438226,0.012953491558544791,-0.0003169967685662646,0.0013253073089314685,20626760.41288916,19453274.780594613,13.289528956503332,13.00672849767591,1
0.9390000000000001,fly_2,0.008220301058008547,-0.0021822103619378464,0.0013669258370515793,0.00800877039210455,-0.0022242984364735678,0.0013707868383295487,122589060.16351396,118551070.54366271,30.183962970193825,29.870085567879222,1
0.9400000000000001,fly_1,0.01294332935411194,-0.00012452022427962298,0.0013402007291994278,0.012982473654920189,-0.00033648371961123084,0.0013317902400447285,19828983.8669478,18681730.7437824,13.030393778854823,12.747250241208896,1
0.9400000000000001,fly_2,0.008210972931558156,-0.0021922687921030336,0.0013547841548884752,0.007999160101389359,-0.0022328171773838765,0.0013595474934006814,122373948.59379338,118384257.50494635,30.163125043038065,29.853548753955756,1
0.9410000000000001,fly_1,0.012970503034167497,-0.000145762404542413,0.0013446123317181937,0.01301019602802562,-0.00035749012898601834,0.0013333263710903977,19118853.9016658,17999358.69613534,12.797268523207084,12.515411371302264,1
0.9410000000000001,fly_2,0.008200417363390076,-0.0021973584351437417,0.0013419075703763428,0.007988305744650929,-0.002236193653881779,0.0013475664526163978,122490112.65953991,118533718.15315121,30.17293337907677,29.867423933668988,1
0.9420000000000001,fly_1,0.012996912528020585,-0.00016621127402923576,0.001342201111962462,0.013036833224371361,-0.0003777297035528551,0.0013281359798439384,18499843.077451196,17409687.477601632,12.592426700104255,12.313574794794746,1
0.9420000000000001,fly_2,0.008190685014600468,-0.002196907756439967,0.0013311810230932216,0.007978327894895441,-0.002234297041639148,0.0013373479534203008,122874810.77305883,118934422.51006615,30.20746125793833,29.90531379231691,1
0.9430000000000001,fly_1,0.013022572436143437,-0.0001837113476755809,0.0013326007704343248,0.013062414454081336,-0.0003950656243168932,0.0013160623509559002,17967762.954167,16908248.72941762,12.415418045555324,12.14116007787457,1
0.9430000000000001,fly_2,0.008185503492852205,-0.002200216311168265,0.0013243195322228036,0.007973031432968437,-0.00223697080773629,0.0013303417176700383,122893598.3765238,118982884.7669893,30.20818631871904,29.90937535186155,1
0.9440000000000001,fly_1,0.013047345740325225,-0.00019637046425284867,0.0013171985237055506,0.013086913788667042,-0.00040758999668494023,0.001298431141459513,17510575.715092555,16483233.992701266,12.262859826477328,11.994736593230112,1
0.9440000000000001,fly_2,0.008187096441370636,-0.002215291611341771,0.0013155279709443175,0.007974684705378012,-0.002252483124690604,0.0013209668783900614,122269816.13470826,118401262.52965038,30.149619018683133,29.853045337356026,1
0.9450000000000001,fly_1,0.013071043644097396,-0.00020285458892316895,0.001298544538371832,0.013110284305880638,-0.00041394227242207447,0.0012777191619128161,17111405.612065367,16117622.319734737,12.129412268914004,11.868721366745905,1
0.9450000000000001,fly_2,0.00819197592736815,-0.002239577985710863,0.0013070271213929767,0.007979734802516555,-0.0022778534405360246,0.0013115249482502727,121060461.53804998,117256161.2059407,30.0361999187346,29.741933300543444,1
0.9460000000000001,fly_1,0.01309356441470441,-0.00020211586536507652,0.0012799963942169608,0.013132640431802046,-0.0004130476851575619,0.0012573608413499247,16748931.094746906,15787983.09260001,12.007896898303102,11.7549155797741,1
0.9460000000000001,fly_2,0.008196038219985128,-0.0022697876977920625,0.0013023241595460588,0.00798401351623366,-0.002309378448438918,0.0013054279361329434,119330453.1873798,115626084.65245429,29.87238914018567,29.582135955572596,1
0.9470000000000001,fly_1,0.013114939530406076,-0.00019385711919366614,0.0012649810632525773,0.013154217616077454,-0.0004045828912531443,0.0012408270378590873,16400743.398236006,15469918.021479037,11.890495505917386,11.644499098352036,1
0.9470000000000001,fly_2,0.008196985327402437,-0.002302664080924242,0.0013032635086674264,0.007985211936790533,-0.0023436748047875643,0.0013045625559047426,117228882.02590504,113650229.58974004,29.67034376628444,29.38551597145405,1
0.9480000000000001,fly_1,0.013135244197165875,-0.00017880503612429903,0.0012563164827246126,0.013175200071956349,-0.0003892533616534329,0.0012308888143593795,16048400.021158896,15144232.458127432,11.77059986958707,11.530358415116696,1
0.9480000000000001,fly_2,0.008193297564275226,-0.002335742448115435,0.0013095901819487434,0.007981804187984146,-0.002378185476657659,0.0013087673332722381,114937283.9579525,111496217.06294836,29.44592485030648,29.16731535484956,1
0.9490000000000001,fly_1,0.01315451692314297,-0.00015831409911374496,0.0012554115403002198,0.013195632169770512,-0.00036840952168841246,0.0012289354024642585,15682985.708969064,14801780.281541307,11.644901094799273,11.408977457588872,1
0.9490000000000001,fly_2,0.008184370168146788,-0.0023675457467008235,0.0013195834950087222,0.007973174509901705,-0.0024113359657295438,0.0013163668783663634,112622464.22394308,109321932.54600516,29.214703772927262,28.942856323725493,1
0.9500000000000001,fly_1,0.013172524933213319,-0.0001343571208107502,0.0012625296257629788,0.013215190830849502,-0.0003440333690702199,0.0012351978116718384,15307089.222363073,14445431.72710882,11.514236861260748,11.28130371341426,1
0.9500000000000001,fly_2,0.008170469364257,-0.0023974594981442865,0.0013304315903492983,0.007959572911560301,-0.002442402726422237,0.001324572542757264,110425010.01546502,107263542.9302268,28.990891240208263,28.72640496338163,1
0.9510000000000001,fly_1,0.013188746112633955,-0.00010926575489002174,0.00127678001984778,0.01323320119757073,-0.00031848166244423105,0.0012487802802719726,14934375.14467328,14089004.620491996,11.383588158466036,11.152499554691182,1
0.9510000000000001,fly_2,0.00815280183967572,-0.002425469453971861,0.0013390745291474535,0.007942190967172125,-0.0024712833402351776,0.0013303748638948923,108446772.91558988,105420355.60491104,28.785788149894234,28.529332006333586,1
0.9520000000000001,fly_1,0.013202436701503839,-8.514539513604508e-05,0.0012962084134486537,0.013248758011721663,-0.000293900119013798,0.0012677947293297629,14587196.747652445,13754286.37709846,11.261341741782557,11.030950439402638,1
0.9520000000000001,fly_2,0.008133300758538806,-0.0024518869382295916,0.0013427951712929164,0.007922943985933338,-0.002498228773099365,0.0013312193980273997,106750358.36864845,103851216.64148748,28.60723739320569,28.35924020688908,1
0.9530000000000001,fly_1,0.013212625827268194,-6.37735828025064e-05,0.0013186465197589693,0.013260756427790248,-0.0002721027969291127,0.001290117240035191,14291675.575464435,13466415.156131787,11.157536376857303,10.926569164924748,1
0.9530000000000001,fly_2,0.008113911357367339,-0.002477070525849485,0.001339994940634175,0.007903759975704331,-0.002523557061016641,0.0013256097120971778,105353412.5936796,102574098.8616963,28.458496754574227,28.219410242117686,1
0.9540000000000001,fly_1,0.013218780115873527,-4.595576704855012e-05,0.0013410654789477792,0.013268565798190461,-0.00025395051104689064,0.0013129388319367533,14069540.091662746,13245406.17245015,11.08075785589722,10.847482114681897,1
0.9540000000000001,fly_2,0.00809708464190162,-0.002501300892687313,0.0013301248445672935,0.00788706910470986,-0.0025475720827147726,0.0013132729284067786,104243843.1572499,101572599.61434051,28.33946033451203,28.109131031105633,1
0.9550000000000001,fly_1,0.013220731683758601,-3.1799210750392186e-05,0.0013610618242326695,0.01327197407529244,-0.0002395700714165655,0.001333913661592981,13933022.669956762,13102711.592697341,11.036062723303127,10.798550271978105,1
0.9550000000000001,fly_2,0.008084586732618915,-0.0025245939811122994,0.0013146453736840834,0.007874650597135673,-0.002570385153023941,0.0012956316007786263,103363835.87857142,100793145.52575064,28.244686927919165,28.023169094185363,1
0.9560000000000001,fly_1,0.013218815602059904,-2.029884189658616e-05,0.0013776629128552413,0.01327137957387269,-0.00022792451291822762,0.0013519696147629703,13879556.392250072,13035777.496972734,11.022805497740832,10.779096187589237,1
0.9560000000000001,fly_2,0.008077870108368293,-0.002546884111854868,0.0012962723484976628,0.007867992182338199,-0.0025921034115429465,0.00127534373010545,102628927.7054189,100154121.11441568,28.165379172022018,27.952725522521682,1
0.9570000000000001,fly_1,0.013213649768299938,-1.01711608378652e-05,0.0013907214637844628,0.01326749490881307,-0.00021768618536709532,0.0013668519978387221,13898867.899639215,13034607.765068967,11.037255517095492,10.785392041478042,1
0.9570000000000001,fly_2,0.008078212706577718,-0.002568089590735163,0.0012783066362617723,0.007868410145555194,-0.0026129023030844454,0.0012558068103275353,101946795.26224247,99558273.28614217,28.091507469778485,27.886883014915348,1
0.9580000000000001,fly_1,0.013206498925643332,2.746332777378638e-07,0.0014008602274819672,0.01326169314971723,-0.00020711523326602944,0.001379075442639803,13966517.459628187,13076104.566792406,11.070152207466116,10.808447513372077,1
0.9580000000000001,fly_2,0.008086045772194503,-0.0025882993718543434,0.0012640886713909385,0.007876376241626262,-0.0026330929880251206,0.0012403451276701751,101220216.1197891,98906980.63330686,28.012198092901897,27.81428862136192,1
0.9590000000000001,fly_1,0.013198804790392732,1.2551590561409608e-05,0.00140881873576746,0.01325548473609234,-0.00019466538754797657,0.0013893240260880555,14054357.41594896,13134063.197795153,11.110758890719035,10.837984142583892,1
0.9590000000000001,fly_2,0.008100888562346571,-0.002607637221396577,0.0012562290334227875,0.007891438500345425,-0.0026529285996533293,0.0012315126714311675,100372668.67491415,98124452.70809148,27.918625251058327,27.725962595847626,1
0.9600000000000001,fly_1,0.013192009409645867,2.7336783823874618e-05,0.0014151327889647494,0.0132502891405263,-0.00017964923856748403,0.0013980507671321675,14134622.457740352,13183762.854700895,11.148483763790916,10.86428853841501,1
0.9600000000000001,fly_2,0.008121326662672259,-0.0026260860537182175,0.0012563807715251134,0.00791219731775578,-0.0026724011931321275,0.001230858998023754,99360902.17770159,97170986.15899105,27.805468525851367,27.616866357186485,1
0.9610000000000001,fly_1,0.013187341266099531,4.452697810881704e-05,0.0014200106107098993,0.013247252016178608,-0.00016217772889300043,0.0014053340274891414,14184390.480667518,13205787.846086208,11.174592831630404,10.879724185657787,1
0.9610000000000001,fly_2,0.008145596592802978,-0.002643488935034522,0.0012644659916962264,0.007936876744290692,-0.002691271845056403,0.0012383058251518274,98194243.30519614,96056583.18629293,27.673246191307953,27.487619035230328,1
0.9620000000000001,fly_1,0.013185712755991348,6.333139812730567e-05,0.0014235877525719176,0.013247206004264784,-0.00014303946119129893,0.0014108918946779787,14186609.740975747,13187202.574558781,11.182573881208658,10.879175958951237,1
0.9620000000000001,fly_2,0.008171387492485872,-0.0026593454648475164,0.0012795313944991191,0.007963141162717699,-0.0027088855403489646,0.0012528708801721798,96923239.59191215,94833103.76828301,27.527284586785864,27.343837530331403,1
0.9630000000000001,fly_1,0.013187311385264053,8.24673877511983e-05,0.0014248818029961312,0.013250201481290113,-0.00012358001614669285,0.0014138891174483247,14143544.07168942,13130706.28263439,11.173239646689893,10.863644957479078,1
0.9630000000000001,fly_2,0.00819652248906383,-0.002672939859308976,0.0012996146355721983,0.007988771736188742,-0.0027243570309744445,0.0012726436306866112,95637607.38063821,93587808.88126582,27.37782049432303,27.195701595714194,1
0.9640000000000001,fly_1,0.01319194043354588,0.00010098132145453407,0.0014234537293495166,0.013255966547084913,-0.00010479406714613639,0.001414036606747014,14061719.039120808,13042202.582402665,11.14900046298939,10.835377658756425,1
0.9640000000000001,fly_2,0.008219229701501303,-0.00268347534230633,0.0013222310277632796,0.008011951326407248,-0.002736742292075781,0.0012952154165836824,94446256.016854,92424788.50248894,27.237940507582156,27.055987293576326,1
0.9650000000000001,fly_1,0.013199159368500484,0.0001184536908200895,0.0014193966159095131,0.013264089279945773,-8.70978155861512e-05,0.0014113828290011465,13949078.600381307,12928604.705749994,11.112802593345615,10.797020945059352,1
0.9650000000000001,fly_2,0.008238154301482857,-0.0026902199749932834,0.0013448013403378769,0.008031273856262202,-0.00274518814484148,0.0013181458032841204,93457922.68805856,91445777.38572036,27.12132472581714,26.937771550850847,1
0.9660000000000001,fly_1,0.013208176226553509,0.00013474468270583597,0.0014128052395346092,0.01327388380367643,-7.059565990003617e-05,0.0014057771548795371,13819354.599175394,12802082.483805299,11.06983915355876,10.753332835775666,1
0.9660000000000001,fly_2,0.008253333684529547,-0.002692882317529532,0.0013645538918985835,0.008046750993676282,-0.002749370227874419,0.0013387809644072734,92761733.35596706,90731909.25110726,27.039671515464285,26.851960385045267,1
0.9670000000000001,fly_1,0.013217879566762413,0.00015008029233129185,0.0014040093337538016,0.013284388478222999,-5.501580166658088e-05,0.0013973992740018528,13689816.272408105,12677177.400079388,11.026732308797307,10.710075744602822,1
0.9670000000000001,fly_2,0.008265158670795187,-0.002691362725091168,0.0013803640801000401,0.008058799603018356,-0.0027492186135255384,0.0013558657681882285,92393154.45098041,90318122.95625152,26.998100698006873,26.803690983554475,1
0.9680000000000001,fly_1,0.01322706271646392,0.00016488863052675247,0.001393963765562352,0.0132945489691658,-3.9882954670307476e-05,0.0013872006628038477,13575427.865336545,12565769.914731085,10.989295393781248,10.672019466692465,1
0.9680000000000001,fly_2,0.008275005922799426,-0.0026862360842021724,0.001392270421204444,0.008068841951755388,-0.002745414966353625,0.0013693398102784546,92319508.95998472,90172464.38013679,26.992986708869054,26.789358925270747,1
0.9690000000000001,fly_1,0.013234939373465721,0.00017985729035537238,0.0013842145287681455,0.013303698529527673,-2.4471094673010964e-05,0.0013768915856356872,13480736.914638732,12470089.001862807,10.959352523590729,10.64010817931496,1
0.9690000000000001,fly_2,0.008284897303431345,-0.0026788031689097824,0.0014012049365058825,0.00807894665580867,-0.0027393876725265356,0.001380100798710344,92444358.257879,90201504.8029723,27.012450153724686,26.79722327224013,1
0.9700000000000001,fly_1,0.013239901071952914,0.00019450091022695713,0.0013746959200598074,0.013310252451953646,-9.248851747953091e-06,0.0013664343346223404,13432634.973839514,12414234.813342351,10.947463933352847,10.624107477588526,1
0.9700000000000001,fly_2,0.008296531362678888,-0.0026706263741069773,0.0014082016307381585,0.008090845478786286,-0.002732768257398093,0.0013891427882986777,92654504.95603758,90298570.74928974,27.04240101291161,26.81370850268076,1
0.9710000000000001,fly_1,0.01324042670190315,0.00020832991451746766,0.0013647820416311813,0.013312680498033679,5.298671827584489e-06,0.0013553353806702653,13459363.708916184,12423447.11463212,10.96476480559528,10.634298115782533,1
0.9710000000000001,fly_2,0.008310798676759252,-0.002663209278942538,0.001413976780164981,0.00810543705318496,-0.002727040130188114,0.001397131544667152,92848815.43211225,90371825.8151778,27.0703008453044,26.827134211365717,1
0.9720000000000001,fly_1,0.013235931001212889,0.00022047677789668405,0.001354538356628295,0.013310249540286406,1.82434156398737e-05,0.001344052275040555,13571681.232325234,12507434.394115608,11.015501492564372,10.674662704737084,1
0.9720000000000001,fly_2,0.008327631887133532,-0.0026578346829449454,0.00141889579276087,0.00812265197815391,-0.0027234002265534305,0.001404201155207986,92948277.21480024,90356864.72207826,27.086437003672163,26.82933914780348,1
0.9730000000000001,fly_1,0.013229714579614174,0.0002288736810397976,0.001346514382420975,0.013305638818001486,2.7255033044322452e-05,0.0013356992646424018,13705359.9916868,12612608.044956936,11.074554485288362,10.723573159033982,1
0.9730000000000001,fly_2,0.00834633788444086,-0.0026554680506165555,0.001422974922524586,0.008141781126979525,-0.002722716895016046,0.0014101039524516614,92901308.70170455,90215822.6367445,27.084502784608986,26.815516238162502,1
0.9740000000000001,fly_1,0.013234740075297648,0.00023798489364820378,0.0013355376359060417,0.013311363081911309,3.656367845985861e-05,0.0013260537075894636,13663171.926736604,12561973.159633253,11.064998337953156,10.709649583198063,1
0.9740000000000001,fly_2,0.008365676005311795,-0.0026563578039576013,0.0014250811038567974,0.008161516654295372,-0.002725093727694244,0.0014138620064151675,92729272.72345495,89969746.76077044,27.067128434755556,26.788292994832254,1
0.9750000000000001,fly_1,0.013250743760703076,0.0002477472816530273,0.0013210331782892051,0.013327264501755125,4.620875298822607e-05,0.0013133955334131409,13453083.960836869,12366612.24075968,10.98960098432898,10.63702839254139,1
0.9750000000000001,fly_2,0.008384705607067673,-0.0026604013707974255,0.0014246002657472205,0.008180873588439903,-0.0027303449815271877,0.0014150119673062675,92457781.90874621,89641562.39772485,27.037419382031878,26.75051145557979,1
0.9760000000000001,fly_1,0.01327362207342822,0.0002582664934271321,0.001307474696684033,0.013349424618147159,5.640297892088758e-05,0.0013014222845945398,13127658.386404337,12075930.998116747,10.868210129106416,10.525096078901726,1
0.9760000000000001,fly_2,0.008402723923558795,-0.0026670638982815506,0.0014214711754868407,0.008199151922784175,-0.0027379462904552317,0.0014133679078042656,92119550.58734031,89264088.73915145,26.999350723229078,26.706289154663008,1
0.9770000000000001,fly_1,0.01329940674576523,0.00027051020384710566,0.0012986611929813854,0.013374048704112917,6.81767345769989e-05,0.0012940480342017917,12740380.335600052,11736461.83042391,10.72120815442291,10.392264209606232,1
0.9770000000000001,fly_2,0.008419613328049611,-0.0026755893627305617,0.0014157233370886437,0.00821627150089732,-0.0027472470585439943,0.0014087367837281365,91754385.12860927,88875362.0084508,26.957811238814028,26.660464012880478,1
0.9780000000000001,fly_1,0.013324716918321848,0.00028576938212597524,0.001295864561574663,0.013397970236023937,8.289795550135679e-05,0.0012929197913443106,12342919.319024097,11391476.598866796,10.568757355583351,10.256024995151517,1
0.9780000000000001,fly_2,0.008435573349530073,-0.00268491153390321,0.0014076121766134222,0.008232483322747331,-0.0027573332310417238,0.0014012032163433776,91410705.21184826,88518184.48628056,26.918831848396287,26.618564199025233,1
0.9790000000000001,fly_1,0.013347359434589859,0.00030504581080771393,0.0012985432155557305,0.013419216272303379,0.00010165578499538463,0.0012977505992214158,11971034.52275072,11070139.384410737,10.42521700544241,10.128482213269276,1
0.9790000000000001,fly_2,0.00845100604704256,-0.0026937660216852064,0.001398005704906943,0.008248244726552664,-0.0027671028073572657,0.0013915948744408681,91129527.75973749,88224972.37391561,26.887593146010666,26.584845164996924,1
0.9800000000000001,fly_1,0.013366396009896335,0.0003287546396420414,0.0013045627495563044,0.01343704525831226,0.00012494890298433647,0.0013064178426686684,11644273.546572749,10787900.287746763,10.298775934267905,10.016310043202505,1
0.9800000000000001,fly_2,0.008466448252568676,-0.0027012907602285306,0.001388439907283026,0.008264133761056901,-0.002775811528758787,0.0013815815147036163,90911968.38649122,87988935.30699198,26.864296452581392,26.558491055199642,1
0.9810000000000001,fly_1,0.013382031374920266,0.00035648394717289534,0.0013111386759012231,0.01345179483647751,0.00015242325698902476,0.0013160202862926567,11366788.945848648,10547095.229181647,10.191503353062433,9.920786362410986,1
0.9810000000000001,fly_2,0.00848152923487372,-0.002706091704624219,0.0013791092240810474,0.008279794621838171,-0.002782093178282694,0.0013714634493054922,90830420.80745468,87873459.87297279,26.85812101058779,26.547826772667296,1
0.9820000000000001,fly_1,0.013395247076250748,0.00038697112038162736,0.0013152939177573089,0.01346451078005425,0.00018284130520646784,0.001323361994278794,11133359.75203522,10342306.163900705,10.101602622967985,9.839890109857885,1
0.9820000000000001,fly_2,0.00849567998809353,-0.0027066094516687922,0.0013694263441989124,0.008294667607056461,-0.0027843902243181303,0.0013607251923980883,90990262.6569741,87974335.70951363,26.882370314552286,26.565394069439446,1
0.9830000000000001,fly_1,0.013407505304247344,0.00041825249898623637,0.001314727203621147,0.013476638905733007,0.00021422270024806336,0.0013258592447306173,10931572.244561851,10162375.794975236,10.024211339650838,9.769082690831468,1
0.9830000000000001,fly_2,0.00850793010130943,-0.002702186207518703,0.0013589054948474992,0.008307732646602986,-0.0027819125153277424,0.0013490957578999765,91449897.20111361,88345877.76987585,26.944184621526254,26.61813538367081,1
0.9840000000000001,fly_1,0.013420168436484251,0.00044803651611140846,0.001308297828681675,0.013489474995539676,0.000244225402877247,0.0013220516267363758,10748114.603070885,9995891.84311756,9.95397067409299,9.70361681694135,1
0.9840000000000001,fly_2,0.008515749205663852,-0.0026949729658259187,0.001349175253919296,0.008316220254737623,-0.0027762516832457304,0.0013385214375303224,92066385.15175387,88872199.37678929,27.025195699198456,26.690636954521,1
0.9850000000000001,fly_1,0.013434345396216182,0.00047409673584110405,0.0012962046402980616,0.013503976232139074,0.00027054402361794235,0.0013119962837228243,10569626.452361815,9831841.068847477,9.885393400106137,9.638829978424857,1
0.9850000000000001,fly_2,0.008523679858399007,-0.0026964058090468796,0.0013381845199179057,0.00832435293974945,-0.002778301740913807,0.0013285216108268785,92240253.02384388,88984127.31606475,27.050695596747136,26.709290921008453,1
0.9860000000000001,fly_1,0.013450878504535978,0.0004946188711385025,0.0012800085186725142,0.013520778378168901,0.00029128073032500245,0.001297304302071693,10382305.482553422,9658959.946816284,9.812707954087877,9.569873386050158,1
0.9860000000000001,fly_2,0.00853209425331362,-0.0027089723751897595,0.0013237123661514858,0.00833251868721412,-0.002790488615960729,0.0013162135746879243,91884393.67166895,88619748.45311442,27.010171663899726,26.66631626272424,1
0.9870000000000001,fly_1,0.0134702176897232,0.000508421880507533,0.0012622843841732165,0.013540120782282915,0.000305183046610359,0.001280698238019863,10174533.55944481,9467972.272051075,9.730958711972956,9.49267545413021,1
0.9870000000000001,fly_2,0.008539203947869528,-0.002732178392770712,0.0013068645449802942,0.008339022024840258,-0.002812363364602593,0.001301469737161267,91002246.00014023,87809876.75662383,26.903386743077164,26.565083491057322,1
0.9880000000000001,fly_1,0.013492503163998833,0.0005151969450896371,0.0012459465230930417,0.013561997754729327,0.00031190175028023926,0.0012652623609829884,9937754.2254305,9251925.31257341,9.636385294911026,9.404096129758607,1
0.9880000000000001,fly_2,0.008544751290266626,-0.0027651494701940327,0.0012883075340921596,0.00834365288075498,-0.0028431214450918576,0.0012849405192125085,89629729.06357896,86585038.7829189,26.733152362954062,26.408175887412565,1
0.9890000000000001,fly_1,0.01351755806347927,0.0005154262439934705,0.001233682197617548,0.013586165013503222,0.00031191646174053245,0.0012538908814577548,9668280.1759236,9007652.17780801,9.527208794435907,9.302578213924651,1
0.9890000000000001,fly_2,0.008549619863427425,-0.002806538164749078,0.0012668977428518036,0.008347421507198678,-0.002881673283822205,0.0012654574001700646,87872923.0227232,85031356.29092732,26.510595324789122,26.20505752776637,1
0.9900000000000001,fly_1,0.013544721368316763,0.0005104345644463801,0.0012272220889777306,0.013612036779077158,0.0003066125959426055,0.0012485944214706158,9370773.650643475,8738301.19901684,9.40517410080595,9.189296914694033,1
0.9900000000000001,fly_2,0.008555190047413317,-0.00285450326556418,0.0012406079281464693,0.008351862008497097,-0.0029265386459342516,0.0012409933269054293,85877205.06292292,83266519.58482717,26.252226596101245,25.969643579775642,1
0.991,fly_1,0.013572949870288521,0.0005018124522461339,0.0012272685084462386,0.013638711060570246,0.0002976495415298107,0.0012501706416951288,9056652.361175958,8453312.484668193,9.274977183961528,9.068232804366817,1
0.991,fly_2,0.008563893495149152,-0.002904879394631584,0.001210893550170147,0.008359570383137066,-0.0029739909523306537,0.0012135757986457133,83812583.62082663,81420705.84733307,25.97903441801632,25.71843147997448,1
0.992,fly_1,0.013601015776826429,0.0004909137100599291,0.001233776318854715,0.01366506897587819,0.0002864020059363938,0.0012583463521168817,8740373.877751727,8166136.640934365,9.142760411937576,8.945252164175507,1
0.992,fly_2,0.008575921200505652,-0.0029565787584413393,0.0011748233684032651,0.008370837716691459,-0.0030232851252436515,0.0011795732380276754,81787684.77407326,79593683.07138033,25.705320321812195,25.46486934517423,1
0.993,fly_1,0.013627447961082919,0.000478965299132742,0.0012458749863653073,0.013689741215371408,0.00027409440907898966,0.0012719327077836036,8439243.1037203,7893152.4303451255,9.01608668412135,8.827688407602647,1
0.993,fly_2,0.008592027147945889,-0.0030077212098261123,0.0011303897055879675,0.008386495356816475,-0.003072912608351044,0.001136578434074467,79911122.7364794,77878525.37120008,25.446683075240763,25.22254148042317,1
0.994,fly_1,0.01365074216383957,0.00046692748804340176,0.0012621526191309955,0.013711317186994384,0.0002616818693875882,0.0012892900206124738,8170057.092599958,7650074.335319672,8.902495495276835,8.722754747391612,1
0.994,fly_2,0.008613591902447369,-0.003052158990239683,0.0010830453670190694,0.00840797641091841,-0.0031168887559066163,0.0010910368028594132,78353972.1393143,76416407.32366809,25.229013927128708,25.013196650593166,1
0.995,fly_1,0.013669600771742268,0.0004553746976849654,0.00128089113036438,0.013728571906537958,0.0002497263662082862,0.0013085082444161266,7946512.849836808,7449784.524175661,8.808317565720644,8.636525361704736,1
0.995,fly_2,0.008643118821207284,-0.003079622406325991,0.001045549615971776,0.008437882013094361,-0.003145019257921549,0.0010570665758044934,77378904.58479655,75439040.52525322,25.093072520177902,24.873400441174617,1
0.996,fly_1,0.013683246066870259,0.00044441773049352224,0.001300435248766802,0.013740756911594964,0.00023832941726691198,0.0013278514092792094,7776331.236804477,7299632.162319168,8.737310940507244,8.572631284266532,1
0.996,fly_2,0.008677601961638796,-0.0030912340067697744,0.0010199835384262443,0.008473130064902521,-0.003158103511768952,0.001035834365313692,76930024.05843711,74920138.67567426,25.033335525780945,24.80151957138375,1
0.997,fly_1,0.013691592428215259,0.00043374497695168845,0.0013193667268604442,0.013747770289386427,0.0002271746412402682,0.001345905006478476,7660476.07234818,7200749.9319229815,8.690211116170223,8.53185864279126,1
0.997,fly_2,0.00871221986797698,-0.0030924621630362263,0.0010037382834529897,0.008508706584485468,-0.0031611295947698813,0.001023704836194725,76829954.01020998,74721355.12950262,25.024812840159203,24.777799228473945,1
0.998,fly_1,0.013695638133753574,0.00042268907756159334,0.0013369950090783872,0.013750541284384802,0.0002155919246972343,0.0013620539255158903,7589238.686085723,7144410.036991658,8.662903214985885,8.51041503814581,1
0.998,fly_2,0.008740923654350318,-0.003090430887312331,0.0009944332994592305,0.008538267776631442,-0.003160590808549737,0.001017665101901853,76821554.29380882,74629851.30652277,25.029792375516013,24.770299834546268,1
0.999,fly_1,0.013696711645113564,0.0004105650441174657,0.001352692789980701,0.013750326879259655,0.00020290250268805273,0.0013757841632901831,7550905.156788667,7119876.242232509,8.650271523358006,8.503497882981113,1
0.999,fly_2,0.0087593224248052,-0.0030914696506177397,0.0009906473876610958,0.008557157010899222,-0.003162357553496254,0.0010158582308142168,76654281.6150589,74432303.14645761,25.01129881859457,24.746660409430017,1
